as_of_date,ts_code,stock_name,industry_code,industry_name,industry_level,window,observations,direction_observations,same_direction_days,same_up_days,same_down_days,opposite_direction_days,neutral_days,same_direction_ratio,data_quality,missing_reason,latest_stock_date,latest_industry_date
20260918,301688.SZ,格林生物,801034.SI,化学制品,L2,20,13,0,,,,,,,insufficient_history,requires 20 aligned returns but found 13,20260918,20260918
20260918,601123.SH,马矿股份,801043.SI,冶钢原料,L2,20,14,0,,,,,,,insufficient_history,requires 20 aligned returns but found 14,20260918,20260918
20260918,920071.BJ,金钛股份,801054.SI,小金属,L2,20,12,0,,,,,,,insufficient_history,requires 20 aligned returns but found 12,20260918,20260918
20260918,301689.SZ,电科思仪,801072.SI,通用设备,L2,20,7,0,,,,,,,insufficient_history,requires 20 aligned returns but found 7,20260918,20260918
20260918,688835.SH,高凯技术,801078.SI,自动化设备,L2,20,19,0,,,,,,,insufficient_history,requires 20 aligned returns but found 19,20260918,20260918
20260918,688801.SH,燧原科技,801081.SI,半导体,L2,20,6,0,,,,,,,insufficient_history,requires 20 aligned returns but found 6,20260918,20260918
20260918,603448.SH,天博智能,801093.SI,汽车零部件,L2,20,10,0,,,,,,,insufficient_history,requires 20 aligned returns but found 10,20260918,20260918
20260918,920288.BJ,华大海天,801143.SI,造纸,L2,20,16,0,,,,,,,insufficient_history,requires 20 aligned returns but found 16,20260918,20260918
20260918,688837.SH,C信诺维,801152.SI,生物制品,L2,20,3,0,,,,,,,insufficient_history,requires 20 aligned returns but found 3,20260918,20260918
20260918,301697.SZ,贝特利,801735.SI,光伏设备,L2,20,14,0,,,,,,,insufficient_history,requires 20 aligned returns but found 14,20260918,20260918
20260918,301699.SZ,洛轴股份,801736.SI,风电设备,L2,20,8,0,,,,,,,insufficient_history,requires 20 aligned returns but found 8,20260918,20260918
20260918,000592.SZ,平潭发展,801011.SI,林业Ⅱ,L2,20,0,0,,,,,,,missing_industry_index,no cached industry index return data,20260918,
20260918,000663.SZ,永安林业,801011.SI,林业Ⅱ,L2,20,0,0,,,,,,,missing_industry_index,no cached industry index return data,20260918,
20260918,002679.SZ,福建金森,801011.SI,林业Ⅱ,L2,20,0,0,,,,,,,missing_industry_index,no cached industry index return data,20260918,
20260918,002556.SZ,辉隆股份,801019.SI,农业综合Ⅱ,L2,20,0,0,,,,,,,missing_industry_index,no cached industry index return data,20260918,
20260918,300021.SZ,大禹节水,801019.SI,农业综合Ⅱ,L2,20,0,0,,,,,,,missing_industry_index,no cached industry index return data,20260918,
20260918,920964.BJ,润农节水,801019.SI,农业综合Ⅱ,L2,20,0,0,,,,,,,missing_industry_index,no cached industry index return data,20260918,
20260918,002614.SZ,奥佳华,801117.SI,其他家电Ⅱ,L2,20,0,0,,,,,,,missing_industry_index,no cached industry index return data,20260918,
20260918,300247.SZ,融捷健康,801117.SI,其他家电Ⅱ,L2,20,0,0,,,,,,,missing_industry_index,no cached industry index return data,20260918,
20260918,603579.SH,荣泰健康,801117.SI,其他家电Ⅱ,L2,20,0,0,,,,,,,missing_industry_index,no cached industry index return data,20260918,
20260918,600185.SH,珠免集团,801207.SI,旅游零售Ⅱ,L2,20,0,0,,,,,,,missing_industry_index,no cached industry index return data,20260918,
20260918,601888.SH,中国中免,801207.SI,旅游零售Ⅱ,L2,20,0,0,,,,,,,missing_industry_index,no cached industry index return data,20260918,
20260918,002858.SZ,力盛体育,801216.SI,体育Ⅱ,L2,20,0,0,,,,,,,missing_industry_index,no cached industry index return data,20260918,
20260918,600158.SH,中体产业,801216.SI,体育Ⅱ,L2,20,0,0,,,,,,,missing_industry_index,no cached industry index return data,20260918,
20260918,000968.SZ,蓝焰控股,801961.SI,油气开采Ⅱ,L2,20,0,0,,,,,,,missing_industry_index,no cached industry index return data,20260918,
20260918,600777.SH,新潮能源,801961.SI,油气开采Ⅱ,L2,20,0,0,,,,,,,missing_industry_index,no cached industry index return data,20260918,
20260918,600938.SH,中国海油,801961.SI,油气开采Ⅱ,L2,20,0,0,,,,,,,missing_industry_index,no cached industry index return data,20260918,
20260918,300896.SZ,爱美客,801983.SI,医疗美容,L2,20,0,0,,,,,,,missing_industry_index,no cached industry index return data,20260918,
20260918,688363.SH,华熙生物,801983.SI,医疗美容,L2,20,0,0,,,,,,,missing_industry_index,no cached industry index return data,20260918,
20260918,920982.BJ,锦波生物,801983.SI,医疗美容,L2,20,0,0,,,,,,,missing_industry_index,no cached industry index return data,20260918,
20260918,000798.SZ,中水渔业,801015.SI,渔业,L2,20,20,20,20.0,11.0,9.0,0.0,0.0,1.0,ok,,20260918,20260918
20260918,600467.SH,好当家,801015.SI,渔业,L2,20,20,20,20.0,11.0,9.0,0.0,0.0,1.0,ok,,20260918,20260918
20260918,000898.SZ,鞍钢股份,801044.SI,普钢,L2,20,20,16,16.0,7.0,9.0,0.0,4.0,1.0,ok,,20260918,20260918
20260918,600022.SH,山东钢铁,801044.SI,普钢,L2,20,20,15,15.0,7.0,8.0,0.0,5.0,1.0,ok,,20260918,20260918
20260918,600782.SH,新钢股份,801044.SI,普钢,L2,20,20,17,17.0,9.0,8.0,0.0,3.0,1.0,ok,,20260918,20260918
20260918,601005.SH,重庆钢铁,801044.SI,普钢,L2,20,20,12,12.0,7.0,5.0,0.0,8.0,1.0,ok,,20260918,20260918
20260918,000630.SZ,铜陵有色,801055.SI,工业金属,L2,20,20,18,18.0,8.0,10.0,0.0,2.0,1.0,ok,,20260918,20260918
20260918,000758.SZ,中色股份,801055.SI,工业金属,L2,20,20,19,19.0,9.0,10.0,0.0,1.0,1.0,ok,,20260918,20260918
20260918,000933.SZ,神火股份,801055.SI,工业金属,L2,20,20,20,20.0,10.0,10.0,0.0,0.0,1.0,ok,,20260918,20260918
20260918,600595.SH,中孚实业,801055.SI,工业金属,L2,20,20,18,18.0,8.0,10.0,0.0,2.0,1.0,ok,,20260918,20260918
20260918,601600.SH,中国铝业,801055.SI,工业金属,L2,20,20,20,20.0,10.0,10.0,0.0,0.0,1.0,ok,,20260918,20260918
20260918,002931.SZ,锋龙股份,801072.SI,通用设备,L2,20,20,20,20.0,9.0,11.0,0.0,0.0,1.0,ok,,20260918,20260918
20260918,300503.SZ,昊志机电,801072.SI,通用设备,L2,20,20,20,20.0,9.0,11.0,0.0,0.0,1.0,ok,,20260918,20260918
20260918,301261.SZ,恒工精密,801072.SI,通用设备,L2,20,20,20,20.0,9.0,11.0,0.0,0.0,1.0,ok,,20260918,20260918
20260918,301413.SZ,安培龙,801072.SI,通用设备,L2,20,20,20,20.0,9.0,11.0,0.0,0.0,1.0,ok,,20260918,20260918
20260918,688125.SH,安达智能,801078.SI,自动化设备,L2,20,20,20,20.0,9.0,11.0,0.0,0.0,1.0,ok,,20260918,20260918
20260918,688079.SH,美迪凯,801084.SI,光学光电子,L2,20,20,20,20.0,9.0,11.0,0.0,0.0,1.0,ok,,20260918,20260918
20260918,688322.SH,奥比中光-W,801084.SI,光学光电子,L2,20,20,20,20.0,9.0,11.0,0.0,0.0,1.0,ok,,20260918,20260918
20260918,300047.SZ,天源迪科,801104.SI,软件开发,L2,20,20,20,20.0,10.0,10.0,0.0,0.0,1.0,ok,,20260918,20260918
20260918,002067.SZ,景兴纸业,801143.SI,造纸,L2,20,20,19,19.0,10.0,9.0,0.0,1.0,1.0,ok,,20260918,20260918
20260918,688180.SH,君实生物,801152.SI,生物制品,L2,20,20,20,20.0,10.0,10.0,0.0,0.0,1.0,ok,,20260918,20260918
20260918,000989.SZ,九芝堂,801155.SI,中药Ⅱ,L2,20,20,18,18.0,9.0,9.0,0.0,2.0,1.0,ok,,20260918,20260918
20260918,601059.SH,信达证券,801193.SI,证券Ⅱ,L2,20,20,16,16.0,8.0,8.0,0.0,4.0,1.0,ok,,20260918,20260918
20260918,601198.SH,东兴证券,801193.SI,证券Ⅱ,L2,20,20,16,16.0,8.0,8.0,0.0,4.0,1.0,ok,,20260918,20260918
20260918,600585.SH,海螺水泥,801711.SI,水泥,L2,20,20,19,19.0,11.0,8.0,0.0,1.0,1.0,ok,,20260918,20260918
20260918,003021.SZ,兆威机电,801731.SI,电机Ⅱ,L2,20,20,20,20.0,9.0,11.0,0.0,0.0,1.0,ok,,20260918,20260918
20260918,600879.SH,航天电子,801741.SI,航天装备Ⅱ,L2,20,20,19,19.0,8.0,11.0,0.0,1.0,1.0,ok,,20260918,20260918
20260918,002291.SZ,遥望科技,801765.SI,广告营销,L2,20,20,19,19.0,10.0,9.0,0.0,1.0,1.0,ok,,20260918,20260918
20260918,002400.SZ,省广集团,801765.SI,广告营销,L2,20,20,20,20.0,11.0,9.0,0.0,0.0,1.0,ok,,20260918,20260918
20260918,300805.SZ,电声股份,801765.SI,广告营销,L2,20,20,19,19.0,10.0,9.0,0.0,1.0,1.0,ok,,20260918,20260918
20260918,601288.SH,农业银行,801782.SI,国有大型银行Ⅱ,L2,20,20,19,19.0,11.0,8.0,0.0,1.0,1.0,ok,,20260918,20260918
20260918,601939.SH,建设银行,801782.SI,国有大型银行Ⅱ,L2,20,20,19,19.0,12.0,7.0,0.0,1.0,1.0,ok,,20260918,20260918
20260918,601916.SH,浙商银行,801783.SI,股份制银行Ⅱ,L2,20,20,15,15.0,7.0,8.0,0.0,5.0,1.0,ok,,20260918,20260918
20260918,601229.SH,上海银行,801784.SI,城商行Ⅱ,L2,20,20,18,18.0,8.0,10.0,0.0,2.0,1.0,ok,,20260918,20260918
20260918,601838.SH,成都银,801784.SI,城商行Ⅱ,L2,20,20,19,19.0,9.0,10.0,0.0,1.0,1.0,ok,,20260918,20260918
20260918,002958.SZ,青农商行,801785.SI,农商行Ⅱ,L2,20,20,16,16.0,8.0,8.0,0.0,4.0,1.0,ok,,20260918,20260918
20260918,603323.SH,苏农银行,801785.SI,农商行Ⅱ,L2,20,20,19,19.0,9.0,10.0,0.0,1.0,1.0,ok,,20260918,20260918
20260918,600395.SH,盘江股份,801951.SI,煤炭开采,L2,20,20,19,19.0,7.0,12.0,0.0,1.0,1.0,ok,,20260918,20260918
20260918,002210.SZ,飞马国际,801971.SI,环境治理,L2,20,20,18,18.0,9.0,9.0,0.0,2.0,1.0,ok,,20260918,20260918
20260918,301551.SZ,无线传媒,801995.SI,电视广播Ⅱ,L2,20,20,20,20.0,11.0,9.0,0.0,0.0,1.0,ok,,20260918,20260918
20260918,002069.SZ,獐子岛,801015.SI,渔业,L2,20,20,20,19.0,11.0,8.0,1.0,0.0,0.95,ok,,20260918,20260918
20260918,600097.SH,开创国际,801015.SI,渔业,L2,20,20,20,19.0,11.0,8.0,1.0,0.0,0.95,ok,,20260918,20260918
20260918,600108.SH,亚盛集团,801016.SI,种植业,L2,20,20,20,19.0,12.0,7.0,1.0,0.0,0.95,ok,,20260918,20260918
20260918,600313.SH,农发种业,801016.SI,种植业,L2,20,20,20,19.0,12.0,7.0,1.0,0.0,0.95,ok,,20260918,20260918
20260918,920970.BJ,大禹生物,801018.SI,动物保健Ⅱ,L2,20,20,20,19.0,8.0,11.0,1.0,0.0,0.95,ok,,20260918,20260918
20260918,600569.SH,安阳钢铁,801044.SI,普钢,L2,20,20,20,19.0,9.0,10.0,1.0,0.0,0.95,ok,,20260918,20260918
20260918,300835.SZ,龙磁科技,801051.SI,金属新材料,L2,20,20,20,19.0,8.0,11.0,1.0,0.0,0.95,ok,,20260918,20260918
20260918,301141.SZ,中科磁业,801051.SI,金属新材料,L2,20,20,20,19.0,8.0,11.0,1.0,0.0,0.95,ok,,20260918,20260918
20260918,001337.SZ,四川黄金,801053.SI,贵金属,L2,20,20,20,19.0,7.0,12.0,1.0,0.0,0.95,ok,,20260918,20260918
20260918,300139.SZ,晓程科技,801053.SI,贵金属,L2,20,20,20,19.0,7.0,12.0,1.0,0.0,0.95,ok,,20260918,20260918
20260918,002167.SZ,东方锆业,801054.SI,小金属,L2,20,20,20,19.0,9.0,10.0,1.0,0.0,0.95,ok,,20260918,20260918
20260918,002379.SZ,宏桥控股,801055.SI,工业金属,L2,20,20,20,19.0,9.0,10.0,1.0,0.0,0.95,ok,,20260918,20260918
20260918,601020.SH,华钰矿业,801055.SI,工业金属,L2,20,20,20,19.0,9.0,10.0,1.0,0.0,0.95,ok,,20260918,20260918
20260918,002460.SZ,赣锋锂业,801056.SI,能源金属,L2,20,20,20,19.0,10.0,9.0,1.0,0.0,0.95,ok,,20260918,20260918
20260918,300007.SZ,汉威科技,801072.SI,通用设备,L2,20,20,20,19.0,9.0,10.0,1.0,0.0,0.95,ok,,20260918,20260918
20260918,300946.SZ,恒而达,801072.SI,通用设备,L2,20,20,20,19.0,8.0,11.0,1.0,0.0,0.95,ok,,20260918,20260918
20260918,301368.SZ,丰立智能,801072.SI,通用设备,L2,20,20,20,19.0,8.0,11.0,1.0,0.0,0.95,ok,,20260918,20260918
20260918,301596.SZ,瑞迪智驱,801072.SI,通用设备,L2,20,20,20,19.0,9.0,10.0,1.0,0.0,0.95,ok,,20260918,20260918
20260918,603662.SH,柯力传感,801072.SI,通用设备,L2,20,20,20,19.0,9.0,10.0,1.0,0.0,0.95,ok,,20260918,20260918
20260918,688056.SH,莱伯泰科,801072.SI,通用设备,L2,20,20,20,19.0,8.0,11.0,1.0,0.0,0.95,ok,,20260918,20260918
20260918,688577.SH,浙海德曼,801072.SI,通用设备,L2,20,20,20,19.0,8.0,11.0,1.0,0.0,0.95,ok,,20260918,20260918
20260918,002009.SZ,天奇股份,801074.SI,专用设备,L2,20,20,20,19.0,8.0,11.0,1.0,0.0,0.95,ok,,20260918,20260918
20260918,301568.SZ,思泰克,801078.SI,自动化设备,L2,20,20,20,19.0,9.0,10.0,1.0,0.0,0.95,ok,,20260918,20260918
20260918,002371.SZ,北方华创,801081.SI,半导体,L2,20,20,20,19.0,7.0,12.0,1.0,0.0,0.95,ok,,20260918,20260918
20260918,688691.SH,灿芯股份,801081.SI,半导体,L2,20,20,20,19.0,7.0,12.0,1.0,0.0,0.95,ok,,20260918,20260918
20260918,688981.SH,中芯国际,801081.SI,半导体,L2,20,20,20,19.0,7.0,12.0,1.0,0.0,0.95,ok,,20260918,20260918
20260918,600353.SH,旭光电子,801082.SI,其他电子Ⅱ,L2,20,20,20,19.0,7.0,12.0,1.0,0.0,0.95,ok,,20260918,20260918
20260918,603933.SH,睿能科技,801082.SI,其他电子Ⅱ,L2,20,20,20,19.0,7.0,12.0,1.0,0.0,0.95,ok,,20260918,20260918
20260918,688662.SH,富信科技,801082.SI,其他电子Ⅱ,L2,20,20,20,19.0,7.0,12.0,1.0,0.0,0.95,ok,,20260918,20260918
20260918,002463.SZ,沪电股份,801083.SI,元件,L2,20,20,20,19.0,11.0,8.0,1.0,0.0,0.95,ok,,20260918,20260918
20260918,002916.SZ,深南电路,801083.SI,元件,L2,20,20,20,19.0,11.0,8.0,1.0,0.0,0.95,ok,,20260918,20260918
20260918,605258.SH,协和电子,801083.SI,元件,L2,20,20,20,19.0,12.0,7.0,1.0,0.0,0.95,ok,,20260918,20260918
20260918,300576.SZ,容大感光,801086.SI,电子化学品Ⅱ,L2,20,20,20,19.0,7.0,12.0,1.0,0.0,0.95,ok,,20260918,20260918
20260918,301319.SZ,唯特偶,801086.SI,电子化学品Ⅱ,L2,20,20,20,19.0,7.0,12.0,1.0,0.0,0.95,ok,,20260918,20260918
20260918,301488.SZ,豪恩汽电,801093.SI,汽车零部件,L2,20,20,20,19.0,9.0,10.0,1.0,0.0,0.95,ok,,20260918,20260918
20260918,002594.SZ,比亚迪,801095.SI,乘用车,L2,20,20,20,19.0,10.0,9.0,1.0,0.0,0.95,ok,,20260918,20260918
20260918,603019.SH,中科曙光,801101.SI,计算机设备,L2,20,20,20,19.0,7.0,12.0,1.0,0.0,0.95,ok,,20260918,20260918
20260918,300768.SZ,迪普科技,801104.SI,软件开发,L2,20,20,20,19.0,9.0,10.0,1.0,0.0,0.95,ok,,20260918,20260918
20260918,688030.SH,山石网科,801104.SI,软件开发,L2,20,20,20,19.0,10.0,9.0,1.0,0.0,0.95,ok,,20260918,20260918
20260918,002050.SZ,三花智控,801116.SI,家电零部件Ⅱ,L2,20,20,20,19.0,8.0,11.0,1.0,0.0,0.95,ok,,20260918,20260918
20260918,001215.SZ,千味央厨,801124.SI,食品加工,L2,20,20,20,19.0,9.0,10.0,1.0,0.0,0.95,ok,,20260918,20260918
20260918,001312.SZ,福恩股份,801131.SI,纺织制造,L2,20,20,20,19.0,11.0,8.0,1.0,0.0,0.95,ok,,20260918,20260918
20260918,000910.SZ,大亚圣象,801142.SI,家居用品,L2,20,20,20,19.0,11.0,8.0,1.0,0.0,0.95,ok,,20260918,20260918
20260918,301113.SZ,雅艺科技,801142.SI,家居用品,L2,20,20,20,19.0,11.0,8.0,1.0,0.0,0.95,ok,,20260918,20260918
20260918,600103.SH,青山纸业,801143.SI,造纸,L2,20,20,20,19.0,9.0,10.0,1.0,0.0,0.95,ok,,20260918,20260918
20260918,001238.SZ,浙江正特,801145.SI,文娱用品,L2,20,20,20,19.0,10.0,9.0,1.0,0.0,0.95,ok,,20260918,20260918
20260918,002103.SZ,广博股份,801145.SI,文娱用品,L2,20,20,20,19.0,10.0,9.0,1.0,0.0,0.95,ok,,20260918,20260918
20260918,000566.SZ,海南海药,801151.SI,化学制药,L2,20,20,20,19.0,10.0,9.0,1.0,0.0,0.95,ok,,20260918,20260918
20260918,003020.SZ,立方制药,801151.SI,化学制药,L2,20,20,20,19.0,10.0,9.0,1.0,0.0,0.95,ok,,20260918,20260918
20260918,300267.SZ,尔康制药,801151.SI,化学制药,L2,20,20,20,19.0,10.0,9.0,1.0,0.0,0.95,ok,,20260918,20260918
20260918,300009.SZ,安科生物,801152.SI,生物制品,L2,20,20,20,19.0,9.0,10.0,1.0,0.0,0.95,ok,,20260918,20260918
20260918,603087.SH,甘李药业,801152.SI,生物制品,L2,20,20,20,19.0,9.0,10.0,1.0,0.0,0.95,ok,,20260918,20260918
20260918,603590.SH,康辰药业,801152.SI,生物制品,L2,20,20,20,19.0,10.0,9.0,1.0,0.0,0.95,ok,,20260918,20260918
20260918,688185.SH,康希诺,801152.SI,生物制品,L2,20,20,20,19.0,9.0,10.0,1.0,0.0,0.95,ok,,20260918,20260918
20260918,300358.SZ,楚天科技,801153.SI,医疗器械,L2,20,20,20,19.0,9.0,10.0,1.0,0.0,0.95,ok,,20260918,20260918
20260918,688575.SH,亚辉龙,801153.SI,医疗器械,L2,20,20,20,19.0,9.0,10.0,1.0,0.0,0.95,ok,,20260918,20260918
20260918,600833.SH,第一医药,801154.SI,医药商业,L2,20,20,20,19.0,10.0,9.0,1.0,0.0,0.95,ok,,20260918,20260918
20260918,300039.SZ,上海凯宝,801155.SI,中药Ⅱ,L2,20,20,20,19.0,9.0,10.0,1.0,0.0,0.95,ok,,20260918,20260918
20260918,301509.SZ,金凯生科,801156.SI,医疗服务,L2,20,20,20,19.0,8.0,11.0,1.0,0.0,0.95,ok,,20260918,20260918
20260918,603259.SH,药明康德,801156.SI,医疗服务,L2,20,20,20,19.0,8.0,11.0,1.0,0.0,0.95,ok,,20260918,20260918
20260918,001236.SZ,弘业期货,801191.SI,多元金融,L2,20,20,20,19.0,9.0,10.0,1.0,0.0,0.95,ok,,20260918,20260918
20260918,300773.SZ,拉卡拉,801191.SI,多元金融,L2,20,20,20,19.0,8.0,11.0,1.0,0.0,0.95,ok,,20260918,20260918
20260918,600318.SH,新力金融,801191.SI,多元金融,L2,20,20,20,19.0,9.0,10.0,1.0,0.0,0.95,ok,,20260918,20260918
20260918,600816.SH,建元信托,801191.SI,多元金融,L2,20,20,20,19.0,9.0,10.0,1.0,0.0,0.95,ok,,20260918,20260918
20260918,600927.SH,永安期货,801191.SI,多元金融,L2,20,20,20,19.0,9.0,10.0,1.0,0.0,0.95,ok,,20260918,20260918
20260918,601066.SH,中信建投,801193.SI,证券Ⅱ,L2,20,20,20,19.0,9.0,10.0,1.0,0.0,0.95,ok,,20260918,20260918
20260918,600865.SH,百大集团,801203.SI,一般零售,L2,20,20,20,19.0,11.0,8.0,1.0,0.0,0.95,ok,,20260918,20260918
20260918,603613.SH,国联股份,801206.SI,互联网电商,L2,20,20,20,19.0,11.0,8.0,1.0,0.0,0.95,ok,,20260918,20260918
20260918,000721.SZ,西安饮食,801219.SI,酒店餐饮,L2,20,20,20,19.0,8.0,11.0,1.0,0.0,0.95,ok,,20260918,20260918
20260918,002081.SZ,金螳螂,801722.SI,装修装饰Ⅱ,L2,20,20,20,19.0,9.0,10.0,1.0,0.0,0.95,ok,,20260918,20260918
20260918,002892.SZ,科力尔,801731.SI,电机Ⅱ,L2,20,20,20,19.0,9.0,10.0,1.0,0.0,0.95,ok,,20260918,20260918
20260918,300870.SZ,欧陆通,801733.SI,其他电源设备Ⅱ,L2,20,20,20,19.0,9.0,10.0,1.0,0.0,0.95,ok,,20260918,20260918
20260918,601698.SH,中国卫通,801741.SI,航天装备Ⅱ,L2,20,20,20,19.0,9.0,10.0,1.0,0.0,0.95,ok,,20260918,20260918
20260918,000519.SZ,中兵红箭,801743.SI,地面兵装Ⅱ,L2,20,20,20,19.0,11.0,8.0,1.0,0.0,0.95,ok,,20260918,20260918
20260918,600435.SH,北方导航,801743.SI,地面兵装Ⅱ,L2,20,20,20,19.0,11.0,8.0,1.0,0.0,0.95,ok,,20260918,20260918
20260918,601606.SH,长城军工,801743.SI,地面兵装Ⅱ,L2,20,20,20,19.0,12.0,7.0,1.0,0.0,0.95,ok,,20260918,20260918
20260918,300252.SZ,金信诺,801745.SI,军工电子Ⅱ,L2,20,20,20,19.0,9.0,10.0,1.0,0.0,0.95,ok,,20260918,20260918
20260918,300063.SZ,天龙集团,801765.SI,广告营销,L2,20,20,20,19.0,10.0,9.0,1.0,0.0,0.95,ok,,20260918,20260918
20260918,002905.SZ,金逸影视,801766.SI,影视院线,L2,20,20,20,19.0,11.0,8.0,1.0,0.0,0.95,ok,,20260918,20260918
20260918,000681.SZ,视觉中国,801767.SI,数字媒体,L2,20,20,20,19.0,11.0,8.0,1.0,0.0,0.95,ok,,20260918,20260918
20260918,300148.SZ,天舟文化,801769.SI,出版,L2,20,20,20,19.0,9.0,10.0,1.0,0.0,0.95,ok,,20260918,20260918
20260918,603999.SH,读者传媒,801769.SI,出版,L2,20,20,20,19.0,10.0,9.0,1.0,0.0,0.95,ok,,20260918,20260918
20260918,601398.SH,工商银行,801782.SI,国有大型银行Ⅱ,L2,20,20,20,19.0,12.0,7.0,1.0,0.0,0.95,ok,,20260918,20260918
20260918,601988.SH,中国银行,801782.SI,国有大型银行Ⅱ,L2,20,20,20,19.0,12.0,7.0,1.0,0.0,0.95,ok,,20260918,20260918
20260918,601166.SH,兴业银行,801783.SI,股份制银行Ⅱ,L2,20,20,20,19.0,9.0,10.0,1.0,0.0,0.95,ok,,20260918,20260918
20260918,601077.SH,渝农商行,801785.SI,农商行Ⅱ,L2,20,20,20,19.0,8.0,11.0,1.0,0.0,0.95,ok,,20260918,20260918
20260918,601128.SH,常熟银行,801785.SI,农商行Ⅱ,L2,20,20,20,19.0,9.0,10.0,1.0,0.0,0.95,ok,,20260918,20260918
20260918,601666.SH,平煤股份,801951.SI,煤炭开采,L2,20,20,20,19.0,6.0,13.0,1.0,0.0,0.95,ok,,20260918,20260918
20260918,002493.SZ,荣盛石化,801963.SI,炼化及贸易,L2,20,20,20,19.0,6.0,13.0,1.0,0.0,0.95,ok,,20260918,20260918
20260918,688101.SH,三达膜,801971.SI,环境治理,L2,20,20,20,19.0,10.0,9.0,1.0,0.0,0.95,ok,,20260918,20260918
20260918,603605.SH,珀莱雅,801982.SI,化妆品,L2,20,20,20,19.0,8.0,11.0,1.0,0.0,0.95,ok,,20260918,20260918
20260918,000876.SZ,新希望,801014.SI,饲料,L2,20,20,19,18.0,7.0,11.0,1.0,1.0,0.9473684210526315,ok,,20260918,20260918
20260918,002567.SZ,唐人神,801014.SI,饲料,L2,20,20,19,18.0,8.0,10.0,1.0,1.0,0.9473684210526315,ok,,20260918,20260918
20260918,002312.SZ,川发龙蟒,801038.SI,农化制品,L2,20,20,19,18.0,8.0,10.0,1.0,1.0,0.9473684210526315,ok,,20260918,20260918
20260918,000709.SZ,河钢股份,801044.SI,普钢,L2,20,20,19,18.0,9.0,9.0,1.0,1.0,0.9473684210526315,ok,,20260918,20260918
20260918,300811.SZ,铂科新材,801051.SI,金属新材料,L2,20,20,19,18.0,9.0,9.0,1.0,1.0,0.9473684210526315,ok,,20260918,20260918
20260918,600490.SH,鹏欣资源,801055.SI,工业金属,L2,20,20,19,18.0,10.0,8.0,1.0,1.0,0.9473684210526315,ok,,20260918,20260918
20260918,000837.SZ,秦川机床,801072.SI,通用设备,L2,20,20,19,18.0,8.0,10.0,1.0,1.0,0.9473684210526315,ok,,20260918,20260918
20260918,300817.SZ,双飞集团,801072.SI,通用设备,L2,20,20,19,18.0,8.0,10.0,1.0,1.0,0.9473684210526315,ok,,20260918,20260918
20260918,688320.SH,禾川科技,801078.SI,自动化设备,L2,20,20,19,18.0,8.0,10.0,1.0,1.0,0.9473684210526315,ok,,20260918,20260918
20260918,688220.SH,翱捷科技,801081.SI,半导体,L2,20,20,19,18.0,7.0,11.0,1.0,1.0,0.9473684210526315,ok,,20260918,20260918
20260918,688256.SH,寒武纪,801081.SI,半导体,L2,20,20,19,18.0,7.0,11.0,1.0,1.0,0.9473684210526315,ok,,20260918,20260918
20260918,002126.SZ,银轮股份,801093.SI,汽车零部件,L2,20,20,19,18.0,10.0,8.0,1.0,1.0,0.9473684210526315,ok,,20260918,20260918
20260918,603048.SH,浙江黎明,801093.SI,汽车零部件,L2,20,20,19,18.0,9.0,9.0,1.0,1.0,0.9473684210526315,ok,,20260918,20260918
20260918,000158.SZ,常山北明,801103.SI,IT服务Ⅱ,L2,20,20,19,18.0,7.0,11.0,1.0,1.0,0.9473684210526315,ok,,20260918,20260918
20260918,300250.SZ,初灵信息,801103.SI,IT服务Ⅱ,L2,20,20,19,18.0,6.0,12.0,1.0,1.0,0.9473684210526315,ok,,20260918,20260918
20260918,300525.SZ,博思软件,801104.SI,软件开发,L2,20,20,19,18.0,9.0,9.0,1.0,1.0,0.9473684210526315,ok,,20260918,20260918
20260918,920415.BJ,恒拓开源,801104.SI,软件开发,L2,20,20,19,18.0,10.0,8.0,1.0,1.0,0.9473684210526315,ok,,20260918,20260918
20260918,002702.SZ,海欣食品,801124.SI,食品加工,L2,20,20,19,18.0,9.0,9.0,1.0,1.0,0.9473684210526315,ok,,20260918,20260918
20260918,603198.SH,迎驾贡酒,801125.SI,白酒Ⅱ,L2,20,20,19,18.0,6.0,12.0,1.0,1.0,0.9473684210526315,ok,,20260918,20260918
20260918,002582.SZ,好想你,801128.SI,休闲食品,L2,20,20,19,18.0,10.0,8.0,1.0,1.0,0.9473684210526315,ok,,20260918,20260918
20260918,002042.SZ,华孚时尚,801131.SI,纺织制造,L2,20,20,19,18.0,9.0,9.0,1.0,1.0,0.9473684210526315,ok,,20260918,20260918
20260918,603709.SH,中源家居,801142.SI,家居用品,L2,20,20,19,18.0,10.0,8.0,1.0,1.0,0.9473684210526315,ok,,20260918,20260918
20260918,600267.SH,海正药业,801151.SI,化学制药,L2,20,20,19,18.0,9.0,9.0,1.0,1.0,0.9473684210526315,ok,,20260918,20260918
20260918,000518.SZ,四环生物,801152.SI,生物制品,L2,20,20,19,18.0,9.0,9.0,1.0,1.0,0.9473684210526315,ok,,20260918,20260918
20260918,300289.SZ,利德曼,801153.SI,医疗器械,L2,20,20,19,18.0,9.0,9.0,1.0,1.0,0.9473684210526315,ok,,20260918,20260918
20260918,301370.SZ,国科恒泰,801153.SI,医疗器械,L2,20,20,19,18.0,8.0,10.0,1.0,1.0,0.9473684210526315,ok,,20260918,20260918
20260918,688366.SH,昊海生,801153.SI,医疗器械,L2,20,20,19,18.0,10.0,8.0,1.0,1.0,0.9473684210526315,ok,,20260918,20260918
20260918,605266.SH,健之佳,801154.SI,医药商业,L2,20,20,19,18.0,8.0,10.0,1.0,1.0,0.9473684210526315,ok,,20260918,20260918
20260918,002864.SZ,盘龙药业,801155.SI,中药Ⅱ,L2,20,20,19,18.0,8.0,10.0,1.0,1.0,0.9473684210526315,ok,,20260918,20260918
20260918,000539.SZ,粤电力A,801161.SI,电力,L2,20,20,19,18.0,9.0,9.0,1.0,1.0,0.9473684210526315,ok,,20260918,20260918
20260918,000560.SZ,我爱我家,801183.SI,房地产服务,L2,20,20,19,18.0,10.0,8.0,1.0,1.0,0.9473684210526315,ok,,20260918,20260918
20260918,002423.SZ,中粮资本,801191.SI,多元金融,L2,20,20,19,18.0,9.0,9.0,1.0,1.0,0.9473684210526315,ok,,20260918,20260918
20260918,600390.SH,五矿资本,801191.SI,多元金融,L2,20,20,19,18.0,9.0,9.0,1.0,1.0,0.9473684210526315,ok,,20260918,20260918
20260918,600643.SH,爱建集团,801191.SI,多元金融,L2,20,20,19,18.0,8.0,10.0,1.0,1.0,0.9473684210526315,ok,,20260918,20260918
20260918,000776.SZ,广发证券,801193.SI,证券Ⅱ,L2,20,20,19,18.0,9.0,9.0,1.0,1.0,0.9473684210526315,ok,,20260918,20260918
20260918,600030.SH,中信证券,801193.SI,证券Ⅱ,L2,20,20,19,18.0,9.0,9.0,1.0,1.0,0.9473684210526315,ok,,20260918,20260918
20260918,605108.SH,同庆楼,801219.SI,酒店餐饮,L2,20,20,19,18.0,8.0,10.0,1.0,1.0,0.9473684210526315,ok,,20260918,20260918
20260918,301696.SZ,三瑞智能,801731.SI,电机Ⅱ,L2,20,20,19,18.0,8.0,10.0,1.0,1.0,0.9473684210526315,ok,,20260918,20260918
20260918,300533.SZ,冰川网络,801764.SI,游戏Ⅱ,L2,20,20,19,18.0,8.0,10.0,1.0,1.0,0.9473684210526315,ok,,20260918,20260918
20260918,002995.SZ,天地在线,801765.SI,广告营销,L2,20,20,19,18.0,9.0,9.0,1.0,1.0,0.9473684210526315,ok,,20260918,20260918
20260918,000802.SZ,北京文化,801766.SI,影视院线,L2,20,20,19,18.0,9.0,9.0,1.0,1.0,0.9473684210526315,ok,,20260918,20260918
20260918,002292.SZ,奥飞娱乐,801766.SI,影视院线,L2,20,20,19,18.0,10.0,8.0,1.0,1.0,0.9473684210526315,ok,,20260918,20260918
20260918,002343.SZ,慈文传媒,801766.SI,影视院线,L2,20,20,19,18.0,9.0,9.0,1.0,1.0,0.9473684210526315,ok,,20260918,20260918
20260918,300426.SZ,华智数媒,801766.SI,影视院线,L2,20,20,19,18.0,10.0,8.0,1.0,1.0,0.9473684210526315,ok,,20260918,20260918
20260918,301052.SZ,果麦文化,801769.SI,出版,L2,20,20,19,18.0,9.0,9.0,1.0,1.0,0.9473684210526315,ok,,20260918,20260918
20260918,603096.SH,新经典,801769.SI,出版,L2,20,20,19,18.0,9.0,9.0,1.0,1.0,0.9473684210526315,ok,,20260918,20260918
20260918,601328.SH,交通银行,801782.SI,国有大型银行Ⅱ,L2,20,20,19,18.0,11.0,7.0,1.0,1.0,0.9473684210526315,ok,,20260918,20260918
20260918,600919.SH,江苏银行,801784.SI,城商行Ⅱ,L2,20,20,19,18.0,8.0,10.0,1.0,1.0,0.9473684210526315,ok,,20260918,20260918
20260918,601963.SH,重庆银行,801784.SI,城商行Ⅱ,L2,20,20,19,18.0,9.0,9.0,1.0,1.0,0.9473684210526315,ok,,20260918,20260918
20260918,601997.SH,贵阳银行,801784.SI,城商行Ⅱ,L2,20,20,19,18.0,9.0,9.0,1.0,1.0,0.9473684210526315,ok,,20260918,20260918
20260918,002807.SZ,江阴银行,801785.SI,农商行Ⅱ,L2,20,20,19,18.0,9.0,9.0,1.0,1.0,0.9473684210526315,ok,,20260918,20260918
20260918,688370.SH,丛麟科技,801971.SI,环境治理,L2,20,20,19,18.0,9.0,9.0,1.0,1.0,0.9473684210526315,ok,,20260918,20260918
20260918,000551.SZ,创元科技,801972.SI,环保设备Ⅱ,L2,20,20,19,18.0,7.0,11.0,1.0,1.0,0.9473684210526315,ok,,20260918,20260918
20260918,301009.SZ,可靠股份,801981.SI,个护用品,L2,20,20,19,18.0,10.0,8.0,1.0,1.0,0.9473684210526315,ok,,20260918,20260918
20260918,600115.SH,中国东航,801991.SI,航空机场,L2,20,20,19,18.0,9.0,9.0,1.0,1.0,0.9473684210526315,ok,,20260918,20260918
20260918,000558.SZ,天府文旅,801993.SI,旅游及景区,L2,20,20,19,18.0,11.0,7.0,1.0,1.0,0.9473684210526315,ok,,20260918,20260918
20260918,300859.SZ,西域旅游,801993.SI,旅游及景区,L2,20,20,19,18.0,11.0,7.0,1.0,1.0,0.9473684210526315,ok,,20260918,20260918
20260918,600637.SH,东方明珠,801995.SI,电视广播Ⅱ,L2,20,20,19,18.0,10.0,8.0,1.0,1.0,0.9473684210526315,ok,,20260918,20260918
20260918,000972.SZ,中基健康,801012.SI,农产品加工,L2,20,20,18,17.0,11.0,6.0,1.0,2.0,0.9444444444444444,ok,,20260918,20260918
20260918,300094.SZ,国联水产,801015.SI,渔业,L2,20,20,18,17.0,10.0,7.0,1.0,2.0,0.9444444444444444,ok,,20260918,20260918
20260918,600219.SH,南山铝业,801055.SI,工业金属,L2,20,20,18,17.0,8.0,9.0,1.0,2.0,0.9444444444444444,ok,,20260918,20260918
20260918,603993.SH,洛阳钼业,801055.SI,工业金属,L2,20,20,18,17.0,7.0,10.0,1.0,2.0,0.9444444444444444,ok,,20260918,20260918
20260918,002527.SZ,新时达,801074.SI,专用设备,L2,20,20,18,17.0,7.0,10.0,1.0,2.0,0.9444444444444444,ok,,20260918,20260918
20260918,000625.SZ,长安汽车,801095.SI,乘用车,L2,20,20,18,17.0,7.0,10.0,1.0,2.0,0.9444444444444444,ok,,20260918,20260918
20260918,600166.SH,福田汽车,801096.SI,商用车,L2,20,20,18,17.0,8.0,9.0,1.0,2.0,0.9444444444444444,ok,,20260918,20260918
20260918,300042.SZ,朗科科技,801101.SI,计算机设备,L2,20,20,18,17.0,6.0,11.0,1.0,2.0,0.9444444444444444,ok,,20260918,20260918
20260918,002820.SZ,桂发祥,801128.SI,休闲食品,L2,20,20,18,17.0,10.0,7.0,1.0,2.0,0.9444444444444444,ok,,20260918,20260918
20260918,000017.SZ,深中华A,801133.SI,饰品,L2,20,20,18,17.0,9.0,8.0,1.0,2.0,0.9444444444444444,ok,,20260918,20260918
20260918,000650.SZ,仁和药业,801155.SI,中药Ⅱ,L2,20,20,18,17.0,7.0,10.0,1.0,2.0,0.9444444444444444,ok,,20260918,20260918
20260918,000701.SZ,厦门信达,801202.SI,贸易Ⅱ,L2,20,20,18,17.0,9.0,8.0,1.0,2.0,0.9444444444444444,ok,,20260918,20260918
20260918,300416.SZ,苏试试验,801218.SI,专业服务,L2,20,20,18,17.0,7.0,10.0,1.0,2.0,0.9444444444444444,ok,,20260918,20260918
20260918,002446.SZ,盛路通信,801745.SI,军工电子Ⅱ,L2,20,20,18,17.0,7.0,10.0,1.0,2.0,0.9444444444444444,ok,,20260918,20260918
20260918,601801.SH,皖新传媒,801769.SI,出版,L2,20,20,18,17.0,9.0,8.0,1.0,2.0,0.9444444444444444,ok,,20260918,20260918
20260918,600926.SH,杭州银行,801784.SI,城商行Ⅱ,L2,20,20,18,17.0,9.0,8.0,1.0,2.0,0.9444444444444444,ok,,20260918,20260918
20260918,600928.SH,西安银行,801784.SI,城商行Ⅱ,L2,20,20,18,17.0,8.0,9.0,1.0,2.0,0.9444444444444444,ok,,20260918,20260918
20260918,601009.SH,南京银行,801784.SI,城商行Ⅱ,L2,20,20,18,17.0,7.0,10.0,1.0,2.0,0.9444444444444444,ok,,20260918,20260918
20260918,002839.SZ,张家港行,801785.SI,农商行Ⅱ,L2,20,20,18,17.0,8.0,9.0,1.0,2.0,0.9444444444444444,ok,,20260918,20260918
20260918,600029.SH,南方航空,801991.SI,航空机场,L2,20,20,18,17.0,8.0,9.0,1.0,2.0,0.9444444444444444,ok,,20260918,20260918
20260918,000665.SZ,湖北广电,801995.SI,电视广播Ⅱ,L2,20,20,18,17.0,10.0,7.0,1.0,2.0,0.9444444444444444,ok,,20260918,20260918
20260918,688327.SH,云从科技-UW,801103.SI,IT服务Ⅱ,L2,20,20,17,16.0,7.0,9.0,1.0,3.0,0.9411764705882353,ok,,20260918,20260918
20260918,000950.SZ,重药控股,801154.SI,医药商业,L2,20,20,17,16.0,7.0,9.0,1.0,3.0,0.9411764705882353,ok,,20260918,20260918
20260918,601162.SH,天风证券,801193.SI,证券Ⅱ,L2,20,20,17,16.0,8.0,8.0,1.0,3.0,0.9411764705882353,ok,,20260918,20260918
20260918,601669.SH,中国电建,801723.SI,基础建设,L2,20,20,17,16.0,9.0,7.0,1.0,3.0,0.9411764705882353,ok,,20260918,20260918
20260918,601860.SH,紫金银行,801785.SI,农商行Ⅱ,L2,20,20,17,16.0,7.0,9.0,1.0,3.0,0.9411764705882353,ok,,20260918,20260918
20260918,000717.SZ,中南股份,801044.SI,普钢,L2,20,20,16,15.0,7.0,8.0,1.0,4.0,0.9375,ok,,20260918,20260918
20260918,002302.SZ,西部建设,801711.SI,水泥,L2,20,20,16,15.0,9.0,6.0,1.0,4.0,0.9375,ok,,20260918,20260918
20260918,603815.SH,交建股份,801723.SI,基础建设,L2,20,20,16,15.0,8.0,7.0,1.0,4.0,0.9375,ok,,20260918,20260918
20260918,002936.SZ,郑州银行,801784.SI,城商行Ⅱ,L2,20,20,15,14.0,6.0,8.0,1.0,5.0,0.9333333333333333,ok,,20260918,20260918
20260918,600567.SH,山鹰国际,801143.SI,造纸,L2,20,20,13,12.0,6.0,6.0,1.0,7.0,0.9230769230769231,ok,,20260918,20260918
20260918,000019.SZ,深粮控股,801012.SI,农产品加工,L2,20,20,20,18.0,12.0,6.0,2.0,0.0,0.9,ok,,20260918,20260918
20260918,000505.SZ,京粮控股,801012.SI,农产品加工,L2,20,20,20,18.0,11.0,7.0,2.0,0.0,0.9,ok,,20260918,20260918
20260918,600251.SH,冠农股份,801012.SI,农产品加工,L2,20,20,20,18.0,12.0,6.0,2.0,0.0,0.9,ok,,20260918,20260918
20260918,600737.SH,中粮糖业,801012.SI,农产品加工,L2,20,20,20,18.0,11.0,7.0,2.0,0.0,0.9,ok,,20260918,20260918
20260918,601118.SH,海南橡胶,801016.SI,种植业,L2,20,20,20,18.0,11.0,7.0,2.0,0.0,0.9,ok,,20260918,20260918
20260918,002092.SZ,中泰化学,801033.SI,化学原料,L2,20,20,20,18.0,10.0,8.0,2.0,0.0,0.9,ok,,20260918,20260918
20260918,002407.SZ,多氟多,801034.SI,化学制品,L2,20,20,20,18.0,9.0,9.0,2.0,0.0,0.9,ok,,20260918,20260918
20260918,605366.SH,宏柏新材,801034.SI,化学制品,L2,20,20,20,18.0,10.0,8.0,2.0,0.0,0.9,ok,,20260918,20260918
20260918,603650.SH,彤程新材,801037.SI,橡胶,L2,20,20,20,18.0,9.0,9.0,2.0,0.0,0.9,ok,,20260918,20260918
20260918,000408.SZ,藏格矿业,801038.SI,农化制品,L2,20,20,20,18.0,7.0,11.0,2.0,0.0,0.9,ok,,20260918,20260918
20260918,600808.SH,马钢股份,801044.SI,普钢,L2,20,20,20,18.0,10.0,8.0,2.0,0.0,0.9,ok,,20260918,20260918
20260918,601003.SH,柳钢股份,801044.SI,普钢,L2,20,20,20,18.0,8.0,10.0,2.0,0.0,0.9,ok,,20260918,20260918
20260918,300930.SZ,屹通新材,801051.SI,金属新材料,L2,20,20,20,18.0,8.0,10.0,2.0,0.0,0.9,ok,,20260918,20260918
20260918,603124.SH,江南新材,801051.SI,金属新材料,L2,20,20,20,18.0,8.0,10.0,2.0,0.0,0.9,ok,,20260918,20260918
20260918,688077.SH,大地熊,801051.SI,金属新材料,L2,20,20,20,18.0,8.0,10.0,2.0,0.0,0.9,ok,,20260918,20260918
20260918,002716.SZ,湖南白银,801053.SI,贵金属,L2,20,20,20,18.0,7.0,11.0,2.0,0.0,0.9,ok,,20260918,20260918
20260918,601069.SH,西部黄金,801053.SI,贵金属,L2,20,20,20,18.0,7.0,11.0,2.0,0.0,0.9,ok,,20260918,20260918
20260918,600392.SH,盛和资源,801054.SI,小金属,L2,20,20,20,18.0,10.0,8.0,2.0,0.0,0.9,ok,,20260918,20260918
20260918,600459.SH,贵研铂业,801054.SI,小金属,L2,20,20,20,18.0,8.0,10.0,2.0,0.0,0.9,ok,,20260918,20260918
20260918,600549.SH,厦门钨业,801054.SI,小金属,L2,20,20,20,18.0,8.0,10.0,2.0,0.0,0.9,ok,,20260918,20260918
20260918,603407.SH,长裕集团,801054.SI,小金属,L2,20,20,20,18.0,8.0,10.0,2.0,0.0,0.9,ok,,20260918,20260918
20260918,000060.SZ,中金岭南,801055.SI,工业金属,L2,20,20,20,18.0,8.0,10.0,2.0,0.0,0.9,ok,,20260918,20260918
20260918,000603.SZ,盛达资源,801055.SI,工业金属,L2,20,20,20,18.0,8.0,10.0,2.0,0.0,0.9,ok,,20260918,20260918
20260918,000612.SZ,焦作万方,801055.SI,工业金属,L2,20,20,20,18.0,9.0,9.0,2.0,0.0,0.9,ok,,20260918,20260918
20260918,000737.SZ,北方铜业,801055.SI,工业金属,L2,20,20,20,18.0,8.0,10.0,2.0,0.0,0.9,ok,,20260918,20260918
20260918,000751.SZ,锌业股份,801055.SI,工业金属,L2,20,20,20,18.0,8.0,10.0,2.0,0.0,0.9,ok,,20260918,20260918
20260918,000807.SZ,云铝股份,801055.SI,工业金属,L2,20,20,20,18.0,9.0,9.0,2.0,0.0,0.9,ok,,20260918,20260918
20260918,002532.SZ,天山铝业,801055.SI,工业金属,L2,20,20,20,18.0,9.0,9.0,2.0,0.0,0.9,ok,,20260918,20260918
20260918,600338.SH,西藏珠峰,801055.SI,工业金属,L2,20,20,20,18.0,9.0,9.0,2.0,0.0,0.9,ok,,20260918,20260918
20260918,600531.SH,豫光金铅,801055.SI,工业金属,L2,20,20,20,18.0,8.0,10.0,2.0,0.0,0.9,ok,,20260918,20260918
20260918,601702.SH,华峰铝业,801055.SI,工业金属,L2,20,20,20,18.0,9.0,9.0,2.0,0.0,0.9,ok,,20260918,20260918
20260918,601899.SH,紫金矿业,801055.SI,工业金属,L2,20,20,20,18.0,9.0,9.0,2.0,0.0,0.9,ok,,20260918,20260918
20260918,002466.SZ,天齐锂业,801056.SI,能源金属,L2,20,20,20,18.0,8.0,10.0,2.0,0.0,0.9,ok,,20260918,20260918
20260918,002756.SZ,永兴材料,801056.SI,能源金属,L2,20,20,20,18.0,10.0,8.0,2.0,0.0,0.9,ok,,20260918,20260918
20260918,001306.SZ,夏厦精密,801072.SI,通用设备,L2,20,20,20,18.0,8.0,10.0,2.0,0.0,0.9,ok,,20260918,20260918
20260918,002896.SZ,中大力德,801072.SI,通用设备,L2,20,20,20,18.0,8.0,10.0,2.0,0.0,0.9,ok,,20260918,20260918
20260918,300420.SZ,五洋自控,801072.SI,通用设备,L2,20,20,20,18.0,7.0,11.0,2.0,0.0,0.9,ok,,20260918,20260918
20260918,300421.SZ,力星股份,801072.SI,通用设备,L2,20,20,20,18.0,7.0,11.0,2.0,0.0,0.9,ok,,20260918,20260918
20260918,300718.SZ,长盛轴承,801072.SI,通用设备,L2,20,20,20,18.0,8.0,10.0,2.0,0.0,0.9,ok,,20260918,20260918
20260918,300809.SZ,华辰装备,801072.SI,通用设备,L2,20,20,20,18.0,9.0,9.0,2.0,0.0,0.9,ok,,20260918,20260918
20260918,300990.SZ,同飞股份,801072.SI,通用设备,L2,20,20,20,18.0,8.0,10.0,2.0,0.0,0.9,ok,,20260918,20260918
20260918,301018.SZ,申菱环境,801072.SI,通用设备,L2,20,20,20,18.0,9.0,9.0,2.0,0.0,0.9,ok,,20260918,20260918
20260918,301317.SZ,鑫磊股份,801072.SI,通用设备,L2,20,20,20,18.0,8.0,10.0,2.0,0.0,0.9,ok,,20260918,20260918
20260918,301548.SZ,崇德科技,801072.SI,通用设备,L2,20,20,20,18.0,8.0,10.0,2.0,0.0,0.9,ok,,20260918,20260918
20260918,688001.SH,华兴源,801072.SI,通用设备,L2,20,20,20,18.0,9.0,9.0,2.0,0.0,0.9,ok,,20260918,20260918
20260918,688337.SH,普源精电,801072.SI,通用设备,L2,20,20,20,18.0,7.0,11.0,2.0,0.0,0.9,ok,,20260918,20260918
20260918,688450.SH,光格科技,801072.SI,通用设备,L2,20,20,20,18.0,7.0,11.0,2.0,0.0,0.9,ok,,20260918,20260918
20260918,688628.SH,优利德,801072.SI,通用设备,L2,20,20,20,18.0,7.0,11.0,2.0,0.0,0.9,ok,,20260918,20260918
20260918,300540.SZ,蜀道装备,801074.SI,专用设备,L2,20,20,20,18.0,7.0,11.0,2.0,0.0,0.9,ok,,20260918,20260918
20260918,301013.SZ,利和兴,801074.SI,专用设备,L2,20,20,20,18.0,7.0,11.0,2.0,0.0,0.9,ok,,20260918,20260918
20260918,301200.SZ,大族数控,801074.SI,专用设备,L2,20,20,20,18.0,7.0,11.0,2.0,0.0,0.9,ok,,20260918,20260918
20260918,301338.SZ,凯格精机,801074.SI,专用设备,L2,20,20,20,18.0,7.0,11.0,2.0,0.0,0.9,ok,,20260918,20260918
20260918,603800.SH,洪田股份,801074.SI,专用设备,L2,20,20,20,18.0,7.0,11.0,2.0,0.0,0.9,ok,,20260918,20260918
20260918,688312.SH,燕麦科技,801074.SI,专用设备,L2,20,20,20,18.0,7.0,11.0,2.0,0.0,0.9,ok,,20260918,20260918
20260918,688531.SH,日联科技,801074.SI,专用设备,L2,20,20,20,18.0,8.0,10.0,2.0,0.0,0.9,ok,,20260918,20260918
20260918,000425.SZ,徐工机械,801077.SI,工程机械,L2,20,20,20,18.0,8.0,10.0,2.0,0.0,0.9,ok,,20260918,20260918
20260918,600031.SH,三一重工,801077.SI,工程机械,L2,20,20,20,18.0,9.0,9.0,2.0,0.0,0.9,ok,,20260918,20260918
20260918,002747.SZ,埃斯顿,801078.SI,自动化设备,L2,20,20,20,18.0,8.0,10.0,2.0,0.0,0.9,ok,,20260918,20260918
20260918,002975.SZ,博杰股份,801078.SI,自动化设备,L2,20,20,20,18.0,8.0,10.0,2.0,0.0,0.9,ok,,20260918,20260918
20260918,920211.BJ,新睿电子,801078.SI,自动化设备,L2,20,20,20,18.0,8.0,10.0,2.0,0.0,0.9,ok,,20260918,20260918
20260918,002156.SZ,通富微电,801081.SI,半导体,L2,20,20,20,18.0,7.0,11.0,2.0,0.0,0.9,ok,,20260918,20260918
20260918,300604.SZ,长川科技,801081.SI,半导体,L2,20,20,20,18.0,7.0,11.0,2.0,0.0,0.9,ok,,20260918,20260918
20260918,688012.SH,中微公司,801081.SI,半导体,L2,20,20,20,18.0,6.0,12.0,2.0,0.0,0.9,ok,,20260918,20260918
20260918,688037.SH,芯源微,801081.SI,半导体,L2,20,20,20,18.0,7.0,11.0,2.0,0.0,0.9,ok,,20260918,20260918
20260918,688048.SH,长光华芯,801081.SI,半导体,L2,20,20,20,18.0,6.0,12.0,2.0,0.0,0.9,ok,,20260918,20260918
20260918,688072.SH,拓荆科技,801081.SI,半导体,L2,20,20,20,18.0,7.0,11.0,2.0,0.0,0.9,ok,,20260918,20260918
20260918,688082.SH,盛美上海,801081.SI,半导体,L2,20,20,20,18.0,7.0,11.0,2.0,0.0,0.9,ok,,20260918,20260918
20260918,688099.SH,晶晨股份,801081.SI,半导体,L2,20,20,20,18.0,6.0,12.0,2.0,0.0,0.9,ok,,20260918,20260918
20260918,688123.SH,聚辰股份,801081.SI,半导体,L2,20,20,20,18.0,7.0,11.0,2.0,0.0,0.9,ok,,20260918,20260918
20260918,688126.SH,沪硅产业,801081.SI,半导体,L2,20,20,20,18.0,6.0,12.0,2.0,0.0,0.9,ok,,20260918,20260918
20260918,688146.SH,中船特气,801081.SI,半导体,L2,20,20,20,18.0,6.0,12.0,2.0,0.0,0.9,ok,,20260918,20260918
20260918,688200.SH,华峰测控,801081.SI,半导体,L2,20,20,20,18.0,6.0,12.0,2.0,0.0,0.9,ok,,20260918,20260918
20260918,688286.SH,敏芯股份,801081.SI,半导体,L2,20,20,20,18.0,6.0,12.0,2.0,0.0,0.9,ok,,20260918,20260918
20260918,688347.SH,华虹宏力,801081.SI,半导体,L2,20,20,20,18.0,7.0,11.0,2.0,0.0,0.9,ok,,20260918,20260918
20260918,688409.SH,富创精密,801081.SI,半导体,L2,20,20,20,18.0,6.0,12.0,2.0,0.0,0.9,ok,,20260918,20260918
20260918,688702.SH,盛科通信,801081.SI,半导体,L2,20,20,20,18.0,6.0,12.0,2.0,0.0,0.9,ok,,20260918,20260918
20260918,688729.SH,屹唐股份,801081.SI,半导体,L2,20,20,20,18.0,7.0,11.0,2.0,0.0,0.9,ok,,20260918,20260918
20260918,688802.SH,沐曦股份,801081.SI,半导体,L2,20,20,20,18.0,6.0,12.0,2.0,0.0,0.9,ok,,20260918,20260918
20260918,002782.SZ,可立克,801082.SI,其他电子Ⅱ,L2,20,20,20,18.0,7.0,11.0,2.0,0.0,0.9,ok,,20260918,20260918
20260918,002885.SZ,京泉华,801082.SI,其他电子Ⅱ,L2,20,20,20,18.0,7.0,11.0,2.0,0.0,0.9,ok,,20260918,20260918
20260918,300184.SZ,力源信息,801082.SI,其他电子Ⅱ,L2,20,20,20,18.0,6.0,12.0,2.0,0.0,0.9,ok,,20260918,20260918
20260918,301328.SZ,维峰电子,801082.SI,其他电子Ⅱ,L2,20,20,20,18.0,7.0,11.0,2.0,0.0,0.9,ok,,20260918,20260918
20260918,301563.SZ,云汉芯城,801082.SI,其他电子Ⅱ,L2,20,20,20,18.0,6.0,12.0,2.0,0.0,0.9,ok,,20260918,20260918
20260918,688103.SH,国力电子,801082.SI,其他电子Ⅱ,L2,20,20,20,18.0,7.0,11.0,2.0,0.0,0.9,ok,,20260918,20260918
20260918,001389.SZ,广合科技,801083.SI,元件,L2,20,20,20,18.0,11.0,7.0,2.0,0.0,0.9,ok,,20260918,20260918
20260918,301132.SZ,满坤科技,801083.SI,元件,L2,20,20,20,18.0,12.0,6.0,2.0,0.0,0.9,ok,,20260918,20260918
20260918,003015.SZ,日久光电,801084.SI,光学光电子,L2,20,20,20,18.0,8.0,10.0,2.0,0.0,0.9,ok,,20260918,20260918
20260918,300489.SZ,光智科技,801084.SI,光学光电子,L2,20,20,20,18.0,8.0,10.0,2.0,0.0,0.9,ok,,20260918,20260918
20260918,300632.SZ,光莆股份,801084.SI,光学光电子,L2,20,20,20,18.0,8.0,10.0,2.0,0.0,0.9,ok,,20260918,20260918
20260918,600552.SH,凯盛科技,801084.SI,光学光电子,L2,20,20,20,18.0,8.0,10.0,2.0,0.0,0.9,ok,,20260918,20260918
20260918,600703.SH,三安光电,801084.SI,光学光电子,L2,20,20,20,18.0,7.0,11.0,2.0,0.0,0.9,ok,,20260918,20260918
20260918,603297.SH,永新光学,801084.SI,光学光电子,L2,20,20,20,18.0,8.0,10.0,2.0,0.0,0.9,ok,,20260918,20260918
20260918,688127.SH,蓝特光学,801084.SI,光学光电子,L2,20,20,20,18.0,8.0,10.0,2.0,0.0,0.9,ok,,20260918,20260918
20260918,688307.SH,中润光学,801084.SI,光学光电子,L2,20,20,20,18.0,8.0,10.0,2.0,0.0,0.9,ok,,20260918,20260918
20260918,002655.SZ,共达电声,801085.SI,消费电子,L2,20,20,20,18.0,9.0,9.0,2.0,0.0,0.9,ok,,20260918,20260918
20260918,300686.SZ,智动力,801085.SI,消费电子,L2,20,20,20,18.0,8.0,10.0,2.0,0.0,0.9,ok,,20260918,20260918
20260918,300481.SZ,濮阳惠成,801086.SI,电子化学品Ⅱ,L2,20,20,20,18.0,7.0,11.0,2.0,0.0,0.9,ok,,20260918,20260918
20260918,603931.SH,格林达,801086.SI,电子化学品Ⅱ,L2,20,20,20,18.0,7.0,11.0,2.0,0.0,0.9,ok,,20260918,20260918
20260918,688268.SH,华特气体,801086.SI,电子化学品Ⅱ,L2,20,20,20,18.0,7.0,11.0,2.0,0.0,0.9,ok,,20260918,20260918
20260918,688549.SH,中巨芯,801086.SI,电子化学品Ⅱ,L2,20,20,20,18.0,7.0,11.0,2.0,0.0,0.9,ok,,20260918,20260918
20260918,000066.SZ,中国长城,801101.SI,计算机设备,L2,20,20,20,18.0,7.0,11.0,2.0,0.0,0.9,ok,,20260918,20260918
20260918,300455.SZ,航天智装,801101.SI,计算机设备,L2,20,20,20,18.0,6.0,12.0,2.0,0.0,0.9,ok,,20260918,20260918
20260918,300520.SZ,科大国创,801104.SI,软件开发,L2,20,20,20,18.0,8.0,10.0,2.0,0.0,0.9,ok,,20260918,20260918
20260918,600570.SH,恒生电子,801104.SI,软件开发,L2,20,20,20,18.0,8.0,10.0,2.0,0.0,0.9,ok,,20260918,20260918
20260918,600588.SH,用友网络,801104.SI,软件开发,L2,20,20,20,18.0,8.0,10.0,2.0,0.0,0.9,ok,,20260918,20260918
20260918,688246.SH,嘉和美康,801104.SI,软件开发,L2,20,20,20,18.0,9.0,9.0,2.0,0.0,0.9,ok,,20260918,20260918
20260918,688318.SH,财富趋势,801104.SI,软件开发,L2,20,20,20,18.0,8.0,10.0,2.0,0.0,0.9,ok,,20260918,20260918
20260918,688369.SH,致远互联,801104.SI,软件开发,L2,20,20,20,18.0,8.0,10.0,2.0,0.0,0.9,ok,,20260918,20260918
20260918,688588.SH,凌志软件,801104.SI,软件开发,L2,20,20,20,18.0,9.0,9.0,2.0,0.0,0.9,ok,,20260918,20260918
20260918,603486.SH,科沃斯,801113.SI,小家电,L2,20,20,20,18.0,7.0,11.0,2.0,0.0,0.9,ok,,20260918,20260918
20260918,600616.SH,金枫酒业,801126.SI,非白酒,L2,20,20,20,18.0,11.0,7.0,2.0,0.0,0.9,ok,,20260918,20260918
20260918,000955.SZ,欣龙控股,801131.SI,纺织制造,L2,20,20,20,18.0,11.0,7.0,2.0,0.0,0.9,ok,,20260918,20260918
20260918,605003.SH,众望布艺,801132.SI,服装家纺,L2,20,20,20,18.0,12.0,6.0,2.0,0.0,0.9,ok,,20260918,20260918
20260918,002721.SZ,金一文化,801133.SI,饰品,L2,20,20,20,18.0,9.0,9.0,2.0,0.0,0.9,ok,,20260918,20260918
20260918,003012.SZ,东鹏控股,801142.SI,家居用品,L2,20,20,20,18.0,10.0,8.0,2.0,0.0,0.9,ok,,20260918,20260918
20260918,603208.SH,江山欧派,801142.SI,家居用品,L2,20,20,20,18.0,10.0,8.0,2.0,0.0,0.9,ok,,20260918,20260918
20260918,603385.SH,惠达卫浴,801142.SI,家居用品,L2,20,20,20,18.0,11.0,7.0,2.0,0.0,0.9,ok,,20260918,20260918
20260918,600963.SH,岳阳林纸,801143.SI,造纸,L2,20,20,20,18.0,9.0,9.0,2.0,0.0,0.9,ok,,20260918,20260918
20260918,001222.SZ,源飞宠物,801145.SI,文娱用品,L2,20,20,20,18.0,9.0,9.0,2.0,0.0,0.9,ok,,20260918,20260918
20260918,300220.SZ,金运激光,801145.SI,文娱用品,L2,20,20,20,18.0,10.0,8.0,2.0,0.0,0.9,ok,,20260918,20260918
20260918,301011.SZ,华立科技,801145.SI,文娱用品,L2,20,20,20,18.0,10.0,8.0,2.0,0.0,0.9,ok,,20260918,20260918
20260918,000963.SZ,华东医药,801151.SI,化学制药,L2,20,20,20,18.0,9.0,9.0,2.0,0.0,0.9,ok,,20260918,20260918
20260918,002019.SZ,亿帆医药,801151.SI,化学制药,L2,20,20,20,18.0,9.0,9.0,2.0,0.0,0.9,ok,,20260918,20260918
20260918,002399.SZ,海普瑞,801151.SI,化学制药,L2,20,20,20,18.0,9.0,9.0,2.0,0.0,0.9,ok,,20260918,20260918
20260918,002693.SZ,双成药业,801151.SI,化学制药,L2,20,20,20,18.0,9.0,9.0,2.0,0.0,0.9,ok,,20260918,20260918
20260918,002755.SZ,奥赛康,801151.SI,化学制药,L2,20,20,20,18.0,10.0,8.0,2.0,0.0,0.9,ok,,20260918,20260918
20260918,002793.SZ,罗欣药业,801151.SI,化学制药,L2,20,20,20,18.0,9.0,9.0,2.0,0.0,0.9,ok,,20260918,20260918
20260918,300086.SZ,康芝药业,801151.SI,化学制药,L2,20,20,20,18.0,9.0,9.0,2.0,0.0,0.9,ok,,20260918,20260918
20260918,300110.SZ,华仁药业,801151.SI,化学制药,L2,20,20,20,18.0,10.0,8.0,2.0,0.0,0.9,ok,,20260918,20260918
20260918,300204.SZ,舒泰神,801151.SI,化学制药,L2,20,20,20,18.0,9.0,9.0,2.0,0.0,0.9,ok,,20260918,20260918
20260918,300233.SZ,金城医药,801151.SI,化学制药,L2,20,20,20,18.0,9.0,9.0,2.0,0.0,0.9,ok,,20260918,20260918
20260918,300255.SZ,常山药业,801151.SI,化学制药,L2,20,20,20,18.0,9.0,9.0,2.0,0.0,0.9,ok,,20260918,20260918
20260918,300436.SZ,广生堂,801151.SI,化学制药,L2,20,20,20,18.0,9.0,9.0,2.0,0.0,0.9,ok,,20260918,20260918
20260918,301089.SZ,拓新药业,801151.SI,化学制药,L2,20,20,20,18.0,9.0,9.0,2.0,0.0,0.9,ok,,20260918,20260918
20260918,605116.SH,奥锐特,801151.SI,化学制药,L2,20,20,20,18.0,9.0,9.0,2.0,0.0,0.9,ok,,20260918,20260918
20260918,688321.SH,微芯生物,801151.SI,化学制药,L2,20,20,20,18.0,9.0,9.0,2.0,0.0,0.9,ok,,20260918,20260918
20260918,300122.SZ,智飞生物,801152.SI,生物制品,L2,20,20,20,18.0,9.0,9.0,2.0,0.0,0.9,ok,,20260918,20260918
20260918,300485.SZ,赛升药业,801152.SI,生物制品,L2,20,20,20,18.0,9.0,9.0,2.0,0.0,0.9,ok,,20260918,20260918
20260918,301166.SZ,优宁维,801152.SI,生物制品,L2,20,20,20,18.0,8.0,10.0,2.0,0.0,0.9,ok,,20260918,20260918
20260918,688276.SH,百克生物,801152.SI,生物制品,L2,20,20,20,18.0,9.0,9.0,2.0,0.0,0.9,ok,,20260918,20260918
20260918,688443.SH,智翔金泰,801152.SI,生物制品,L2,20,20,20,18.0,9.0,9.0,2.0,0.0,0.9,ok,,20260918,20260918
20260918,688765.SH,禾元生物,801152.SI,生物制品,L2,20,20,20,18.0,9.0,9.0,2.0,0.0,0.9,ok,,20260918,20260918
20260918,688806.SH,泰诺麦博,801152.SI,生物制品,L2,20,20,20,18.0,8.0,10.0,2.0,0.0,0.9,ok,,20260918,20260918
20260918,300171.SZ,东富龙,801153.SI,医疗器械,L2,20,20,20,18.0,9.0,9.0,2.0,0.0,0.9,ok,,20260918,20260918
20260918,300406.SZ,九强生物,801153.SI,医疗器械,L2,20,20,20,18.0,9.0,9.0,2.0,0.0,0.9,ok,,20260918,20260918
20260918,300482.SZ,万孚生物,801153.SI,医疗器械,L2,20,20,20,18.0,10.0,8.0,2.0,0.0,0.9,ok,,20260918,20260918
20260918,300595.SZ,欧普康视,801153.SI,医疗器械,L2,20,20,20,18.0,9.0,9.0,2.0,0.0,0.9,ok,,20260918,20260918
20260918,300639.SZ,凯普生物,801153.SI,医疗器械,L2,20,20,20,18.0,8.0,10.0,2.0,0.0,0.9,ok,,20260918,20260918
20260918,688351.SH,微电生理,801153.SI,医疗器械,L2,20,20,20,18.0,9.0,9.0,2.0,0.0,0.9,ok,,20260918,20260918
20260918,002462.SZ,嘉事堂,801154.SI,医药商业,L2,20,20,20,18.0,9.0,9.0,2.0,0.0,0.9,ok,,20260918,20260918
20260918,301408.SZ,华人健康,801154.SI,医药商业,L2,20,20,20,18.0,8.0,10.0,2.0,0.0,0.9,ok,,20260918,20260918
20260918,002603.SZ,以岭药业,801155.SI,中药Ⅱ,L2,20,20,20,18.0,7.0,11.0,2.0,0.0,0.9,ok,,20260918,20260918
20260918,300181.SZ,佐力药业,801155.SI,中药Ⅱ,L2,20,20,20,18.0,8.0,10.0,2.0,0.0,0.9,ok,,20260918,20260918
20260918,600422.SH,昆药集团,801155.SI,中药Ⅱ,L2,20,20,20,18.0,8.0,10.0,2.0,0.0,0.9,ok,,20260918,20260918
20260918,688046.SH,药康生物,801156.SI,医疗服务,L2,20,20,20,18.0,8.0,10.0,2.0,0.0,0.9,ok,,20260918,20260918
20260918,600101.SH,明星电力,801161.SI,电力,L2,20,20,20,18.0,9.0,9.0,2.0,0.0,0.9,ok,,20260918,20260918
20260918,600376.SH,首开股份,801181.SI,房地产开发,L2,20,20,20,18.0,11.0,7.0,2.0,0.0,0.9,ok,,20260918,20260918
20260918,601318.SH,中国平安,801194.SI,保险Ⅱ,L2,20,20,20,18.0,8.0,10.0,2.0,0.0,0.9,ok,,20260918,20260918
20260918,603214.SH,爱婴室,801204.SI,专业连锁Ⅱ,L2,20,20,20,18.0,12.0,6.0,2.0,0.0,0.9,ok,,20260918,20260918
20260918,000428.SZ,华天酒店,801219.SI,酒店餐饮,L2,20,20,20,18.0,7.0,11.0,2.0,0.0,0.9,ok,,20260918,20260918
20260918,600258.SH,首旅酒店,801219.SI,酒店餐饮,L2,20,20,20,18.0,7.0,11.0,2.0,0.0,0.9,ok,,20260918,20260918
20260918,600801.SH,华新建材,801711.SI,水泥,L2,20,20,20,18.0,10.0,8.0,2.0,0.0,0.9,ok,,20260918,20260918
20260918,301526.SZ,国际复材,801712.SI,玻璃玻纤,L2,20,20,20,18.0,11.0,7.0,2.0,0.0,0.9,ok,,20260918,20260918
20260918,600176.SH,中国巨石,801712.SI,玻璃玻纤,L2,20,20,20,18.0,11.0,7.0,2.0,0.0,0.9,ok,,20260918,20260918
20260918,002271.SZ,东方雨虹,801713.SI,装修建材,L2,20,20,20,18.0,9.0,9.0,2.0,0.0,0.9,ok,,20260918,20260918
20260918,002941.SZ,新疆交建,801723.SI,基础建设,L2,20,20,20,18.0,11.0,7.0,2.0,0.0,0.9,ok,,20260918,20260918
20260918,002196.SZ,方正电机,801731.SI,电机Ⅱ,L2,20,20,20,18.0,8.0,10.0,2.0,0.0,0.9,ok,,20260918,20260918
20260918,300660.SZ,江苏雷利,801731.SI,电机Ⅱ,L2,20,20,20,18.0,9.0,9.0,2.0,0.0,0.9,ok,,20260918,20260918
20260918,301226.SZ,祥明智能,801731.SI,电机Ⅱ,L2,20,20,20,18.0,8.0,10.0,2.0,0.0,0.9,ok,,20260918,20260918
20260918,002364.SZ,中恒电气,801733.SI,其他电源设备Ⅱ,L2,20,20,20,18.0,8.0,10.0,2.0,0.0,0.9,ok,,20260918,20260918
20260918,002851.SZ,麦格米特,801733.SI,其他电源设备Ⅱ,L2,20,20,20,18.0,8.0,10.0,2.0,0.0,0.9,ok,,20260918,20260918
20260918,300274.SZ,阳光电源,801735.SI,光伏设备,L2,20,20,20,18.0,5.0,13.0,2.0,0.0,0.9,ok,,20260918,20260918
20260918,301658.SZ,首航新能,801735.SI,光伏设备,L2,20,20,20,18.0,5.0,13.0,2.0,0.0,0.9,ok,,20260918,20260918
20260918,300875.SZ,捷强装备,801743.SI,地面兵装Ⅱ,L2,20,20,20,18.0,11.0,7.0,2.0,0.0,0.9,ok,,20260918,20260918
20260918,688543.SH,国科军工,801743.SI,地面兵装Ⅱ,L2,20,20,20,18.0,11.0,7.0,2.0,0.0,0.9,ok,,20260918,20260918
20260918,600150.SH,中国船舶,801744.SI,航海装备Ⅱ,L2,20,20,20,18.0,12.0,6.0,2.0,0.0,0.9,ok,,20260918,20260918
20260918,002555.SZ,三七互娱,801764.SI,游戏Ⅱ,L2,20,20,20,18.0,8.0,10.0,2.0,0.0,0.9,ok,,20260918,20260918
20260918,300612.SZ,宣亚国际,801765.SI,广告营销,L2,20,20,20,18.0,10.0,8.0,2.0,0.0,0.9,ok,,20260918,20260918
20260918,300781.SZ,因赛集团,801765.SI,广告营销,L2,20,20,20,18.0,9.0,9.0,2.0,0.0,0.9,ok,,20260918,20260918
20260918,603598.SH,引力传媒,801765.SI,广告营销,L2,20,20,20,18.0,9.0,9.0,2.0,0.0,0.9,ok,,20260918,20260918
20260918,600977.SH,中国电影,801766.SI,影视院线,L2,20,20,20,18.0,10.0,8.0,2.0,0.0,0.9,ok,,20260918,20260918
20260918,603103.SH,横店影视,801766.SI,影视院线,L2,20,20,20,18.0,11.0,7.0,2.0,0.0,0.9,ok,,20260918,20260918
20260918,603888.SH,新华网,801767.SI,数字媒体,L2,20,20,20,18.0,12.0,6.0,2.0,0.0,0.9,ok,,20260918,20260918
20260918,300364.SZ,中文在线,801769.SI,出版,L2,20,20,20,18.0,9.0,9.0,2.0,0.0,0.9,ok,,20260918,20260918
20260918,600000.SH,浦发银行,801783.SI,股份制银行Ⅱ,L2,20,20,20,18.0,8.0,10.0,2.0,0.0,0.9,ok,,20260918,20260918
20260918,601101.SH,昊华能源,801951.SI,煤炭开采,L2,20,20,20,18.0,7.0,11.0,2.0,0.0,0.9,ok,,20260918,20260918
20260918,601808.SH,中海油服,801962.SI,油服工程,L2,20,20,20,18.0,8.0,10.0,2.0,0.0,0.9,ok,,20260918,20260918
20260918,600346.SH,恒力石化,801963.SI,炼化及贸易,L2,20,20,20,18.0,5.0,13.0,2.0,0.0,0.9,ok,,20260918,20260918
20260918,601022.SH,宁波远洋,801992.SI,航运港口,L2,20,20,20,18.0,8.0,10.0,2.0,0.0,0.9,ok,,20260918,20260918
20260918,600138.SH,中青旅,801993.SI,旅游及景区,L2,20,20,20,18.0,10.0,8.0,2.0,0.0,0.9,ok,,20260918,20260918
20260918,002238.SZ,天威视讯,801995.SI,电视广播Ⅱ,L2,20,20,20,18.0,10.0,8.0,2.0,0.0,0.9,ok,,20260918,20260918
20260918,300770.SZ,新媒股份,801995.SI,电视广播Ⅱ,L2,20,20,20,18.0,10.0,8.0,2.0,0.0,0.9,ok,,20260918,20260918
20260918,001338.SZ,永顺泰,801012.SI,农产品加工,L2,20,20,19,17.0,10.0,7.0,2.0,1.0,0.8947368421052632,ok,,20260918,20260918
20260918,002385.SZ,大北农,801014.SI,饲料,L2,20,20,19,17.0,8.0,9.0,2.0,1.0,0.8947368421052632,ok,,20260918,20260918
20260918,600257.SH,大湖股份,801015.SI,渔业,L2,20,20,19,17.0,9.0,8.0,2.0,1.0,0.8947368421052632,ok,,20260918,20260918
20260918,002124.SZ,天邦食品,801017.SI,养殖业,L2,20,20,19,17.0,8.0,9.0,2.0,1.0,0.8947368421052632,ok,,20260918,20260918
20260918,300119.SZ,瑞普生物,801018.SI,动物保健Ⅱ,L2,20,20,19,17.0,8.0,9.0,2.0,1.0,0.8947368421052632,ok,,20260918,20260918
20260918,001378.SZ,德冠新材,801036.SI,塑料,L2,20,20,19,17.0,8.0,9.0,2.0,1.0,0.8947368421052632,ok,,20260918,20260918
20260918,301687.SZ,新广益,801036.SI,塑料,L2,20,20,19,17.0,8.0,9.0,2.0,1.0,0.8947368421052632,ok,,20260918,20260918
20260918,603435.SH,嘉德利,801036.SI,塑料,L2,20,20,19,17.0,7.0,10.0,2.0,1.0,0.8947368421052632,ok,,20260918,20260918
20260918,688323.SH,瑞华泰,801036.SI,塑料,L2,20,20,19,17.0,8.0,9.0,2.0,1.0,0.8947368421052632,ok,,20260918,20260918
20260918,000761.SZ,本钢板材,801044.SI,普钢,L2,20,20,19,17.0,8.0,9.0,2.0,1.0,0.8947368421052632,ok,,20260918,20260918
20260918,000969.SZ,安泰科技,801051.SI,金属新材料,L2,20,20,19,17.0,8.0,9.0,2.0,1.0,0.8947368421052632,ok,,20260918,20260918
20260918,300554.SZ,三超新材,801072.SI,通用设备,L2,20,20,19,17.0,8.0,9.0,2.0,1.0,0.8947368421052632,ok,,20260918,20260918
20260918,300780.SZ,德恩精工,801072.SI,通用设备,L2,20,20,19,17.0,7.0,10.0,2.0,1.0,0.8947368421052632,ok,,20260918,20260918
20260918,300985.SZ,致远新能,801072.SI,通用设备,L2,20,20,19,17.0,8.0,9.0,2.0,1.0,0.8947368421052632,ok,,20260918,20260918
20260918,301273.SZ,瑞晨环保,801072.SI,通用设备,L2,20,20,19,17.0,7.0,10.0,2.0,1.0,0.8947368421052632,ok,,20260918,20260918
20260918,603915.SH,国茂股份,801072.SI,通用设备,L2,20,20,19,17.0,7.0,10.0,2.0,1.0,0.8947368421052632,ok,,20260918,20260918
20260918,300307.SZ,慈星股份,801074.SI,专用设备,L2,20,20,19,17.0,7.0,10.0,2.0,1.0,0.8947368421052632,ok,,20260918,20260918
20260918,600360.SH,华微电子,801081.SI,半导体,L2,20,20,19,17.0,7.0,10.0,2.0,1.0,0.8947368421052632,ok,,20260918,20260918
20260918,688249.SH,晶合集成,801081.SI,半导体,L2,20,20,19,17.0,6.0,11.0,2.0,1.0,0.8947368421052632,ok,,20260918,20260918
20260918,688502.SH,茂莱光学,801084.SI,光学光电子,L2,20,20,19,17.0,7.0,10.0,2.0,1.0,0.8947368421052632,ok,,20260918,20260918
20260918,300812.SZ,易天股份,801085.SI,消费电子,L2,20,20,19,17.0,7.0,10.0,2.0,1.0,0.8947368421052632,ok,,20260918,20260918
20260918,002283.SZ,天润工业,801093.SI,汽车零部件,L2,20,20,19,17.0,7.0,10.0,2.0,1.0,0.8947368421052632,ok,,20260918,20260918
20260918,600487.SH,亨通光电,801102.SI,通信设备,L2,20,20,19,17.0,7.0,10.0,2.0,1.0,0.8947368421052632,ok,,20260918,20260918
20260918,600498.SH,烽火通信,801102.SI,通信设备,L2,20,20,19,17.0,8.0,9.0,2.0,1.0,0.8947368421052632,ok,,20260918,20260918
20260918,300166.SZ,东方国信,801103.SI,IT服务Ⅱ,L2,20,20,19,17.0,6.0,11.0,2.0,1.0,0.8947368421052632,ok,,20260918,20260918
20260918,300541.SZ,先进数通,801103.SI,IT服务Ⅱ,L2,20,20,19,17.0,6.0,11.0,2.0,1.0,0.8947368421052632,ok,,20260918,20260918
20260918,600850.SH,电科数字,801103.SI,IT服务Ⅱ,L2,20,20,19,17.0,7.0,10.0,2.0,1.0,0.8947368421052632,ok,,20260918,20260918
20260918,688229.SH,博睿数据,801103.SI,IT服务Ⅱ,L2,20,20,19,17.0,6.0,11.0,2.0,1.0,0.8947368421052632,ok,,20260918,20260918
20260918,920092.BJ,汉鑫科技,801103.SI,IT服务Ⅱ,L2,20,20,19,17.0,7.0,10.0,2.0,1.0,0.8947368421052632,ok,,20260918,20260918
20260918,300036.SZ,超图软件,801104.SI,软件开发,L2,20,20,19,17.0,8.0,9.0,2.0,1.0,0.8947368421052632,ok,,20260918,20260918
20260918,300451.SZ,创业慧康,801104.SI,软件开发,L2,20,20,19,17.0,9.0,8.0,2.0,1.0,0.8947368421052632,ok,,20260918,20260918
20260918,300608.SZ,思特奇,801104.SI,软件开发,L2,20,20,19,17.0,8.0,9.0,2.0,1.0,0.8947368421052632,ok,,20260918,20260918
20260918,688232.SH,新点软件,801104.SI,软件开发,L2,20,20,19,17.0,7.0,10.0,2.0,1.0,0.8947368421052632,ok,,20260918,20260918
20260918,688695.SH,中创股份,801104.SI,软件开发,L2,20,20,19,17.0,8.0,9.0,2.0,1.0,0.8947368421052632,ok,,20260918,20260918
20260918,603536.SH,惠发食品,801124.SI,食品加工,L2,20,20,19,17.0,8.0,9.0,2.0,1.0,0.8947368421052632,ok,,20260918,20260918
20260918,600519.SH,贵州茅台,801125.SI,白酒Ⅱ,L2,20,20,19,17.0,6.0,11.0,2.0,1.0,0.8947368421052632,ok,,20260918,20260918
20260918,002612.SZ,朗姿股份,801132.SI,服装家纺,L2,20,20,19,17.0,10.0,7.0,2.0,1.0,0.8947368421052632,ok,,20260918,20260918
20260918,603091.SH,众鑫股份,801141.SI,包装印刷,L2,20,20,19,17.0,9.0,8.0,2.0,1.0,0.8947368421052632,ok,,20260918,20260918
20260918,000952.SZ,广济药业,801151.SI,化学制药,L2,20,20,19,17.0,10.0,7.0,2.0,1.0,0.8947368421052632,ok,,20260918,20260918
20260918,600739.SH,辽宁成大,801152.SI,生物制品,L2,20,20,19,17.0,8.0,9.0,2.0,1.0,0.8947368421052632,ok,,20260918,20260918
20260918,600867.SH,通化东宝,801152.SI,生物制品,L2,20,20,19,17.0,8.0,9.0,2.0,1.0,0.8947368421052632,ok,,20260918,20260918
20260918,688739.SH,成大生物,801152.SI,生物制品,L2,20,20,19,17.0,9.0,8.0,2.0,1.0,0.8947368421052632,ok,,20260918,20260918
20260918,300869.SZ,康泰医学,801153.SI,医疗器械,L2,20,20,19,17.0,9.0,8.0,2.0,1.0,0.8947368421052632,ok,,20260918,20260918
20260918,000705.SZ,浙江震元,801154.SI,医药商业,L2,20,20,19,17.0,8.0,9.0,2.0,1.0,0.8947368421052632,ok,,20260918,20260918
20260918,301017.SZ,漱玉平民,801154.SI,医药商业,L2,20,20,19,17.0,8.0,9.0,2.0,1.0,0.8947368421052632,ok,,20260918,20260918
20260918,002737.SZ,葵花药业,801155.SI,中药Ⅱ,L2,20,20,19,17.0,6.0,11.0,2.0,1.0,0.8947368421052632,ok,,20260918,20260918
20260918,300026.SZ,红日药业,801155.SI,中药Ⅱ,L2,20,20,19,17.0,7.0,10.0,2.0,1.0,0.8947368421052632,ok,,20260918,20260918
20260918,600518.SH,康美药业,801155.SI,中药Ⅱ,L2,20,20,19,17.0,8.0,9.0,2.0,1.0,0.8947368421052632,ok,,20260918,20260918
20260918,600993.SH,马应龙,801155.SI,中药Ⅱ,L2,20,20,19,17.0,7.0,10.0,2.0,1.0,0.8947368421052632,ok,,20260918,20260918
20260918,920433.BJ,大唐药业,801155.SI,中药Ⅱ,L2,20,20,19,17.0,8.0,9.0,2.0,1.0,0.8947368421052632,ok,,20260918,20260918
20260918,603127.SH,昭衍新药,801156.SI,医疗服务,L2,20,20,19,17.0,7.0,10.0,2.0,1.0,0.8947368421052632,ok,,20260918,20260918
20260918,600578.SH,京能电力,801161.SI,电力,L2,20,20,19,17.0,8.0,9.0,2.0,1.0,0.8947368421052632,ok,,20260918,20260918
20260918,002314.SZ,南山控股,801181.SI,房地产开发,L2,20,20,19,17.0,10.0,7.0,2.0,1.0,0.8947368421052632,ok,,20260918,20260918
20260918,002285.SZ,世联行,801183.SI,房地产服务,L2,20,20,19,17.0,9.0,8.0,2.0,1.0,0.8947368421052632,ok,,20260918,20260918
20260918,000987.SZ,越秀资本,801191.SI,多元金融,L2,20,20,19,17.0,9.0,8.0,2.0,1.0,0.8947368421052632,ok,,20260918,20260918
20260918,600120.SH,浙江东方,801191.SI,多元金融,L2,20,20,19,17.0,8.0,9.0,2.0,1.0,0.8947368421052632,ok,,20260918,20260918
20260918,600517.SH,国网英大,801191.SI,多元金融,L2,20,20,19,17.0,9.0,8.0,2.0,1.0,0.8947368421052632,ok,,20260918,20260918
20260918,600909.SH,华安证券,801193.SI,证券Ⅱ,L2,20,20,19,17.0,8.0,9.0,2.0,1.0,0.8947368421052632,ok,,20260918,20260918
20260918,601696.SH,中银证券,801193.SI,证券Ⅱ,L2,20,20,19,17.0,8.0,9.0,2.0,1.0,0.8947368421052632,ok,,20260918,20260918
20260918,601990.SH,南京证券,801193.SI,证券Ⅱ,L2,20,20,19,17.0,10.0,7.0,2.0,1.0,0.8947368421052632,ok,,20260918,20260918
20260918,000564.SZ,供销大集,801203.SI,一般零售,L2,20,20,19,17.0,9.0,8.0,2.0,1.0,0.8947368421052632,ok,,20260918,20260918
20260918,301110.SZ,青木科技,801206.SI,互联网电商,L2,20,20,19,17.0,10.0,7.0,2.0,1.0,0.8947368421052632,ok,,20260918,20260918
20260918,601668.SH,中国建筑,801721.SI,房屋建设Ⅱ,L2,20,20,19,17.0,11.0,6.0,2.0,1.0,0.8947368421052632,ok,,20260918,20260918
20260918,002823.SZ,凯中精密,801731.SI,电机Ⅱ,L2,20,20,19,17.0,8.0,9.0,2.0,1.0,0.8947368421052632,ok,,20260918,20260918
20260918,301669.SZ,高特电子,801733.SI,其他电源设备Ⅱ,L2,20,20,19,17.0,7.0,10.0,2.0,1.0,0.8947368421052632,ok,,20260918,20260918
20260918,300001.SZ,特锐德,801738.SI,电网设备,L2,20,20,19,17.0,5.0,12.0,2.0,1.0,0.8947368421052632,ok,,20260918,20260918
20260918,601179.SH,中国西电,801738.SI,电网设备,L2,20,20,19,17.0,6.0,11.0,2.0,1.0,0.8947368421052632,ok,,20260918,20260918
20260918,300242.SZ,佳云科技,801765.SI,广告营销,L2,20,20,19,17.0,9.0,8.0,2.0,1.0,0.8947368421052632,ok,,20260918,20260918
20260918,601595.SH,上海电影,801766.SI,影视院线,L2,20,20,19,17.0,9.0,8.0,2.0,1.0,0.8947368421052632,ok,,20260918,20260918
20260918,002966.SZ,苏州银行,801784.SI,城商行Ⅱ,L2,20,20,19,17.0,9.0,8.0,2.0,1.0,0.8947368421052632,ok,,20260918,20260918
20260918,000552.SZ,甘肃能化,801951.SI,煤炭开采,L2,20,20,19,17.0,6.0,11.0,2.0,1.0,0.8947368421052632,ok,,20260918,20260918
20260918,000983.SZ,山西焦煤,801951.SI,煤炭开采,L2,20,20,19,17.0,5.0,12.0,2.0,1.0,0.8947368421052632,ok,,20260918,20260918
20260918,600997.SH,开滦股份,801951.SI,煤炭开采,L2,20,20,19,17.0,7.0,10.0,2.0,1.0,0.8947368421052632,ok,,20260918,20260918
20260918,603177.SH,德创环保,801971.SI,环境治理,L2,20,20,19,17.0,9.0,8.0,2.0,1.0,0.8947368421052632,ok,,20260918,20260918
20260918,300631.SZ,久吾高科,801972.SI,环保设备Ⅱ,L2,20,20,19,17.0,8.0,9.0,2.0,1.0,0.8947368421052632,ok,,20260918,20260918
20260918,001206.SZ,依依股份,801981.SI,个护用品,L2,20,20,19,17.0,9.0,8.0,2.0,1.0,0.8947368421052632,ok,,20260918,20260918
20260918,600004.SH,白云机场,801991.SI,航空机场,L2,20,20,19,17.0,9.0,8.0,2.0,1.0,0.8947368421052632,ok,,20260918,20260918
20260918,600009.SH,上海机场,801991.SI,航空机场,L2,20,20,19,17.0,8.0,9.0,2.0,1.0,0.8947368421052632,ok,,20260918,20260918
20260918,601021.SH,春秋航空,801991.SI,航空机场,L2,20,20,19,17.0,9.0,8.0,2.0,1.0,0.8947368421052632,ok,,20260918,20260918
20260918,000888.SZ,峨眉山A,801993.SI,旅游及景区,L2,20,20,19,17.0,10.0,7.0,2.0,1.0,0.8947368421052632,ok,,20260918,20260918
20260918,000156.SZ,华数传媒,801995.SI,电视广播Ⅱ,L2,20,20,19,17.0,10.0,7.0,2.0,1.0,0.8947368421052632,ok,,20260918,20260918
20260918,000917.SZ,电广传媒,801995.SI,电视广播Ⅱ,L2,20,20,19,17.0,9.0,8.0,2.0,1.0,0.8947368421052632,ok,,20260918,20260918
20260918,603363.SH,傲农生物,801014.SI,饲料,L2,20,20,18,16.0,6.0,10.0,2.0,2.0,0.8888888888888888,ok,,20260918,20260918
20260918,002886.SZ,沃特股份,801036.SI,塑料,L2,20,20,18,16.0,9.0,7.0,2.0,2.0,0.8888888888888888,ok,,20260918,20260918
20260918,603077.SH,和邦生物,801038.SI,农化制品,L2,20,20,18,16.0,7.0,9.0,2.0,2.0,0.8888888888888888,ok,,20260918,20260918
20260918,000959.SZ,首钢股份,801044.SI,普钢,L2,20,20,18,16.0,8.0,8.0,2.0,2.0,0.8888888888888888,ok,,20260918,20260918
20260918,002110.SZ,三钢闽光,801044.SI,普钢,L2,20,20,18,16.0,7.0,9.0,2.0,2.0,0.8888888888888888,ok,,20260918,20260918
20260918,002155.SZ,湖南黄金,801053.SI,贵金属,L2,20,20,18,16.0,6.0,10.0,2.0,2.0,0.8888888888888888,ok,,20260918,20260918
20260918,603025.SH,大豪科技,801078.SI,自动化设备,L2,20,20,18,16.0,8.0,8.0,2.0,2.0,0.8888888888888888,ok,,20260918,20260918
20260918,300241.SZ,瑞丰光电,801084.SI,光学光电子,L2,20,20,18,16.0,8.0,8.0,2.0,2.0,0.8888888888888888,ok,,20260918,20260918
20260918,688181.SH,八亿时空,801084.SI,光学光电子,L2,20,20,18,16.0,7.0,9.0,2.0,2.0,0.8888888888888888,ok,,20260918,20260918
20260918,000815.SZ,美利云,801103.SI,IT服务Ⅱ,L2,20,20,18,16.0,6.0,10.0,2.0,2.0,0.8888888888888888,ok,,20260918,20260918
20260918,002649.SZ,博彦科技,801103.SI,IT服务Ⅱ,L2,20,20,18,16.0,6.0,10.0,2.0,2.0,0.8888888888888888,ok,,20260918,20260918
20260918,920790.BJ,联迪信息,801103.SI,IT服务Ⅱ,L2,20,20,18,16.0,6.0,10.0,2.0,2.0,0.8888888888888888,ok,,20260918,20260918
20260918,002063.SZ,远光软件,801104.SI,软件开发,L2,20,20,18,16.0,9.0,7.0,2.0,2.0,0.8888888888888888,ok,,20260918,20260918
20260918,600073.SH,光明肉业,801124.SI,食品加工,L2,20,20,18,16.0,8.0,8.0,2.0,2.0,0.8888888888888888,ok,,20260918,20260918
20260918,600448.SH,华纺股份,801131.SI,纺织制造,L2,20,20,18,16.0,10.0,6.0,2.0,2.0,0.8888888888888888,ok,,20260918,20260918
20260918,002780.SZ,三夫户外,801132.SI,服装家纺,L2,20,20,18,16.0,10.0,6.0,2.0,2.0,0.8888888888888888,ok,,20260918,20260918
20260918,002038.SZ,双鹭药业,801151.SI,化学制药,L2,20,20,18,16.0,7.0,9.0,2.0,2.0,0.8888888888888888,ok,,20260918,20260918
20260918,600557.SH,康缘药业,801155.SI,中药Ⅱ,L2,20,20,18,16.0,7.0,9.0,2.0,2.0,0.8888888888888888,ok,,20260918,20260918
20260918,000718.SZ,苏宁环球,801181.SI,房地产开发,L2,20,20,18,16.0,10.0,6.0,2.0,2.0,0.8888888888888888,ok,,20260918,20260918
20260918,600515.SH,海南机场,801181.SI,房地产开发,L2,20,20,18,16.0,9.0,7.0,2.0,2.0,0.8888888888888888,ok,,20260918,20260918
20260918,600684.SH,珠江股份,801183.SI,房地产服务,L2,20,20,18,16.0,9.0,7.0,2.0,2.0,0.8888888888888888,ok,,20260918,20260918
20260918,000958.SZ,电投产融,801191.SI,多元金融,L2,20,20,18,16.0,7.0,9.0,2.0,2.0,0.8888888888888888,ok,,20260918,20260918
20260918,603300.SH,海南华铁,801191.SI,多元金融,L2,20,20,18,16.0,7.0,9.0,2.0,2.0,0.8888888888888888,ok,,20260918,20260918
20260918,002673.SZ,西部证券,801193.SI,证券Ⅱ,L2,20,20,18,16.0,9.0,7.0,2.0,2.0,0.8888888888888888,ok,,20260918,20260918
20260918,600999.SH,招商证券,801193.SI,证券Ⅱ,L2,20,20,18,16.0,8.0,8.0,2.0,2.0,0.8888888888888888,ok,,20260918,20260918
20260918,000715.SZ,中兴商业,801203.SI,一般零售,L2,20,20,18,16.0,10.0,6.0,2.0,2.0,0.8888888888888888,ok,,20260918,20260918
20260918,300737.SZ,科顺股份,801713.SI,装修建材,L2,20,20,18,16.0,8.0,8.0,2.0,2.0,0.8888888888888888,ok,,20260918,20260918
20260918,300182.SZ,捷成股份,801766.SI,影视院线,L2,20,20,18,16.0,8.0,8.0,2.0,2.0,0.8888888888888888,ok,,20260918,20260918
20260918,601665.SH,齐鲁银行,801784.SI,城商行Ⅱ,L2,20,20,18,16.0,8.0,8.0,2.0,2.0,0.8888888888888888,ok,,20260918,20260918
20260918,300664.SZ,鹏鹞环保,801971.SI,环境治理,L2,20,20,18,16.0,9.0,7.0,2.0,2.0,0.8888888888888888,ok,,20260918,20260918
20260918,600037.SH,歌华有线,801995.SI,电视广播Ⅱ,L2,20,20,18,16.0,8.0,8.0,2.0,2.0,0.8888888888888888,ok,,20260918,20260918
20260918,601929.SH,吉视传媒,801995.SI,电视广播Ⅱ,L2,20,20,18,16.0,9.0,7.0,2.0,2.0,0.8888888888888888,ok,,20260918,20260918
20260918,600929.SH,雪天盐业,801033.SI,化学原料,L2,20,20,17,15.0,9.0,6.0,2.0,3.0,0.8823529411764706,ok,,20260918,20260918
20260918,300586.SZ,美联新材,801036.SI,塑料,L2,20,20,17,15.0,7.0,8.0,2.0,3.0,0.8823529411764706,ok,,20260918,20260918
20260918,001219.SZ,青岛食品,801128.SI,休闲食品,L2,20,20,17,15.0,9.0,6.0,2.0,3.0,0.8823529411764706,ok,,20260918,20260918
20260918,300783.SZ,三只松鼠,801128.SI,休闲食品,L2,20,20,17,15.0,8.0,7.0,2.0,3.0,0.8823529411764706,ok,,20260918,20260918
20260918,600851.SH,海欣股份,801151.SI,化学制药,L2,20,20,17,15.0,8.0,7.0,2.0,3.0,0.8823529411764706,ok,,20260918,20260918
20260918,000407.SZ,胜利股份,801163.SI,燃气Ⅱ,L2,20,20,17,15.0,9.0,6.0,2.0,3.0,0.8823529411764706,ok,,20260918,20260918
20260918,002939.SZ,长城证券,801193.SI,证券Ⅱ,L2,20,20,17,15.0,8.0,7.0,2.0,3.0,0.8823529411764706,ok,,20260918,20260918
20260918,600958.SH,东方证券,801193.SI,证券Ⅱ,L2,20,20,17,15.0,8.0,7.0,2.0,3.0,0.8823529411764706,ok,,20260918,20260918
20260918,601992.SH,金隅集团,801711.SI,水泥,L2,20,20,17,15.0,8.0,7.0,2.0,3.0,0.8823529411764706,ok,,20260918,20260918
20260918,002712.SZ,思美传媒,801765.SI,广告营销,L2,20,20,17,15.0,8.0,7.0,2.0,3.0,0.8823529411764706,ok,,20260918,20260918
20260918,601169.SH,北京银行,801784.SI,城商行Ⅱ,L2,20,20,17,15.0,8.0,7.0,2.0,3.0,0.8823529411764706,ok,,20260918,20260918
20260918,600871.SH,石化油服,801962.SI,油服工程,L2,20,20,17,15.0,6.0,9.0,2.0,3.0,0.8823529411764706,ok,,20260918,20260918
20260918,300070.SZ,碧水源,801971.SI,环境治理,L2,20,20,17,15.0,7.0,8.0,2.0,3.0,0.8823529411764706,ok,,20260918,20260918
20260918,601111.SH,中国国航,801991.SI,航空机场,L2,20,20,17,15.0,8.0,7.0,2.0,3.0,0.8823529411764706,ok,,20260918,20260918
20260918,600576.SH,祥源文旅,801993.SI,旅游及景区,L2,20,20,17,15.0,8.0,7.0,2.0,3.0,0.8823529411764706,ok,,20260918,20260918
20260918,002332.SZ,仙琚制药,801151.SI,化学制药,L2,20,20,16,14.0,8.0,6.0,2.0,4.0,0.875,ok,,20260918,20260918
20260918,002390.SZ,信邦制药,801155.SI,中药Ⅱ,L2,20,20,16,14.0,6.0,8.0,2.0,4.0,0.875,ok,,20260918,20260918
20260918,002206.SZ,海利得,801032.SI,化学纤维,L2,20,20,15,13.0,5.0,8.0,2.0,5.0,0.8666666666666667,ok,,20260918,20260918
20260918,600301.SH,华锡有色,801054.SI,小金属,L2,20,20,15,13.0,5.0,8.0,2.0,5.0,0.8666666666666667,ok,,20260918,20260918
20260918,601006.SH,大秦铁路,801179.SI,铁路公路,L2,20,20,15,13.0,6.0,7.0,2.0,5.0,0.8666666666666667,ok,,20260918,20260918
20260918,600307.SH,酒钢宏兴,801044.SI,普钢,L2,20,20,14,12.0,7.0,5.0,2.0,6.0,0.8571428571428571,ok,,20260918,20260918
20260918,601238.SH,广汽集团,801095.SI,乘用车,L2,20,20,14,12.0,6.0,6.0,2.0,6.0,0.8571428571428571,ok,,20260918,20260918
20260918,603609.SH,禾丰股份,801014.SI,饲料,L2,20,20,20,17.0,7.0,10.0,3.0,0.0,0.85,ok,,20260918,20260918
20260918,000713.SZ,国投丰乐,801016.SI,种植业,L2,20,20,20,17.0,11.0,6.0,3.0,0.0,0.85,ok,,20260918,20260918
20260918,002215.SZ,诺普信,801016.SI,种植业,L2,20,20,20,17.0,10.0,7.0,3.0,0.0,0.85,ok,,20260918,20260918
20260918,300189.SZ,神农种业,801016.SI,种植业,L2,20,20,20,17.0,10.0,7.0,3.0,0.0,0.85,ok,,20260918,20260918
20260918,002982.SZ,湘佳股份,801017.SI,养殖业,L2,20,20,20,17.0,10.0,7.0,3.0,0.0,0.85,ok,,20260918,20260918
20260918,300871.SZ,回盛生物,801018.SI,动物保健Ⅱ,L2,20,20,20,17.0,7.0,10.0,3.0,0.0,0.85,ok,,20260918,20260918
20260918,600195.SH,中牧股份,801018.SI,动物保健Ⅱ,L2,20,20,20,17.0,8.0,9.0,3.0,0.0,0.85,ok,,20260918,20260918
20260918,002064.SZ,华峰化学,801032.SI,化学纤维,L2,20,20,20,17.0,7.0,10.0,3.0,0.0,0.85,ok,,20260918,20260918
20260918,600409.SH,三友化工,801033.SI,化学原料,L2,20,20,20,17.0,10.0,7.0,3.0,0.0,0.85,ok,,20260918,20260918
20260918,002326.SZ,永太科技,801034.SI,化学制品,L2,20,20,20,17.0,7.0,10.0,3.0,0.0,0.85,ok,,20260918,20260918
20260918,300801.SZ,泰和科技,801034.SI,化学制品,L2,20,20,20,17.0,8.0,9.0,3.0,0.0,0.85,ok,,20260918,20260918
20260918,603260.SH,合盛硅业,801034.SI,化学制品,L2,20,20,20,17.0,7.0,10.0,3.0,0.0,0.85,ok,,20260918,20260918
20260918,000422.SZ,湖北宜化,801038.SI,农化制品,L2,20,20,20,17.0,8.0,9.0,3.0,0.0,0.85,ok,,20260918,20260918
20260918,002895.SZ,川恒股份,801038.SI,农化制品,L2,20,20,20,17.0,7.0,10.0,3.0,0.0,0.85,ok,,20260918,20260918
20260918,000932.SZ,华菱钢铁,801044.SI,普钢,L2,20,20,20,17.0,10.0,7.0,3.0,0.0,0.85,ok,,20260918,20260918
20260918,600010.SH,包钢股份,801044.SI,普钢,L2,20,20,20,17.0,8.0,9.0,3.0,0.0,0.85,ok,,20260918,20260918
20260918,300127.SZ,银河磁体,801051.SI,金属新材料,L2,20,20,20,17.0,7.0,10.0,3.0,0.0,0.85,ok,,20260918,20260918
20260918,300224.SZ,正海磁材,801051.SI,金属新材料,L2,20,20,20,17.0,7.0,10.0,3.0,0.0,0.85,ok,,20260918,20260918
20260918,301622.SZ,英思特,801051.SI,金属新材料,L2,20,20,20,17.0,7.0,10.0,3.0,0.0,0.85,ok,,20260918,20260918
20260918,600366.SH,宁波韵升,801051.SI,金属新材料,L2,20,20,20,17.0,7.0,10.0,3.0,0.0,0.85,ok,,20260918,20260918
20260918,688786.SH,悦安新材,801051.SI,金属新材料,L2,20,20,20,17.0,8.0,9.0,3.0,0.0,0.85,ok,,20260918,20260918
20260918,688811.SH,有研复材,801051.SI,金属新材料,L2,20,20,20,17.0,7.0,10.0,3.0,0.0,0.85,ok,,20260918,20260918
20260918,000657.SZ,中钨高新,801054.SI,小金属,L2,20,20,20,17.0,7.0,10.0,3.0,0.0,0.85,ok,,20260918,20260918
20260918,001257.SZ,盛龙股份,801054.SI,小金属,L2,20,20,20,17.0,8.0,9.0,3.0,0.0,0.85,ok,,20260918,20260918
20260918,002378.SZ,章源钨业,801054.SI,小金属,L2,20,20,20,17.0,7.0,10.0,3.0,0.0,0.85,ok,,20260918,20260918
20260918,601958.SH,金钼股份,801054.SI,小金属,L2,20,20,20,17.0,8.0,9.0,3.0,0.0,0.85,ok,,20260918,20260918
20260918,000426.SZ,兴业银锡,801055.SI,工业金属,L2,20,20,20,17.0,9.0,8.0,3.0,0.0,0.85,ok,,20260918,20260918
20260918,000878.SZ,云南铜业,801055.SI,工业金属,L2,20,20,20,17.0,9.0,8.0,3.0,0.0,0.85,ok,,20260918,20260918
20260918,002114.SZ,罗平锌电,801055.SI,工业金属,L2,20,20,20,17.0,9.0,8.0,3.0,0.0,0.85,ok,,20260918,20260918
20260918,002171.SZ,楚江新材,801055.SI,工业金属,L2,20,20,20,17.0,8.0,9.0,3.0,0.0,0.85,ok,,20260918,20260918
20260918,600711.SH,盛屯矿业,801055.SI,工业金属,L2,20,20,20,17.0,8.0,9.0,3.0,0.0,0.85,ok,,20260918,20260918
20260918,600961.SH,株冶集团,801055.SI,工业金属,L2,20,20,20,17.0,8.0,9.0,3.0,0.0,0.85,ok,,20260918,20260918
20260918,601168.SH,西部矿业,801055.SI,工业金属,L2,20,20,20,17.0,8.0,9.0,3.0,0.0,0.85,ok,,20260918,20260918
20260918,601212.SH,白银有色,801055.SI,工业金属,L2,20,20,20,17.0,7.0,10.0,3.0,0.0,0.85,ok,,20260918,20260918
20260918,601677.SH,明泰铝业,801055.SI,工业金属,L2,20,20,20,17.0,9.0,8.0,3.0,0.0,0.85,ok,,20260918,20260918
20260918,603132.SH,金徽股份,801055.SI,工业金属,L2,20,20,20,17.0,8.0,9.0,3.0,0.0,0.85,ok,,20260918,20260918
20260918,002192.SZ,融捷股份,801056.SI,能源金属,L2,20,20,20,17.0,7.0,10.0,3.0,0.0,0.85,ok,,20260918,20260918
20260918,000811.SZ,冰轮环境,801072.SI,通用设备,L2,20,20,20,17.0,8.0,9.0,3.0,0.0,0.85,ok,,20260918,20260918
20260918,002046.SZ,国机精工,801072.SI,通用设备,L2,20,20,20,17.0,9.0,8.0,3.0,0.0,0.85,ok,,20260918,20260918
20260918,002158.SZ,汉钟精机,801072.SI,通用设备,L2,20,20,20,17.0,8.0,9.0,3.0,0.0,0.85,ok,,20260918,20260918
20260918,002943.SZ,宇晶股份,801072.SI,通用设备,L2,20,20,20,17.0,7.0,10.0,3.0,0.0,0.85,ok,,20260918,20260918
20260918,300179.SZ,四方达,801072.SI,通用设备,L2,20,20,20,17.0,9.0,8.0,3.0,0.0,0.85,ok,,20260918,20260918
20260918,300488.SZ,恒锋工具,801072.SI,通用设备,L2,20,20,20,17.0,8.0,9.0,3.0,0.0,0.85,ok,,20260918,20260918
20260918,300553.SZ,集智股份,801072.SI,通用设备,L2,20,20,20,17.0,9.0,8.0,3.0,0.0,0.85,ok,,20260918,20260918
20260918,300828.SZ,锐新科技,801072.SI,通用设备,L2,20,20,20,17.0,7.0,10.0,3.0,0.0,0.85,ok,,20260918,20260918
20260918,300984.SZ,金沃股份,801072.SI,通用设备,L2,20,20,20,17.0,8.0,9.0,3.0,0.0,0.85,ok,,20260918,20260918
20260918,301028.SZ,鼎熔岩,801072.SI,通用设备,L2,20,20,20,17.0,8.0,9.0,3.0,0.0,0.85,ok,,20260918,20260918
20260918,301107.SZ,瑜欣电子,801072.SI,通用设备,L2,20,20,20,17.0,8.0,9.0,3.0,0.0,0.85,ok,,20260918,20260918
20260918,301360.SZ,荣旗科技,801072.SI,通用设备,L2,20,20,20,17.0,8.0,9.0,3.0,0.0,0.85,ok,,20260918,20260918
20260918,301603.SZ,乔锋智能,801072.SI,通用设备,L2,20,20,20,17.0,8.0,9.0,3.0,0.0,0.85,ok,,20260918,20260918
20260918,603270.SH,金帝股份,801072.SI,通用设备,L2,20,20,20,17.0,9.0,8.0,3.0,0.0,0.85,ok,,20260918,20260918
20260918,603667.SH,五洲新春,801072.SI,通用设备,L2,20,20,20,17.0,7.0,10.0,3.0,0.0,0.85,ok,,20260918,20260918
20260918,603757.SH,大元泵,801072.SI,通用设备,L2,20,20,20,17.0,9.0,8.0,3.0,0.0,0.85,ok,,20260918,20260918
20260918,603912.SH,佳力图,801072.SI,通用设备,L2,20,20,20,17.0,7.0,10.0,3.0,0.0,0.85,ok,,20260918,20260918
20260918,605056.SH,咸亨国际,801072.SI,通用设备,L2,20,20,20,17.0,7.0,10.0,3.0,0.0,0.85,ok,,20260918,20260918
20260918,688112.SH,鼎阳科技,801072.SI,通用设备,L2,20,20,20,17.0,8.0,9.0,3.0,0.0,0.85,ok,,20260918,20260918
20260918,688308.SH,欧科亿,801072.SI,通用设备,L2,20,20,20,17.0,7.0,10.0,3.0,0.0,0.85,ok,,20260918,20260918
20260918,688583.SH,思看科技,801072.SI,通用设备,L2,20,20,20,17.0,8.0,9.0,3.0,0.0,0.85,ok,,20260918,20260918
20260918,688665.SH,四方光电,801072.SI,通用设备,L2,20,20,20,17.0,8.0,9.0,3.0,0.0,0.85,ok,,20260918,20260918
20260918,300382.SZ,斯莱克,801074.SI,专用设备,L2,20,20,20,17.0,6.0,11.0,3.0,0.0,0.85,ok,,20260918,20260918
20260918,600520.SH,三佳科技,801074.SI,专用设备,L2,20,20,20,17.0,6.0,11.0,3.0,0.0,0.85,ok,,20260918,20260918
20260918,600980.SH,北矿科技,801074.SI,专用设备,L2,20,20,20,17.0,6.0,11.0,3.0,0.0,0.85,ok,,20260918,20260918
20260918,603012.SH,创力集团,801074.SI,专用设备,L2,20,20,20,17.0,7.0,10.0,3.0,0.0,0.85,ok,,20260918,20260918
20260918,603135.SH,中重科技,801074.SI,专用设备,L2,20,20,20,17.0,7.0,10.0,3.0,0.0,0.85,ok,,20260918,20260918
20260918,688071.SH,华依科技,801074.SI,专用设备,L2,20,20,20,17.0,7.0,10.0,3.0,0.0,0.85,ok,,20260918,20260918
20260918,688400.SH,凌云光,801074.SI,专用设备,L2,20,20,20,17.0,8.0,9.0,3.0,0.0,0.85,ok,,20260918,20260918
20260918,000988.SZ,华工科技,801078.SI,自动化设备,L2,20,20,20,17.0,7.0,10.0,3.0,0.0,0.85,ok,,20260918,20260918
20260918,300024.SZ,机器人,801078.SI,自动化设备,L2,20,20,20,17.0,8.0,9.0,3.0,0.0,0.85,ok,,20260918,20260918
20260918,300083.SZ,创世纪,801078.SI,自动化设备,L2,20,20,20,17.0,7.0,10.0,3.0,0.0,0.85,ok,,20260918,20260918
20260918,300097.SZ,智云股份,801078.SI,自动化设备,L2,20,20,20,17.0,7.0,10.0,3.0,0.0,0.85,ok,,20260918,20260918
20260918,300400.SZ,劲拓股份,801078.SI,自动化设备,L2,20,20,20,17.0,7.0,10.0,3.0,0.0,0.85,ok,,20260918,20260918
20260918,300747.SZ,锐科激光,801078.SI,自动化设备,L2,20,20,20,17.0,9.0,8.0,3.0,0.0,0.85,ok,,20260918,20260918
20260918,301021.SZ,英诺激光,801078.SI,自动化设备,L2,20,20,20,17.0,8.0,9.0,3.0,0.0,0.85,ok,,20260918,20260918
20260918,301029.SZ,怡合达,801078.SI,自动化设备,L2,20,20,20,17.0,8.0,9.0,3.0,0.0,0.85,ok,,20260918,20260918
20260918,301418.SZ,协昌科技,801078.SI,自动化设备,L2,20,20,20,17.0,6.0,11.0,3.0,0.0,0.85,ok,,20260918,20260918
20260918,603416.SH,信捷电气,801078.SI,自动化设备,L2,20,20,20,17.0,8.0,9.0,3.0,0.0,0.85,ok,,20260918,20260918
20260918,688003.SH,天准科技,801078.SI,自动化设备,L2,20,20,20,17.0,7.0,10.0,3.0,0.0,0.85,ok,,20260918,20260918
20260918,688160.SH,步科股份,801078.SI,自动化设备,L2,20,20,20,17.0,8.0,9.0,3.0,0.0,0.85,ok,,20260918,20260918
20260918,688165.SH,埃夫特,801078.SI,自动化设备,L2,20,20,20,17.0,7.0,10.0,3.0,0.0,0.85,ok,,20260918,20260918
20260918,688290.SH,景业智能,801078.SI,自动化设备,L2,20,20,20,17.0,8.0,9.0,3.0,0.0,0.85,ok,,20260918,20260918
20260918,688698.SH,伟创电气,801078.SI,自动化设备,L2,20,20,20,17.0,7.0,10.0,3.0,0.0,0.85,ok,,20260918,20260918
20260918,002185.SZ,华天科技,801081.SI,半导体,L2,20,20,20,17.0,6.0,11.0,3.0,0.0,0.85,ok,,20260918,20260918
20260918,300046.SZ,台基股份,801081.SI,半导体,L2,20,20,20,17.0,6.0,11.0,3.0,0.0,0.85,ok,,20260918,20260918
20260918,300613.SZ,富瀚微,801081.SI,半导体,L2,20,20,20,17.0,6.0,11.0,3.0,0.0,0.85,ok,,20260918,20260918
20260918,300706.SZ,阿石创,801081.SI,半导体,L2,20,20,20,17.0,6.0,11.0,3.0,0.0,0.85,ok,,20260918,20260918
20260918,300782.SZ,卓胜微,801081.SI,半导体,L2,20,20,20,17.0,6.0,11.0,3.0,0.0,0.85,ok,,20260918,20260918
20260918,301369.SZ,联动科技,801081.SI,半导体,L2,20,20,20,17.0,6.0,11.0,3.0,0.0,0.85,ok,,20260918,20260918
20260918,301536.SZ,星宸科技,801081.SI,半导体,L2,20,20,20,17.0,5.0,12.0,3.0,0.0,0.85,ok,,20260918,20260918
20260918,301583.SZ,托伦斯,801081.SI,半导体,L2,20,20,20,17.0,6.0,11.0,3.0,0.0,0.85,ok,,20260918,20260918
20260918,301611.SZ,珂玛科技,801081.SI,半导体,L2,20,20,20,17.0,6.0,11.0,3.0,0.0,0.85,ok,,20260918,20260918
20260918,600584.SH,长电科技,801081.SI,半导体,L2,20,20,20,17.0,6.0,11.0,3.0,0.0,0.85,ok,,20260918,20260918
20260918,603005.SH,晶方科技,801081.SI,半导体,L2,20,20,20,17.0,6.0,11.0,3.0,0.0,0.85,ok,,20260918,20260918
20260918,603061.SH,金海通,801081.SI,半导体,L2,20,20,20,17.0,6.0,11.0,3.0,0.0,0.85,ok,,20260918,20260918
20260918,603160.SH,汇顶科技,801081.SI,半导体,L2,20,20,20,17.0,7.0,10.0,3.0,0.0,0.85,ok,,20260918,20260918
20260918,603986.SH,兆易创新,801081.SI,半导体,L2,20,20,20,17.0,6.0,11.0,3.0,0.0,0.85,ok,,20260918,20260918
20260918,688008.SH,澜起科技,801081.SI,半导体,L2,20,20,20,17.0,6.0,11.0,3.0,0.0,0.85,ok,,20260918,20260918
20260918,688018.SH,乐鑫科技,801081.SI,半导体,L2,20,20,20,17.0,6.0,11.0,3.0,0.0,0.85,ok,,20260918,20260918
20260918,688041.SH,海光信息,801081.SI,半导体,L2,20,20,20,17.0,5.0,12.0,3.0,0.0,0.85,ok,,20260918,20260918
20260918,688110.SH,东芯股份,801081.SI,半导体,L2,20,20,20,17.0,6.0,11.0,3.0,0.0,0.85,ok,,20260918,20260918
20260918,688120.SH,华海清科,801081.SI,半导体,L2,20,20,20,17.0,5.0,12.0,3.0,0.0,0.85,ok,,20260918,20260918
20260918,688130.SH,晶华微,801081.SI,半导体,L2,20,20,20,17.0,6.0,11.0,3.0,0.0,0.85,ok,,20260918,20260918
20260918,688141.SH,杰华特,801081.SI,半导体,L2,20,20,20,17.0,7.0,10.0,3.0,0.0,0.85,ok,,20260918,20260918
20260918,688172.SH,燕东微,801081.SI,半导体,L2,20,20,20,17.0,5.0,12.0,3.0,0.0,0.85,ok,,20260918,20260918
20260918,688332.SH,中科蓝讯,801081.SI,半导体,L2,20,20,20,17.0,6.0,11.0,3.0,0.0,0.85,ok,,20260918,20260918
20260918,688361.SH,中科飞测,801081.SI,半导体,L2,20,20,20,17.0,7.0,10.0,3.0,0.0,0.85,ok,,20260918,20260918
20260918,688362.SH,甬矽电子,801081.SI,半导体,L2,20,20,20,17.0,6.0,11.0,3.0,0.0,0.85,ok,,20260918,20260918
20260918,688372.SH,伟测科技,801081.SI,半导体,L2,20,20,20,17.0,6.0,11.0,3.0,0.0,0.85,ok,,20260918,20260918
20260918,688380.SH,中微半导,801081.SI,半导体,L2,20,20,20,17.0,6.0,11.0,3.0,0.0,0.85,ok,,20260918,20260918
20260918,688419.SH,耐科装备,801081.SI,半导体,L2,20,20,20,17.0,6.0,11.0,3.0,0.0,0.85,ok,,20260918,20260918
20260918,688449.SH,联芸科技,801081.SI,半导体,L2,20,20,20,17.0,6.0,11.0,3.0,0.0,0.85,ok,,20260918,20260918
20260918,688535.SH,华海诚科,801081.SI,半导体,L2,20,20,20,17.0,7.0,10.0,3.0,0.0,0.85,ok,,20260918,20260918
20260918,688699.SH,明微电子,801081.SI,半导体,L2,20,20,20,17.0,6.0,11.0,3.0,0.0,0.85,ok,,20260918,20260918
20260918,688766.SH,普冉股份,801081.SI,半导体,L2,20,20,20,17.0,6.0,11.0,3.0,0.0,0.85,ok,,20260918,20260918
20260918,688783.SH,西安奕材,801081.SI,半导体,L2,20,20,20,17.0,6.0,11.0,3.0,0.0,0.85,ok,,20260918,20260918
20260918,688797.SH,臻宝科技,801081.SI,半导体,L2,20,20,20,17.0,6.0,11.0,3.0,0.0,0.85,ok,,20260918,20260918
20260918,001298.SZ,好上好,801082.SI,其他电子Ⅱ,L2,20,20,20,17.0,5.0,12.0,3.0,0.0,0.85,ok,,20260918,20260918
20260918,300131.SZ,英唐智控,801082.SI,其他电子Ⅱ,L2,20,20,20,17.0,7.0,10.0,3.0,0.0,0.85,ok,,20260918,20260918
20260918,300650.SZ,太龙股份,801082.SI,其他电子Ⅱ,L2,20,20,20,17.0,5.0,12.0,3.0,0.0,0.85,ok,,20260918,20260918
20260918,300656.SZ,民德电子,801082.SI,其他电子Ⅱ,L2,20,20,20,17.0,7.0,10.0,3.0,0.0,0.85,ok,,20260918,20260918
20260918,301031.SZ,中熔电气,801082.SI,其他电子Ⅱ,L2,20,20,20,17.0,7.0,10.0,3.0,0.0,0.85,ok,,20260918,20260918
20260918,301099.SZ,雅创电子,801082.SI,其他电子Ⅱ,L2,20,20,20,17.0,7.0,10.0,3.0,0.0,0.85,ok,,20260918,20260918
20260918,688093.SH,世华科技,801082.SI,其他电子Ⅱ,L2,20,20,20,17.0,6.0,11.0,3.0,0.0,0.85,ok,,20260918,20260918
20260918,000823.SZ,超声电子,801083.SI,元件,L2,20,20,20,17.0,10.0,7.0,3.0,0.0,0.85,ok,,20260918,20260918
20260918,300964.SZ,本川智能,801083.SI,元件,L2,20,20,20,17.0,11.0,6.0,3.0,0.0,0.85,ok,,20260918,20260918
20260918,000725.SZ,京东方A,801084.SI,光学光电子,L2,20,20,20,17.0,6.0,11.0,3.0,0.0,0.85,ok,,20260918,20260918
20260918,002137.SZ,实益达,801084.SI,光学光电子,L2,20,20,20,17.0,8.0,9.0,3.0,0.0,0.85,ok,,20260918,20260918
20260918,002289.SZ,宇顺电子,801084.SI,光学光电子,L2,20,20,20,17.0,8.0,9.0,3.0,0.0,0.85,ok,,20260918,20260918
20260918,300088.SZ,长信科技,801084.SI,光学光电子,L2,20,20,20,17.0,7.0,10.0,3.0,0.0,0.85,ok,,20260918,20260918
20260918,300323.SZ,华灿光电,801084.SI,光学光电子,L2,20,20,20,17.0,8.0,9.0,3.0,0.0,0.85,ok,,20260918,20260918
20260918,300331.SZ,苏大维格,801084.SI,光学光电子,L2,20,20,20,17.0,7.0,10.0,3.0,0.0,0.85,ok,,20260918,20260918
20260918,300566.SZ,激智科技,801084.SI,光学光电子,L2,20,20,20,17.0,7.0,10.0,3.0,0.0,0.85,ok,,20260918,20260918
20260918,300701.SZ,森霸传感,801084.SI,光学光电子,L2,20,20,20,17.0,8.0,9.0,3.0,0.0,0.85,ok,,20260918,20260918
20260918,301106.SZ,骏成科技,801084.SI,光学光电子,L2,20,20,20,17.0,7.0,10.0,3.0,0.0,0.85,ok,,20260918,20260918
20260918,301421.SZ,波长光电,801084.SI,光学光电子,L2,20,20,20,17.0,7.0,10.0,3.0,0.0,0.85,ok,,20260918,20260918
20260918,688010.SH,福光股份,801084.SI,光学光电子,L2,20,20,20,17.0,7.0,10.0,3.0,0.0,0.85,ok,,20260918,20260918
20260918,002635.SZ,安洁科技,801085.SI,消费电子,L2,20,20,20,17.0,7.0,10.0,3.0,0.0,0.85,ok,,20260918,20260918
20260918,002993.SZ,奥海科技,801085.SI,消费电子,L2,20,20,20,17.0,8.0,9.0,3.0,0.0,0.85,ok,,20260918,20260918
20260918,300128.SZ,锦富技术,801085.SI,消费电子,L2,20,20,20,17.0,9.0,8.0,3.0,0.0,0.85,ok,,20260918,20260918
20260918,300322.SZ,硕贝德,801085.SI,消费电子,L2,20,20,20,17.0,7.0,10.0,3.0,0.0,0.85,ok,,20260918,20260918
20260918,601231.SH,环旭电子,801085.SI,消费电子,L2,20,20,20,17.0,8.0,9.0,3.0,0.0,0.85,ok,,20260918,20260918
20260918,603052.SH,可川科技,801085.SI,消费电子,L2,20,20,20,17.0,7.0,10.0,3.0,0.0,0.85,ok,,20260918,20260918
20260918,688678.SH,福立旺,801085.SI,消费电子,L2,20,20,20,17.0,8.0,9.0,3.0,0.0,0.85,ok,,20260918,20260918
20260918,002741.SZ,光华科技,801086.SI,电子化学品Ⅱ,L2,20,20,20,17.0,7.0,10.0,3.0,0.0,0.85,ok,,20260918,20260918
20260918,300285.SZ,国瓷材料,801086.SI,电子化学品Ⅱ,L2,20,20,20,17.0,8.0,9.0,3.0,0.0,0.85,ok,,20260918,20260918
20260918,300346.SZ,南大光电,801086.SI,电子化学品Ⅱ,L2,20,20,20,17.0,7.0,10.0,3.0,0.0,0.85,ok,,20260918,20260918
20260918,300537.SZ,广信材料,801086.SI,电子化学品Ⅱ,L2,20,20,20,17.0,7.0,10.0,3.0,0.0,0.85,ok,,20260918,20260918
20260918,301489.SZ,思泉新材,801086.SI,电子化学品Ⅱ,L2,20,20,20,17.0,7.0,10.0,3.0,0.0,0.85,ok,,20260918,20260918
20260918,603078.SH,江化微,801086.SI,电子化学品Ⅱ,L2,20,20,20,17.0,6.0,11.0,3.0,0.0,0.85,ok,,20260918,20260918
20260918,688106.SH,金宏气体,801086.SI,电子化学品Ⅱ,L2,20,20,20,17.0,7.0,10.0,3.0,0.0,0.85,ok,,20260918,20260918
20260918,688150.SH,莱特光电,801086.SI,电子化学品Ⅱ,L2,20,20,20,17.0,7.0,10.0,3.0,0.0,0.85,ok,,20260918,20260918
20260918,688359.SH,三孚新科,801086.SI,电子化学品Ⅱ,L2,20,20,20,17.0,8.0,9.0,3.0,0.0,0.85,ok,,20260918,20260918
20260918,688371.SH,菲沃泰,801086.SI,电子化学品Ⅱ,L2,20,20,20,17.0,7.0,10.0,3.0,0.0,0.85,ok,,20260918,20260918
20260918,688603.SH,天承科技,801086.SI,电子化学品Ⅱ,L2,20,20,20,17.0,8.0,9.0,3.0,0.0,0.85,ok,,20260918,20260918
20260918,000559.SZ,万向钱潮,801093.SI,汽车零部件,L2,20,20,20,17.0,8.0,9.0,3.0,0.0,0.85,ok,,20260918,20260918
20260918,002664.SZ,信质集团,801093.SI,汽车零部件,L2,20,20,20,17.0,8.0,9.0,3.0,0.0,0.85,ok,,20260918,20260918
20260918,002937.SZ,兴瑞科技,801093.SI,汽车零部件,L2,20,20,20,17.0,7.0,10.0,3.0,0.0,0.85,ok,,20260918,20260918
20260918,300912.SZ,凯龙高科,801093.SI,汽车零部件,L2,20,20,20,17.0,8.0,9.0,3.0,0.0,0.85,ok,,20260918,20260918
20260918,301072.SZ,中捷精工,801093.SI,汽车零部件,L2,20,20,20,17.0,9.0,8.0,3.0,0.0,0.85,ok,,20260918,20260918
20260918,603305.SH,旭升集团,801093.SI,汽车零部件,L2,20,20,20,17.0,8.0,9.0,3.0,0.0,0.85,ok,,20260918,20260918
20260918,001339.SZ,智微智能,801101.SI,计算机设备,L2,20,20,20,17.0,6.0,11.0,3.0,0.0,0.85,ok,,20260918,20260918
20260918,301042.SZ,安联锐视,801101.SI,计算机设备,L2,20,20,20,17.0,6.0,11.0,3.0,0.0,0.85,ok,,20260918,20260918
20260918,301182.SZ,凯旺科技,801101.SI,计算机设备,L2,20,20,20,17.0,6.0,11.0,3.0,0.0,0.85,ok,,20260918,20260918
20260918,002230.SZ,科大讯飞,801104.SI,软件开发,L2,20,20,20,17.0,8.0,9.0,3.0,0.0,0.85,ok,,20260918,20260918
20260918,300075.SZ,数字政通,801104.SI,软件开发,L2,20,20,20,17.0,8.0,9.0,3.0,0.0,0.85,ok,,20260918,20260918
20260918,300085.SZ,银之杰,801104.SI,软件开发,L2,20,20,20,17.0,9.0,8.0,3.0,0.0,0.85,ok,,20260918,20260918
20260918,300253.SZ,卫宁健康,801104.SI,软件开发,L2,20,20,20,17.0,9.0,8.0,3.0,0.0,0.85,ok,,20260918,20260918
20260918,300378.SZ,鼎捷数智,801104.SI,软件开发,L2,20,20,20,17.0,8.0,9.0,3.0,0.0,0.85,ok,,20260918,20260918
20260918,300598.SZ,诚迈科技,801104.SI,软件开发,L2,20,20,20,17.0,8.0,9.0,3.0,0.0,0.85,ok,,20260918,20260918
20260918,300766.SZ,每日互动,801104.SI,软件开发,L2,20,20,20,17.0,9.0,8.0,3.0,0.0,0.85,ok,,20260918,20260918
20260918,603927.SH,中科软,801104.SI,软件开发,L2,20,20,20,17.0,8.0,9.0,3.0,0.0,0.85,ok,,20260918,20260918
20260918,688058.SH,宝兰德,801104.SI,软件开发,L2,20,20,20,17.0,8.0,9.0,3.0,0.0,0.85,ok,,20260918,20260918
20260918,688225.SH,亚信安全,801104.SI,软件开发,L2,20,20,20,17.0,8.0,9.0,3.0,0.0,0.85,ok,,20260918,20260918
20260918,000333.SZ,美的集团,801111.SI,白色家电,L2,20,20,20,17.0,9.0,8.0,3.0,0.0,0.85,ok,,20260918,20260918
20260918,300911.SZ,亿田智能,801114.SI,厨卫电器,L2,20,20,20,17.0,10.0,7.0,3.0,0.0,0.85,ok,,20260918,20260918
20260918,300625.SZ,三雄极光,801115.SI,照明设备Ⅱ,L2,20,20,20,17.0,8.0,9.0,3.0,0.0,0.85,ok,,20260918,20260918
20260918,002290.SZ,禾盛新材,801116.SI,家电零部件Ⅱ,L2,20,20,20,17.0,6.0,11.0,3.0,0.0,0.85,ok,,20260918,20260918
20260918,605089.SH,味知香,801124.SI,食品加工,L2,20,20,20,17.0,8.0,9.0,3.0,0.0,0.85,ok,,20260918,20260918
20260918,920826.BJ,盖世食品,801124.SI,食品加工,L2,20,20,20,17.0,8.0,9.0,3.0,0.0,0.85,ok,,20260918,20260918
20260918,600419.SH,天润乳业,801127.SI,饮料乳品,L2,20,20,20,17.0,8.0,9.0,3.0,0.0,0.85,ok,,20260918,20260918
20260918,603238.SH,诺邦股份,801131.SI,纺织制造,L2,20,20,20,17.0,9.0,8.0,3.0,0.0,0.85,ok,,20260918,20260918
20260918,002494.SZ,华斯股份,801132.SI,服装家纺,L2,20,20,20,17.0,10.0,7.0,3.0,0.0,0.85,ok,,20260918,20260918
20260918,001216.SZ,华瓷股份,801142.SI,家居用品,L2,20,20,20,17.0,11.0,6.0,3.0,0.0,0.85,ok,,20260918,20260918
20260918,001322.SZ,箭牌家居,801142.SI,家居用品,L2,20,20,20,17.0,10.0,7.0,3.0,0.0,0.85,ok,,20260918,20260918
20260918,001356.SZ,富岭股份,801142.SI,家居用品,L2,20,20,20,17.0,10.0,7.0,3.0,0.0,0.85,ok,,20260918,20260918
20260918,001386.SZ,马可波罗,801142.SI,家居用品,L2,20,20,20,17.0,9.0,8.0,3.0,0.0,0.85,ok,,20260918,20260918
20260918,300616.SZ,尚品宅配,801142.SI,家居用品,L2,20,20,20,17.0,10.0,7.0,3.0,0.0,0.85,ok,,20260918,20260918
20260918,603180.SH,金牌家居,801142.SI,家居用品,L2,20,20,20,17.0,10.0,7.0,3.0,0.0,0.85,ok,,20260918,20260918
20260918,002521.SZ,齐峰新材,801143.SI,造纸,L2,20,20,20,17.0,9.0,8.0,3.0,0.0,0.85,ok,,20260918,20260918
20260918,300703.SZ,创源股份,801145.SI,文娱用品,L2,20,20,20,17.0,9.0,8.0,3.0,0.0,0.85,ok,,20260918,20260918
20260918,002370.SZ,亚太药业,801151.SI,化学制药,L2,20,20,20,17.0,9.0,8.0,3.0,0.0,0.85,ok,,20260918,20260918
20260918,002550.SZ,千红制药,801151.SI,化学制药,L2,20,20,20,17.0,9.0,8.0,3.0,0.0,0.85,ok,,20260918,20260918
20260918,300194.SZ,福安药业,801151.SI,化学制药,L2,20,20,20,17.0,9.0,8.0,3.0,0.0,0.85,ok,,20260918,20260918
20260918,300401.SZ,花园生物,801151.SI,化学制药,L2,20,20,20,17.0,9.0,8.0,3.0,0.0,0.85,ok,,20260918,20260918
20260918,300636.SZ,同和药业,801151.SI,化学制药,L2,20,20,20,17.0,8.0,9.0,3.0,0.0,0.85,ok,,20260918,20260918
20260918,301277.SZ,新天地,801151.SI,化学制药,L2,20,20,20,17.0,8.0,9.0,3.0,0.0,0.85,ok,,20260918,20260918
20260918,301507.SZ,民生健康,801151.SI,化学制药,L2,20,20,20,17.0,9.0,8.0,3.0,0.0,0.85,ok,,20260918,20260918
20260918,600196.SH,复星医药,801151.SI,化学制药,L2,20,20,20,17.0,9.0,8.0,3.0,0.0,0.85,ok,,20260918,20260918
20260918,600521.SH,华海药业,801151.SI,化学制药,L2,20,20,20,17.0,8.0,9.0,3.0,0.0,0.85,ok,,20260918,20260918
20260918,603207.SH,小方制药,801151.SI,化学制药,L2,20,20,20,17.0,9.0,8.0,3.0,0.0,0.85,ok,,20260918,20260918
20260918,603367.SH,辰欣药业,801151.SI,化学制药,L2,20,20,20,17.0,9.0,8.0,3.0,0.0,0.85,ok,,20260918,20260918
20260918,603538.SH,美诺华,801151.SI,化学制药,L2,20,20,20,17.0,9.0,8.0,3.0,0.0,0.85,ok,,20260918,20260918
20260918,688091.SH,上海谊众,801151.SI,化学制药,L2,20,20,20,17.0,9.0,8.0,3.0,0.0,0.85,ok,,20260918,20260918
20260918,688117.SH,圣诺生物,801151.SI,化学制药,L2,20,20,20,17.0,8.0,9.0,3.0,0.0,0.85,ok,,20260918,20260918
20260918,688166.SH,博瑞医药,801151.SI,化学制药,L2,20,20,20,17.0,10.0,7.0,3.0,0.0,0.85,ok,,20260918,20260918
20260918,688382.SH,益方生物,801151.SI,化学制药,L2,20,20,20,17.0,9.0,8.0,3.0,0.0,0.85,ok,,20260918,20260918
20260918,688505.SH,复旦张江,801151.SI,化学制药,L2,20,20,20,17.0,8.0,9.0,3.0,0.0,0.85,ok,,20260918,20260918
20260918,688513.SH,苑东生物,801151.SI,化学制药,L2,20,20,20,17.0,10.0,7.0,3.0,0.0,0.85,ok,,20260918,20260918
20260918,920017.BJ,星昊医药,801151.SI,化学制药,L2,20,20,20,17.0,9.0,8.0,3.0,0.0,0.85,ok,,20260918,20260918
20260918,920367.BJ,新赣江,801151.SI,化学制药,L2,20,20,20,17.0,9.0,8.0,3.0,0.0,0.85,ok,,20260918,20260918
20260918,920735.BJ,德源药业,801151.SI,化学制药,L2,20,20,20,17.0,8.0,9.0,3.0,0.0,0.85,ok,,20260918,20260918
20260918,300601.SZ,康泰生物,801152.SI,生物制品,L2,20,20,20,17.0,9.0,8.0,3.0,0.0,0.85,ok,,20260918,20260918
20260918,300841.SZ,康华生物,801152.SI,生物制品,L2,20,20,20,17.0,9.0,8.0,3.0,0.0,0.85,ok,,20260918,20260918
20260918,600161.SH,天坛生物,801152.SI,生物制品,L2,20,20,20,17.0,8.0,9.0,3.0,0.0,0.85,ok,,20260918,20260918
20260918,688177.SH,百奥泰,801152.SI,生物制品,L2,20,20,20,17.0,7.0,10.0,3.0,0.0,0.85,ok,,20260918,20260918
20260918,002030.SZ,达安基因,801153.SI,医疗器械,L2,20,20,20,17.0,9.0,8.0,3.0,0.0,0.85,ok,,20260918,20260918
20260918,300206.SZ,理邦仪器,801153.SI,医疗器械,L2,20,20,20,17.0,9.0,8.0,3.0,0.0,0.85,ok,,20260918,20260918
20260918,300298.SZ,三诺生物,801153.SI,医疗器械,L2,20,20,20,17.0,8.0,9.0,3.0,0.0,0.85,ok,,20260918,20260918
20260918,300562.SZ,乐心股份,801153.SI,医疗器械,L2,20,20,20,17.0,8.0,9.0,3.0,0.0,0.85,ok,,20260918,20260918
20260918,300653.SZ,正海生物,801153.SI,医疗器械,L2,20,20,20,17.0,8.0,9.0,3.0,0.0,0.85,ok,,20260918,20260918
20260918,300685.SZ,艾德生物,801153.SI,医疗器械,L2,20,20,20,17.0,8.0,9.0,3.0,0.0,0.85,ok,,20260918,20260918
20260918,603014.SH,威高血净,801153.SI,医疗器械,L2,20,20,20,17.0,7.0,10.0,3.0,0.0,0.85,ok,,20260918,20260918
20260918,603387.SH,基蛋生,801153.SI,医疗器械,L2,20,20,20,17.0,8.0,9.0,3.0,0.0,0.85,ok,,20260918,20260918
20260918,688236.SH,春立医疗,801153.SI,医疗器械,L2,20,20,20,17.0,8.0,9.0,3.0,0.0,0.85,ok,,20260918,20260918
20260918,688289.SH,圣湘生物,801153.SI,医疗器械,L2,20,20,20,17.0,9.0,8.0,3.0,0.0,0.85,ok,,20260918,20260918
20260918,688393.SH,安必平,801153.SI,医疗器械,L2,20,20,20,17.0,8.0,9.0,3.0,0.0,0.85,ok,,20260918,20260918
20260918,688613.SH,奥精医疗,801153.SI,医疗器械,L2,20,20,20,17.0,8.0,9.0,3.0,0.0,0.85,ok,,20260918,20260918
20260918,002589.SZ,瑞康医药,801154.SI,医药商业,L2,20,20,20,17.0,9.0,8.0,3.0,0.0,0.85,ok,,20260918,20260918
20260918,002788.SZ,鹭燕医药,801154.SI,医药商业,L2,20,20,20,17.0,8.0,9.0,3.0,0.0,0.85,ok,,20260918,20260918
20260918,300937.SZ,药易购,801154.SI,医药商业,L2,20,20,20,17.0,9.0,8.0,3.0,0.0,0.85,ok,,20260918,20260918
20260918,301126.SZ,达嘉维康,801154.SI,医药商业,L2,20,20,20,17.0,9.0,8.0,3.0,0.0,0.85,ok,,20260918,20260918
20260918,600829.SH,人民同泰,801154.SI,医药商业,L2,20,20,20,17.0,9.0,8.0,3.0,0.0,0.85,ok,,20260918,20260918
20260918,002644.SZ,佛慈制药,801155.SI,中药Ⅱ,L2,20,20,20,17.0,8.0,9.0,3.0,0.0,0.85,ok,,20260918,20260918
20260918,002907.SZ,华森制药,801155.SI,中药Ⅱ,L2,20,20,20,17.0,8.0,9.0,3.0,0.0,0.85,ok,,20260918,20260918
20260918,300534.SZ,陇神戎发,801155.SI,中药Ⅱ,L2,20,20,20,17.0,8.0,9.0,3.0,0.0,0.85,ok,,20260918,20260918
20260918,600572.SH,康恩贝,801155.SI,中药Ⅱ,L2,20,20,20,17.0,7.0,10.0,3.0,0.0,0.85,ok,,20260918,20260918
20260918,600771.SH,广誉远,801155.SI,中药Ⅱ,L2,20,20,20,17.0,9.0,8.0,3.0,0.0,0.85,ok,,20260918,20260918
20260918,002821.SZ,凯莱英,801156.SI,医疗服务,L2,20,20,20,17.0,7.0,10.0,3.0,0.0,0.85,ok,,20260918,20260918
20260918,300725.SZ,药石科技,801156.SI,医疗服务,L2,20,20,20,17.0,7.0,10.0,3.0,0.0,0.85,ok,,20260918,20260918
20260918,300759.SZ,康龙化成,801156.SI,医疗服务,L2,20,20,20,17.0,7.0,10.0,3.0,0.0,0.85,ok,,20260918,20260918
20260918,603456.SH,九洲药业,801156.SI,医疗服务,L2,20,20,20,17.0,7.0,10.0,3.0,0.0,0.85,ok,,20260918,20260918
20260918,688796.SH,百奥赛图,801156.SI,医疗服务,L2,20,20,20,17.0,8.0,9.0,3.0,0.0,0.85,ok,,20260918,20260918
20260918,000767.SZ,晋控电力,801161.SI,电力,L2,20,20,20,17.0,8.0,9.0,3.0,0.0,0.85,ok,,20260918,20260918
20260918,300040.SZ,九洲集团,801161.SI,电力,L2,20,20,20,17.0,8.0,9.0,3.0,0.0,0.85,ok,,20260918,20260918
20260918,600452.SH,涪陵电力,801161.SI,电力,L2,20,20,20,17.0,9.0,8.0,3.0,0.0,0.85,ok,,20260918,20260918
20260918,600744.SH,华银电力,801161.SI,电力,L2,20,20,20,17.0,9.0,8.0,3.0,0.0,0.85,ok,,20260918,20260918
20260918,002700.SZ,万憬能源,801163.SI,燃气Ⅱ,L2,20,20,20,17.0,10.0,7.0,3.0,0.0,0.85,ok,,20260918,20260918
20260918,002352.SZ,顺丰控股,801178.SI,物流,L2,20,20,20,17.0,9.0,8.0,3.0,0.0,0.85,ok,,20260918,20260918
20260918,600834.SH,申通地铁,801179.SI,铁路公路,L2,20,20,20,17.0,10.0,7.0,3.0,0.0,0.85,ok,,20260918,20260918
20260918,601816.SH,京沪高铁,801179.SI,铁路公路,L2,20,20,20,17.0,9.0,8.0,3.0,0.0,0.85,ok,,20260918,20260918
20260918,000011.SZ,深物业A,801181.SI,房地产开发,L2,20,20,20,17.0,10.0,7.0,3.0,0.0,0.85,ok,,20260918,20260918
20260918,000069.SZ,华侨城A,801181.SI,房地产开发,L2,20,20,20,17.0,10.0,7.0,3.0,0.0,0.85,ok,,20260918,20260918
20260918,000926.SZ,福星股份,801181.SI,房地产开发,L2,20,20,20,17.0,10.0,7.0,3.0,0.0,0.85,ok,,20260918,20260918
20260918,002016.SZ,世荣兆业,801181.SI,房地产开发,L2,20,20,20,17.0,10.0,7.0,3.0,0.0,0.85,ok,,20260918,20260918
20260918,600048.SH,保利发展,801181.SI,房地产开发,L2,20,20,20,17.0,9.0,8.0,3.0,0.0,0.85,ok,,20260918,20260918
20260918,600162.SH,香江控股,801181.SI,房地产开发,L2,20,20,20,17.0,9.0,8.0,3.0,0.0,0.85,ok,,20260918,20260918
20260918,600503.SH,华丽家族,801181.SI,房地产开发,L2,20,20,20,17.0,10.0,7.0,3.0,0.0,0.85,ok,,20260918,20260918
20260918,600658.SH,电子城,801181.SI,房地产开发,L2,20,20,20,17.0,10.0,7.0,3.0,0.0,0.85,ok,,20260918,20260918
20260918,600675.SH,中华企业,801181.SI,房地产开发,L2,20,20,20,17.0,10.0,7.0,3.0,0.0,0.85,ok,,20260918,20260918
20260918,300917.SZ,特发服务,801183.SI,房地产服务,L2,20,20,20,17.0,9.0,8.0,3.0,0.0,0.85,ok,,20260918,20260918
20260918,000532.SZ,华金资本,801191.SI,多元金融,L2,20,20,20,17.0,8.0,9.0,3.0,0.0,0.85,ok,,20260918,20260918
20260918,002961.SZ,瑞达期货,801191.SI,多元金融,L2,20,20,20,17.0,9.0,8.0,3.0,0.0,0.85,ok,,20260918,20260918
20260918,000783.SZ,长江证券,801193.SI,证券Ⅱ,L2,20,20,20,17.0,8.0,9.0,3.0,0.0,0.85,ok,,20260918,20260918
20260918,300059.SZ,东方财富,801193.SI,证券Ⅱ,L2,20,20,20,17.0,9.0,8.0,3.0,0.0,0.85,ok,,20260918,20260918
20260918,600109.SH,国金证券,801193.SI,证券Ⅱ,L2,20,20,20,17.0,9.0,8.0,3.0,0.0,0.85,ok,,20260918,20260918
20260918,600621.SH,华鑫股份,801193.SI,证券Ⅱ,L2,20,20,20,17.0,8.0,9.0,3.0,0.0,0.85,ok,,20260918,20260918
20260918,601688.SH,华泰证券,801193.SI,证券Ⅱ,L2,20,20,20,17.0,9.0,8.0,3.0,0.0,0.85,ok,,20260918,20260918
20260918,601788.SH,光大证券,801193.SI,证券Ⅱ,L2,20,20,20,17.0,9.0,8.0,3.0,0.0,0.85,ok,,20260918,20260918
20260918,601878.SH,浙商证券,801193.SI,证券Ⅱ,L2,20,20,20,17.0,9.0,8.0,3.0,0.0,0.85,ok,,20260918,20260918
20260918,601319.SH,中国人保,801194.SI,保险Ⅱ,L2,20,20,20,17.0,8.0,9.0,3.0,0.0,0.85,ok,,20260918,20260918
20260918,601336.SH,新华保险,801194.SI,保险Ⅱ,L2,20,20,20,17.0,7.0,10.0,3.0,0.0,0.85,ok,,20260918,20260918
20260918,002251.SZ,步步高,801203.SI,一般零售,L2,20,20,20,17.0,9.0,8.0,3.0,0.0,0.85,ok,,20260918,20260918
20260918,600693.SH,东百集团,801203.SI,一般零售,L2,20,20,20,17.0,9.0,8.0,3.0,0.0,0.85,ok,,20260918,20260918
20260918,601116.SH,三江购物,801203.SI,一般零售,L2,20,20,20,17.0,8.0,9.0,3.0,0.0,0.85,ok,,20260918,20260918
20260918,300755.SZ,华致酒行,801204.SI,专业连锁Ⅱ,L2,20,20,20,17.0,10.0,7.0,3.0,0.0,0.85,ok,,20260918,20260918
20260918,002315.SZ,焦点科技,801206.SI,互联网电商,L2,20,20,20,17.0,9.0,8.0,3.0,0.0,0.85,ok,,20260918,20260918
20260918,002803.SZ,吉宏股份,801206.SI,互联网电商,L2,20,20,20,17.0,10.0,7.0,3.0,0.0,0.85,ok,,20260918,20260918
20260918,300792.SZ,壹网壹创,801206.SI,互联网电商,L2,20,20,20,17.0,10.0,7.0,3.0,0.0,0.85,ok,,20260918,20260918
20260918,301001.SZ,凯淳股份,801206.SI,互联网电商,L2,20,20,20,17.0,10.0,7.0,3.0,0.0,0.85,ok,,20260918,20260918
20260918,301449.SZ,天溯计量,801218.SI,专业服务,L2,20,20,20,17.0,7.0,10.0,3.0,0.0,0.85,ok,,20260918,20260918
20260918,688757.SH,胜科纳米,801218.SI,专业服务,L2,20,20,20,17.0,8.0,9.0,3.0,0.0,0.85,ok,,20260918,20260918
20260918,002186.SZ,全聚德,801219.SI,酒店餐饮,L2,20,20,20,17.0,8.0,9.0,3.0,0.0,0.85,ok,,20260918,20260918
20260918,601007.SH,金陵饭店,801219.SI,酒店餐饮,L2,20,20,20,17.0,8.0,9.0,3.0,0.0,0.85,ok,,20260918,20260918
20260918,300196.SZ,长海股份,801712.SI,玻璃玻纤,L2,20,20,20,17.0,11.0,6.0,3.0,0.0,0.85,ok,,20260918,20260918
20260918,301098.SZ,金埔园林,801723.SI,基础建设,L2,20,20,20,17.0,10.0,7.0,3.0,0.0,0.85,ok,,20260918,20260918
20260918,603163.SH,圣晖集,801724.SI,专业工程,L2,20,20,20,17.0,7.0,10.0,3.0,0.0,0.85,ok,,20260918,20260918
20260918,301023.SZ,奕帆传动,801731.SI,电机Ⅱ,L2,20,20,20,17.0,9.0,8.0,3.0,0.0,0.85,ok,,20260918,20260918
20260918,600580.SH,卧龙电驱,801731.SI,电机Ⅱ,L2,20,20,20,17.0,7.0,10.0,3.0,0.0,0.85,ok,,20260918,20260918
20260918,603728.SH,鸣志电器,801731.SI,电机Ⅱ,L2,20,20,20,17.0,8.0,9.0,3.0,0.0,0.85,ok,,20260918,20260918
20260918,002335.SZ,科华数据,801733.SI,其他电源设备Ⅱ,L2,20,20,20,17.0,7.0,10.0,3.0,0.0,0.85,ok,,20260918,20260918
20260918,300153.SZ,科泰电源,801733.SI,其他电源设备Ⅱ,L2,20,20,20,17.0,9.0,8.0,3.0,0.0,0.85,ok,,20260918,20260918
20260918,300593.SZ,新雷能,801733.SI,其他电源设备Ⅱ,L2,20,20,20,17.0,8.0,9.0,3.0,0.0,0.85,ok,,20260918,20260918
20260918,002056.SZ,横店东磁,801735.SI,光伏设备,L2,20,20,20,17.0,4.0,13.0,3.0,0.0,0.85,ok,,20260918,20260918
20260918,002129.SZ,TCL中环,801735.SI,光伏设备,L2,20,20,20,17.0,5.0,12.0,3.0,0.0,0.85,ok,,20260918,20260918
20260918,002150.SZ,正泰电源,801735.SI,光伏设备,L2,20,20,20,17.0,5.0,12.0,3.0,0.0,0.85,ok,,20260918,20260918
20260918,688303.SH,大全能源,801735.SI,光伏设备,L2,20,20,20,17.0,4.0,13.0,3.0,0.0,0.85,ok,,20260918,20260918
20260918,688390.SH,固德威,801735.SI,光伏设备,L2,20,20,20,17.0,4.0,13.0,3.0,0.0,0.85,ok,,20260918,20260918
20260918,688717.SH,艾罗能源,801735.SI,光伏设备,L2,20,20,20,17.0,4.0,13.0,3.0,0.0,0.85,ok,,20260918,20260918
20260918,300443.SZ,金雷股份,801736.SI,风电设备,L2,20,20,20,17.0,9.0,8.0,3.0,0.0,0.85,ok,,20260918,20260918
20260918,300850.SZ,新强联,801736.SI,风电设备,L2,20,20,20,17.0,9.0,8.0,3.0,0.0,0.85,ok,,20260918,20260918
20260918,002709.SZ,天赐材料,801737.SI,电池,L2,20,20,20,17.0,5.0,12.0,3.0,0.0,0.85,ok,,20260918,20260918
20260918,002812.SZ,恩捷股份,801737.SI,电池,L2,20,20,20,17.0,5.0,12.0,3.0,0.0,0.85,ok,,20260918,20260918
20260918,300432.SZ,富临精工,801737.SI,电池,L2,20,20,20,17.0,6.0,11.0,3.0,0.0,0.85,ok,,20260918,20260918
20260918,300568.SZ,星源材质,801737.SI,电池,L2,20,20,20,17.0,6.0,11.0,3.0,0.0,0.85,ok,,20260918,20260918
20260918,603026.SH,石大胜华,801737.SI,电池,L2,20,20,20,17.0,6.0,11.0,3.0,0.0,0.85,ok,,20260918,20260918
20260918,002276.SZ,万马股份,801738.SI,电网设备,L2,20,20,20,17.0,6.0,11.0,3.0,0.0,0.85,ok,,20260918,20260918
20260918,002706.SZ,良信股份,801738.SI,电网设备,L2,20,20,20,17.0,5.0,12.0,3.0,0.0,0.85,ok,,20260918,20260918
20260918,600268.SH,国电南自,801738.SI,电网设备,L2,20,20,20,17.0,6.0,11.0,3.0,0.0,0.85,ok,,20260918,20260918
20260918,688676.SH,金盘科技,801738.SI,电网设备,L2,20,20,20,17.0,5.0,12.0,3.0,0.0,0.85,ok,,20260918,20260918
20260918,003009.SZ,中天火箭,801741.SI,航天装备Ⅱ,L2,20,20,20,17.0,9.0,8.0,3.0,0.0,0.85,ok,,20260918,20260918
20260918,600118.SH,中国卫星,801741.SI,航天装备Ⅱ,L2,20,20,20,17.0,8.0,9.0,3.0,0.0,0.85,ok,,20260918,20260918
20260918,688523.SH,航天环宇,801741.SI,航天装备Ⅱ,L2,20,20,20,17.0,7.0,10.0,3.0,0.0,0.85,ok,,20260918,20260918
20260918,000768.SZ,中航西飞,801742.SI,航空装备Ⅱ,L2,20,20,20,17.0,11.0,6.0,3.0,0.0,0.85,ok,,20260918,20260918
20260918,300699.SZ,光威复材,801742.SI,航空装备Ⅱ,L2,20,20,20,17.0,9.0,8.0,3.0,0.0,0.85,ok,,20260918,20260918
20260918,302132.SZ,中航成飞,801742.SI,航空装备Ⅱ,L2,20,20,20,17.0,8.0,9.0,3.0,0.0,0.85,ok,,20260918,20260918
20260918,600760.SH,中航沈飞,801742.SI,航空装备Ⅱ,L2,20,20,20,17.0,9.0,8.0,3.0,0.0,0.85,ok,,20260918,20260918
20260918,600862.SH,中航高科,801742.SI,航空装备Ⅱ,L2,20,20,20,17.0,10.0,7.0,3.0,0.0,0.85,ok,,20260918,20260918
20260918,600893.SH,航发动力,801742.SI,航空装备Ⅱ,L2,20,20,20,17.0,10.0,7.0,3.0,0.0,0.85,ok,,20260918,20260918
20260918,000576.SZ,甘化科工,801743.SI,地面兵装Ⅱ,L2,20,20,20,17.0,11.0,6.0,3.0,0.0,0.85,ok,,20260918,20260918
20260918,002519.SZ,银河电子,801743.SI,地面兵装Ⅱ,L2,20,20,20,17.0,10.0,7.0,3.0,0.0,0.85,ok,,20260918,20260918
20260918,301357.SZ,北方长龙,801743.SI,地面兵装Ⅱ,L2,20,20,20,17.0,10.0,7.0,3.0,0.0,0.85,ok,,20260918,20260918
20260918,000733.SZ,振华科技,801745.SI,军工电子Ⅱ,L2,20,20,20,17.0,8.0,9.0,3.0,0.0,0.85,ok,,20260918,20260918
20260918,002935.SZ,天奥电子,801745.SI,军工电子Ⅱ,L2,20,20,20,17.0,7.0,10.0,3.0,0.0,0.85,ok,,20260918,20260918
20260918,300447.SZ,全信股份,801745.SI,军工电子Ⅱ,L2,20,20,20,17.0,9.0,8.0,3.0,0.0,0.85,ok,,20260918,20260918
20260918,301213.SZ,观想科技,801745.SI,军工电子Ⅱ,L2,20,20,20,17.0,8.0,9.0,3.0,0.0,0.85,ok,,20260918,20260918
20260918,301517.SZ,陕西华达,801745.SI,军工电子Ⅱ,L2,20,20,20,17.0,8.0,9.0,3.0,0.0,0.85,ok,,20260918,20260918
20260918,603267.SH,鸿远电子,801745.SI,军工电子Ⅱ,L2,20,20,20,17.0,8.0,9.0,3.0,0.0,0.85,ok,,20260918,20260918
20260918,688311.SH,盟升电子,801745.SI,军工电子Ⅱ,L2,20,20,20,17.0,8.0,9.0,3.0,0.0,0.85,ok,,20260918,20260918
20260918,000607.SZ,华媒控股,801765.SI,广告营销,L2,20,20,20,17.0,10.0,7.0,3.0,0.0,0.85,ok,,20260918,20260918
20260918,002264.SZ,新华都,801765.SI,广告营销,L2,20,20,20,17.0,9.0,8.0,3.0,0.0,0.85,ok,,20260918,20260918
20260918,002878.SZ,元隆雅图,801765.SI,广告营销,L2,20,20,20,17.0,9.0,8.0,3.0,0.0,0.85,ok,,20260918,20260918
20260918,000892.SZ,欢瑞世纪,801766.SI,影视院线,L2,20,20,20,17.0,9.0,8.0,3.0,0.0,0.85,ok,,20260918,20260918
20260918,300133.SZ,华策影视,801766.SI,影视院线,L2,20,20,20,17.0,9.0,8.0,3.0,0.0,0.85,ok,,20260918,20260918
20260918,300291.SZ,百纳千成,801766.SI,影视院线,L2,20,20,20,17.0,10.0,7.0,3.0,0.0,0.85,ok,,20260918,20260918
20260918,300528.SZ,幸福蓝海,801766.SI,影视院线,L2,20,20,20,17.0,10.0,7.0,3.0,0.0,0.85,ok,,20260918,20260918
20260918,300987.SZ,川网传媒,801767.SI,数字媒体,L2,20,20,20,17.0,10.0,7.0,3.0,0.0,0.85,ok,,20260918,20260918
20260918,300788.SZ,中信出版,801769.SI,出版,L2,20,20,20,17.0,10.0,7.0,3.0,0.0,0.85,ok,,20260918,20260918
20260918,301025.SZ,读客文化,801769.SI,出版,L2,20,20,20,17.0,9.0,8.0,3.0,0.0,0.85,ok,,20260918,20260918
20260918,301231.SZ,荣信文化,801769.SI,出版,L2,20,20,20,17.0,7.0,10.0,3.0,0.0,0.85,ok,,20260918,20260918
20260918,600229.SH,城市传媒,801769.SI,出版,L2,20,20,20,17.0,9.0,8.0,3.0,0.0,0.85,ok,,20260918,20260918
20260918,600551.SH,时代出版,801769.SI,出版,L2,20,20,20,17.0,9.0,8.0,3.0,0.0,0.85,ok,,20260918,20260918
20260918,603230.SH,内蒙新华,801769.SI,出版,L2,20,20,20,17.0,10.0,7.0,3.0,0.0,0.85,ok,,20260918,20260918
20260918,600015.SH,华夏银行,801783.SI,股份制银行Ⅱ,L2,20,20,20,17.0,8.0,9.0,3.0,0.0,0.85,ok,,20260918,20260918
20260918,600036.SH,招商银行,801783.SI,股份制银行Ⅱ,L2,20,20,20,17.0,8.0,9.0,3.0,0.0,0.85,ok,,20260918,20260918
20260918,601825.SH,沪农商行,801785.SI,农商行Ⅱ,L2,20,20,20,17.0,8.0,9.0,3.0,0.0,0.85,ok,,20260918,20260918
20260918,002128.SZ,电投能源,801951.SI,煤炭开采,L2,20,20,20,17.0,6.0,11.0,3.0,0.0,0.85,ok,,20260918,20260918
20260918,600188.SH,兖矿能源,801951.SI,煤炭开采,L2,20,20,20,17.0,6.0,11.0,3.0,0.0,0.85,ok,,20260918,20260918
20260918,601699.SH,潞安环能,801951.SI,煤炭开采,L2,20,20,20,17.0,6.0,11.0,3.0,0.0,0.85,ok,,20260918,20260918
20260918,600792.SH,云煤能源,801952.SI,焦炭Ⅱ,L2,20,20,20,17.0,10.0,7.0,3.0,0.0,0.85,ok,,20260918,20260918
20260918,603619.SH,中曼石油,801962.SI,油服工程,L2,20,20,20,17.0,7.0,10.0,3.0,0.0,0.85,ok,,20260918,20260918
20260918,300137.SZ,先河环保,801972.SI,环保设备Ⅱ,L2,20,20,20,17.0,8.0,9.0,3.0,0.0,0.85,ok,,20260918,20260918
20260918,688671.SH,碧兴物联,801972.SI,环保设备Ⅱ,L2,20,20,20,17.0,8.0,9.0,3.0,0.0,0.85,ok,,20260918,20260918
20260918,002511.SZ,中顺洁柔,801981.SI,个护用品,L2,20,20,20,17.0,9.0,8.0,3.0,0.0,0.85,ok,,20260918,20260918
20260918,603630.SH,拉芳家化,801982.SI,化妆品,L2,20,20,20,17.0,8.0,9.0,3.0,0.0,0.85,ok,,20260918,20260918
20260918,920123.BJ,芭薇股份,801982.SI,化妆品,L2,20,20,20,17.0,8.0,9.0,3.0,0.0,0.85,ok,,20260918,20260918
20260918,002928.SZ,华夏航空,801991.SI,航空机场,L2,20,20,20,17.0,9.0,8.0,3.0,0.0,0.85,ok,,20260918,20260918
20260918,002059.SZ,云南旅游,801993.SI,旅游及景区,L2,20,20,20,17.0,11.0,6.0,3.0,0.0,0.85,ok,,20260918,20260918
20260918,002627.SZ,三峡旅游,801993.SI,旅游及景区,L2,20,20,20,17.0,11.0,6.0,3.0,0.0,0.85,ok,,20260918,20260918
20260918,603402.SH,陕西旅游,801993.SI,旅游及景区,L2,20,20,20,17.0,10.0,7.0,3.0,0.0,0.85,ok,,20260918,20260918
20260918,300050.SZ,世纪鼎利,801994.SI,教育,L2,20,20,20,17.0,12.0,5.0,3.0,0.0,0.85,ok,,20260918,20260918
20260918,301262.SZ,海看股份,801995.SI,电视广播Ⅱ,L2,20,20,20,17.0,9.0,8.0,3.0,0.0,0.85,ok,,20260918,20260918
20260918,600831.SH,广电网络,801995.SI,电视广播Ⅱ,L2,20,20,20,17.0,9.0,8.0,3.0,0.0,0.85,ok,,20260918,20260918
20260918,600959.SH,江苏有线,801995.SI,电视广播Ⅱ,L2,20,20,20,17.0,10.0,7.0,3.0,0.0,0.85,ok,,20260918,20260918
20260918,601952.SH,苏垦农发,801016.SI,种植业,L2,20,20,19,16.0,11.0,5.0,3.0,1.0,0.8421052631578947,ok,,20260918,20260918
20260918,002234.SZ,民和股份,801017.SI,养殖业,L2,20,20,19,16.0,8.0,8.0,3.0,1.0,0.8421052631578947,ok,,20260918,20260918
20260918,002458.SZ,益生股份,801017.SI,养殖业,L2,20,20,19,16.0,9.0,7.0,3.0,1.0,0.8421052631578947,ok,,20260918,20260918
20260918,000990.SZ,诚志股份,801033.SI,化学原料,L2,20,20,19,16.0,9.0,7.0,3.0,1.0,0.8421052631578947,ok,,20260918,20260918
20260918,600955.SH,维远股份,801033.SI,化学原料,L2,20,20,19,16.0,9.0,7.0,3.0,1.0,0.8421052631578947,ok,,20260918,20260918
20260918,600500.SH,中化国际,801034.SI,化学制品,L2,20,20,19,16.0,8.0,8.0,3.0,1.0,0.8421052631578947,ok,,20260918,20260918
20260918,002324.SZ,普利特,801036.SI,塑料,L2,20,20,19,16.0,8.0,8.0,3.0,1.0,0.8421052631578947,ok,,20260918,20260918
20260918,300538.SZ,同益股份,801036.SI,塑料,L2,20,20,19,16.0,6.0,10.0,3.0,1.0,0.8421052631578947,ok,,20260918,20260918
20260918,301555.SZ,惠柏新材,801036.SI,塑料,L2,20,20,19,16.0,8.0,8.0,3.0,1.0,0.8421052631578947,ok,,20260918,20260918
20260918,301591.SZ,肯特股份,801036.SI,塑料,L2,20,20,19,16.0,8.0,8.0,3.0,1.0,0.8421052631578947,ok,,20260918,20260918
20260918,601208.SH,东材科技,801036.SI,塑料,L2,20,20,19,16.0,8.0,8.0,3.0,1.0,0.8421052631578947,ok,,20260918,20260918
20260918,600426.SH,华鲁恒升,801038.SI,农化制品,L2,20,20,19,16.0,7.0,9.0,3.0,1.0,0.8421052631578947,ok,,20260918,20260918
20260918,001296.SZ,长江材料,801039.SI,非金属材料Ⅱ,L2,20,20,19,16.0,8.0,8.0,3.0,1.0,0.8421052631578947,ok,,20260918,20260918
20260918,603688.SH,石英股份,801039.SI,非金属材料Ⅱ,L2,20,20,19,16.0,8.0,8.0,3.0,1.0,0.8421052631578947,ok,,20260918,20260918
20260918,603826.SH,坤彩科技,801039.SI,非金属材料Ⅱ,L2,20,20,19,16.0,8.0,8.0,3.0,1.0,0.8421052631578947,ok,,20260918,20260918
20260918,688300.SH,联瑞新材,801039.SI,非金属材料Ⅱ,L2,20,20,19,16.0,9.0,7.0,3.0,1.0,0.8421052631578947,ok,,20260918,20260918
20260918,601388.SH,怡球资源,801055.SI,工业金属,L2,20,20,19,16.0,8.0,8.0,3.0,1.0,0.8421052631578947,ok,,20260918,20260918
20260918,603979.SH,金诚信,801055.SI,工业金属,L2,20,20,19,16.0,8.0,8.0,3.0,1.0,0.8421052631578947,ok,,20260918,20260918
20260918,603799.SH,华友钴业,801056.SI,能源金属,L2,20,20,19,16.0,6.0,10.0,3.0,1.0,0.8421052631578947,ok,,20260918,20260918
20260918,301525.SZ,儒竞科技,801072.SI,通用设备,L2,20,20,19,16.0,7.0,9.0,3.0,1.0,0.8421052631578947,ok,,20260918,20260918
20260918,603088.SH,宁波精达,801072.SI,通用设备,L2,20,20,19,16.0,8.0,8.0,3.0,1.0,0.8421052631578947,ok,,20260918,20260918
20260918,920035.BJ,精创电气,801072.SI,通用设备,L2,20,20,19,16.0,7.0,9.0,3.0,1.0,0.8421052631578947,ok,,20260918,20260918
20260918,001256.SZ,炜冈科技,801074.SI,专用设备,L2,20,20,19,16.0,7.0,9.0,3.0,1.0,0.8421052631578947,ok,,20260918,20260918
20260918,002031.SZ,巨轮智能,801074.SI,专用设备,L2,20,20,19,16.0,7.0,9.0,3.0,1.0,0.8421052631578947,ok,,20260918,20260918
20260918,300435.SZ,中泰股份,801074.SI,专用设备,L2,20,20,19,16.0,8.0,8.0,3.0,1.0,0.8421052631578947,ok,,20260918,20260918
20260918,603036.SH,如通股份,801074.SI,专用设备,L2,20,20,19,16.0,6.0,10.0,3.0,1.0,0.8421052631578947,ok,,20260918,20260918
20260918,000680.SZ,山推股份,801077.SI,工程机械,L2,20,20,19,16.0,8.0,8.0,3.0,1.0,0.8421052631578947,ok,,20260918,20260918
20260918,301112.SZ,信邦智能,801078.SI,自动化设备,L2,20,20,19,16.0,7.0,9.0,3.0,1.0,0.8421052631578947,ok,,20260918,20260918
20260918,688310.SH,迈得医疗,801078.SI,自动化设备,L2,20,20,19,16.0,7.0,9.0,3.0,1.0,0.8421052631578947,ok,,20260918,20260918
20260918,603290.SH,斯达半导,801081.SI,半导体,L2,20,20,19,16.0,6.0,10.0,3.0,1.0,0.8421052631578947,ok,,20260918,20260918
20260918,688396.SH,华润微,801081.SI,半导体,L2,20,20,19,16.0,6.0,10.0,3.0,1.0,0.8421052631578947,ok,,20260918,20260918
20260918,688689.SH,银河微电,801081.SI,半导体,L2,20,20,19,16.0,6.0,10.0,3.0,1.0,0.8421052631578947,ok,,20260918,20260918
20260918,300493.SZ,润欣科技,801082.SI,其他电子Ⅱ,L2,20,20,19,16.0,5.0,11.0,3.0,1.0,0.8421052631578947,ok,,20260918,20260918
20260918,000100.SZ,TCL科技,801084.SI,光学光电子,L2,20,20,19,16.0,7.0,9.0,3.0,1.0,0.8421052631578947,ok,,20260918,20260918
20260918,300219.SZ,鸿利智汇,801084.SI,光学光电子,L2,20,20,19,16.0,6.0,10.0,3.0,1.0,0.8421052631578947,ok,,20260918,20260918
20260918,301379.SZ,天山电子,801084.SI,光学光电子,L2,20,20,19,16.0,7.0,9.0,3.0,1.0,0.8421052631578947,ok,,20260918,20260918
20260918,600707.SH,彩虹股份,801084.SI,光学光电子,L2,20,20,19,16.0,7.0,9.0,3.0,1.0,0.8421052631578947,ok,,20260918,20260918
20260918,300735.SZ,光弘科技,801085.SI,消费电子,L2,20,20,19,16.0,6.0,10.0,3.0,1.0,0.8421052631578947,ok,,20260918,20260918
20260918,300054.SZ,鼎龙股份,801086.SI,电子化学品Ⅱ,L2,20,20,19,16.0,7.0,9.0,3.0,1.0,0.8421052631578947,ok,,20260918,20260918
20260918,301215.SZ,中汽股份,801092.SI,汽车服务,L2,20,20,19,16.0,9.0,7.0,3.0,1.0,0.8421052631578947,ok,,20260918,20260918
20260918,600335.SH,国机汽车,801092.SI,汽车服务,L2,20,20,19,16.0,9.0,7.0,3.0,1.0,0.8421052631578947,ok,,20260918,20260918
20260918,600386.SH,北巴传媒,801092.SI,汽车服务,L2,20,20,19,16.0,10.0,6.0,3.0,1.0,0.8421052631578947,ok,,20260918,20260918
20260918,600653.SH,申华控股,801092.SI,汽车服务,L2,20,20,19,16.0,9.0,7.0,3.0,1.0,0.8421052631578947,ok,,20260918,20260918
20260918,002553.SZ,南方精工,801093.SI,汽车零部件,L2,20,20,19,16.0,7.0,9.0,3.0,1.0,0.8421052631578947,ok,,20260918,20260918
20260918,301499.SZ,维科精密,801093.SI,汽车零部件,L2,20,20,19,16.0,7.0,9.0,3.0,1.0,0.8421052631578947,ok,,20260918,20260918
20260918,600375.SH,汉马科技,801096.SI,商用车,L2,20,20,19,16.0,7.0,9.0,3.0,1.0,0.8421052631578947,ok,,20260918,20260918
20260918,600418.SH,江淮汽车,801096.SI,商用车,L2,20,20,19,16.0,6.0,10.0,3.0,1.0,0.8421052631578947,ok,,20260918,20260918
20260918,600686.SH,金龙汽车,801096.SI,商用车,L2,20,20,19,16.0,7.0,9.0,3.0,1.0,0.8421052631578947,ok,,20260918,20260918
20260918,002415.SZ,海康威视,801101.SI,计算机设备,L2,20,20,19,16.0,5.0,11.0,3.0,1.0,0.8421052631578947,ok,,20260918,20260918
20260918,300807.SZ,天迈科技,801101.SI,计算机设备,L2,20,20,19,16.0,6.0,10.0,3.0,1.0,0.8421052631578947,ok,,20260918,20260918
20260918,301608.SZ,博实结,801101.SI,计算机设备,L2,20,20,19,16.0,6.0,10.0,3.0,1.0,0.8421052631578947,ok,,20260918,20260918
20260918,300502.SZ,新易盛,801102.SI,通信设备,L2,20,20,19,16.0,7.0,9.0,3.0,1.0,0.8421052631578947,ok,,20260918,20260918
20260918,300615.SZ,欣天科技,801102.SI,通信设备,L2,20,20,19,16.0,7.0,9.0,3.0,1.0,0.8421052631578947,ok,,20260918,20260918
20260918,301202.SZ,朗威股份,801102.SI,通信设备,L2,20,20,19,16.0,7.0,9.0,3.0,1.0,0.8421052631578947,ok,,20260918,20260918
20260918,600522.SH,中天科技,801102.SI,通信设备,L2,20,20,19,16.0,7.0,9.0,3.0,1.0,0.8421052631578947,ok,,20260918,20260918
20260918,002195.SZ,岩山科技,801103.SI,IT服务Ⅱ,L2,20,20,19,16.0,7.0,9.0,3.0,1.0,0.8421052631578947,ok,,20260918,20260918
20260918,002421.SZ,达实智能,801103.SI,IT服务Ⅱ,L2,20,20,19,16.0,7.0,9.0,3.0,1.0,0.8421052631578947,ok,,20260918,20260918
20260918,300017.SZ,网宿科技,801103.SI,IT服务Ⅱ,L2,20,20,19,16.0,5.0,11.0,3.0,1.0,0.8421052631578947,ok,,20260918,20260918
20260918,300170.SZ,汉得信息,801103.SI,IT服务Ⅱ,L2,20,20,19,16.0,7.0,9.0,3.0,1.0,0.8421052631578947,ok,,20260918,20260918
20260918,300277.SZ,汽轮科技,801103.SI,IT服务Ⅱ,L2,20,20,19,16.0,7.0,9.0,3.0,1.0,0.8421052631578947,ok,,20260918,20260918
20260918,301172.SZ,君逸数码,801103.SI,IT服务Ⅱ,L2,20,20,19,16.0,6.0,10.0,3.0,1.0,0.8421052631578947,ok,,20260918,20260918
20260918,301208.SZ,中亦科技,801103.SI,IT服务Ⅱ,L2,20,20,19,16.0,7.0,9.0,3.0,1.0,0.8421052631578947,ok,,20260918,20260918
20260918,301248.SZ,杰创智能,801103.SI,IT服务Ⅱ,L2,20,20,19,16.0,6.0,10.0,3.0,1.0,0.8421052631578947,ok,,20260918,20260918
20260918,600756.SH,浪潮软件,801103.SI,IT服务Ⅱ,L2,20,20,19,16.0,7.0,9.0,3.0,1.0,0.8421052631578947,ok,,20260918,20260918
20260918,688158.SH,优刻得-W,801103.SI,IT服务Ⅱ,L2,20,20,19,16.0,5.0,11.0,3.0,1.0,0.8421052631578947,ok,,20260918,20260918
20260918,688207.SH,格灵深瞳,801103.SI,IT服务Ⅱ,L2,20,20,19,16.0,7.0,9.0,3.0,1.0,0.8421052631578947,ok,,20260918,20260918
20260918,688227.SH,品高股份,801103.SI,IT服务Ⅱ,L2,20,20,19,16.0,6.0,10.0,3.0,1.0,0.8421052631578947,ok,,20260918,20260918
20260918,920227.BJ,美登科技,801103.SI,IT服务Ⅱ,L2,20,20,19,16.0,7.0,9.0,3.0,1.0,0.8421052631578947,ok,,20260918,20260918
20260918,300925.SZ,法本信息,801104.SI,软件开发,L2,20,20,19,16.0,8.0,8.0,3.0,1.0,0.8421052631578947,ok,,20260918,20260918
20260918,601360.SH,三六零,801104.SI,软件开发,L2,20,20,19,16.0,8.0,8.0,3.0,1.0,0.8421052631578947,ok,,20260918,20260918
20260918,688095.SH,福昕软件,801104.SI,软件开发,L2,20,20,19,16.0,8.0,8.0,3.0,1.0,0.8421052631578947,ok,,20260918,20260918
20260918,688171.SH,纬德信息,801104.SI,软件开发,L2,20,20,19,16.0,7.0,9.0,3.0,1.0,0.8421052631578947,ok,,20260918,20260918
20260918,688244.SH,永信至诚,801104.SI,软件开发,L2,20,20,19,16.0,8.0,8.0,3.0,1.0,0.8421052631578947,ok,,20260918,20260918
20260918,600690.SH,海尔智家,801111.SI,白色家电,L2,20,20,19,16.0,7.0,9.0,3.0,1.0,0.8421052631578947,ok,,20260918,20260918
20260918,600839.SH,四川长虹,801112.SI,黑色家电,L2,20,20,19,16.0,8.0,8.0,3.0,1.0,0.8421052631578947,ok,,20260918,20260918
20260918,002330.SZ,得利斯,801124.SI,食品加工,L2,20,20,19,16.0,8.0,8.0,3.0,1.0,0.8421052631578947,ok,,20260918,20260918
20260918,000848.SZ,承德露露,801127.SI,饮料乳品,L2,20,20,19,16.0,7.0,9.0,3.0,1.0,0.8421052631578947,ok,,20260918,20260918
20260918,001318.SZ,阳光乳业,801127.SI,饮料乳品,L2,20,20,19,16.0,7.0,9.0,3.0,1.0,0.8421052631578947,ok,,20260918,20260918
20260918,002329.SZ,皇氏集团,801127.SI,饮料乳品,L2,20,20,19,16.0,7.0,9.0,3.0,1.0,0.8421052631578947,ok,,20260918,20260918
20260918,002847.SZ,盐津铺子,801128.SI,休闲食品,L2,20,20,19,16.0,8.0,8.0,3.0,1.0,0.8421052631578947,ok,,20260918,20260918
20260918,603719.SH,良品铺子,801128.SI,休闲食品,L2,20,20,19,16.0,8.0,8.0,3.0,1.0,0.8421052631578947,ok,,20260918,20260918
20260918,605339.SH,南侨食品,801128.SI,休闲食品,L2,20,20,19,16.0,8.0,8.0,3.0,1.0,0.8421052631578947,ok,,20260918,20260918
20260918,600305.SH,恒顺醋业,801129.SI,调味发酵品Ⅱ,L2,20,20,19,16.0,9.0,7.0,3.0,1.0,0.8421052631578947,ok,,20260918,20260918
20260918,603808.SH,歌力思,801132.SI,服装家纺,L2,20,20,19,16.0,10.0,6.0,3.0,1.0,0.8421052631578947,ok,,20260918,20260918
20260918,603908.SH,牧高笛,801132.SI,服装家纺,L2,20,20,19,16.0,10.0,6.0,3.0,1.0,0.8421052631578947,ok,,20260918,20260918
20260918,601515.SH,衢州东峰,801141.SI,包装印刷,L2,20,20,19,16.0,7.0,9.0,3.0,1.0,0.8421052631578947,ok,,20260918,20260918
20260918,300729.SZ,乐歌股份,801142.SI,家居用品,L2,20,20,19,16.0,11.0,5.0,3.0,1.0,0.8421052631578947,ok,,20260918,20260918
20260918,603848.SH,好太太,801142.SI,家居用品,L2,20,20,19,16.0,9.0,7.0,3.0,1.0,0.8421052631578947,ok,,20260918,20260918
20260918,600308.SH,华泰股份,801143.SI,造纸,L2,20,20,19,16.0,8.0,8.0,3.0,1.0,0.8421052631578947,ok,,20260918,20260918
20260918,600433.SH,冠豪高新,801143.SI,造纸,L2,20,20,19,16.0,8.0,8.0,3.0,1.0,0.8421052631578947,ok,,20260918,20260918
20260918,603863.SH,松炀资源,801143.SI,造纸,L2,20,20,19,16.0,8.0,8.0,3.0,1.0,0.8421052631578947,ok,,20260918,20260918
20260918,605500.SH,森林包装,801143.SI,造纸,L2,20,20,19,16.0,9.0,7.0,3.0,1.0,0.8421052631578947,ok,,20260918,20260918
20260918,000597.SZ,东北制药,801151.SI,化学制药,L2,20,20,19,16.0,7.0,9.0,3.0,1.0,0.8421052631578947,ok,,20260918,20260918
20260918,300006.SZ,莱美药业,801151.SI,化学制药,L2,20,20,19,16.0,7.0,9.0,3.0,1.0,0.8421052631578947,ok,,20260918,20260918
20260918,300111.SZ,向日葵,801151.SI,化学制药,L2,20,20,19,16.0,9.0,7.0,3.0,1.0,0.8421052631578947,ok,,20260918,20260918
20260918,300573.SZ,兴齐眼药,801151.SI,化学制药,L2,20,20,19,16.0,7.0,9.0,3.0,1.0,0.8421052631578947,ok,,20260918,20260918
20260918,603168.SH,莎普爱思,801151.SI,化学制药,L2,20,20,19,16.0,9.0,7.0,3.0,1.0,0.8421052631578947,ok,,20260918,20260918
20260918,603811.SH,诚意药业,801151.SI,化学制药,L2,20,20,19,16.0,7.0,9.0,3.0,1.0,0.8421052631578947,ok,,20260918,20260918
20260918,301207.SZ,华兰疫苗,801152.SI,生物制品,L2,20,20,19,16.0,8.0,8.0,3.0,1.0,0.8421052631578947,ok,,20260918,20260918
20260918,300981.SZ,中红医疗,801153.SI,医疗器械,L2,20,20,19,16.0,8.0,8.0,3.0,1.0,0.8421052631578947,ok,,20260918,20260918
20260918,600645.SH,中源协和,801153.SI,医疗器械,L2,20,20,19,16.0,7.0,9.0,3.0,1.0,0.8421052631578947,ok,,20260918,20260918
20260918,603658.SH,安图生物,801153.SI,医疗器械,L2,20,20,19,16.0,8.0,8.0,3.0,1.0,0.8421052631578947,ok,,20260918,20260918
20260918,603987.SH,康德莱,801153.SI,医疗器械,L2,20,20,19,16.0,8.0,8.0,3.0,1.0,0.8421052631578947,ok,,20260918,20260918
20260918,000411.SZ,英特集团,801154.SI,医药商业,L2,20,20,19,16.0,8.0,8.0,3.0,1.0,0.8421052631578947,ok,,20260918,20260918
20260918,600056.SH,中国医药,801154.SI,医药商业,L2,20,20,19,16.0,7.0,9.0,3.0,1.0,0.8421052631578947,ok,,20260918,20260918
20260918,000790.SZ,华神科技,801155.SI,中药Ⅱ,L2,20,20,19,16.0,7.0,9.0,3.0,1.0,0.8421052631578947,ok,,20260918,20260918
20260918,301239.SZ,普瑞眼科,801156.SI,医疗服务,L2,20,20,19,16.0,7.0,9.0,3.0,1.0,0.8421052631578947,ok,,20260918,20260918
20260918,000899.SZ,赣能股份,801161.SI,电力,L2,20,20,19,16.0,8.0,8.0,3.0,1.0,0.8421052631578947,ok,,20260918,20260918
20260918,600116.SH,三峡水利,801161.SI,电力,L2,20,20,19,16.0,8.0,8.0,3.0,1.0,0.8421052631578947,ok,,20260918,20260918
20260918,000402.SZ,金融街,801181.SI,房地产开发,L2,20,20,19,16.0,9.0,7.0,3.0,1.0,0.8421052631578947,ok,,20260918,20260918
20260918,000514.SZ,渝开发,801181.SI,房地产开发,L2,20,20,19,16.0,9.0,7.0,3.0,1.0,0.8421052631578947,ok,,20260918,20260918
20260918,600208.SH,衢州发展,801181.SI,房地产开发,L2,20,20,19,16.0,8.0,8.0,3.0,1.0,0.8421052631578947,ok,,20260918,20260918
20260918,600606.SH,绿地控股,801181.SI,房地产开发,L2,20,20,19,16.0,10.0,6.0,3.0,1.0,0.8421052631578947,ok,,20260918,20260918
20260918,600622.SH,光大嘉宝,801181.SI,房地产开发,L2,20,20,19,16.0,10.0,6.0,3.0,1.0,0.8421052631578947,ok,,20260918,20260918
20260918,600708.SH,光明地产,801181.SI,房地产开发,L2,20,20,19,16.0,10.0,6.0,3.0,1.0,0.8421052631578947,ok,,20260918,20260918
20260918,000563.SZ,陕国投A,801191.SI,多元金融,L2,20,20,19,16.0,7.0,9.0,3.0,1.0,0.8421052631578947,ok,,20260918,20260918
20260918,000712.SZ,锦龙股份,801193.SI,证券Ⅱ,L2,20,20,19,16.0,8.0,8.0,3.0,1.0,0.8421052631578947,ok,,20260918,20260918
20260918,000728.SZ,国元证券,801193.SI,证券Ⅱ,L2,20,20,19,16.0,9.0,7.0,3.0,1.0,0.8421052631578947,ok,,20260918,20260918
20260918,002797.SZ,第一创业,801193.SI,证券Ⅱ,L2,20,20,19,16.0,9.0,7.0,3.0,1.0,0.8421052631578947,ok,,20260918,20260918
20260918,600061.SH,国投资本,801193.SI,证券Ⅱ,L2,20,20,19,16.0,10.0,6.0,3.0,1.0,0.8421052631578947,ok,,20260918,20260918
20260918,601099.SH,太平洋,801193.SI,证券Ⅱ,L2,20,20,19,16.0,9.0,7.0,3.0,1.0,0.8421052631578947,ok,,20260918,20260918
20260918,601377.SH,兴业证券,801193.SI,证券Ⅱ,L2,20,20,19,16.0,9.0,7.0,3.0,1.0,0.8421052631578947,ok,,20260918,20260918
20260918,601061.SH,中信金属,801202.SI,贸易Ⅱ,L2,20,20,19,16.0,8.0,8.0,3.0,1.0,0.8421052631578947,ok,,20260918,20260918
20260918,000061.SZ,农产品,801203.SI,一般零售,L2,20,20,19,16.0,9.0,7.0,3.0,1.0,0.8421052631578947,ok,,20260918,20260918
20260918,000417.SZ,合百集团,801203.SI,一般零售,L2,20,20,19,16.0,8.0,8.0,3.0,1.0,0.8421052631578947,ok,,20260918,20260918
20260918,002344.SZ,海宁皮城,801203.SI,一般零售,L2,20,20,19,16.0,9.0,7.0,3.0,1.0,0.8421052631578947,ok,,20260918,20260918
20260918,601366.SH,利群股份,801203.SI,一般零售,L2,20,20,19,16.0,8.0,8.0,3.0,1.0,0.8421052631578947,ok,,20260918,20260918
20260918,601933.SH,永辉超市,801203.SI,一般零售,L2,20,20,19,16.0,8.0,8.0,3.0,1.0,0.8421052631578947,ok,,20260918,20260918
20260918,000829.SZ,天音控股,801204.SI,专业连锁Ⅱ,L2,20,20,19,16.0,11.0,5.0,3.0,1.0,0.8421052631578947,ok,,20260918,20260918
20260918,300622.SZ,博士眼镜,801204.SI,专业连锁Ⅱ,L2,20,20,19,16.0,10.0,6.0,3.0,1.0,0.8421052631578947,ok,,20260918,20260918
20260918,002929.SZ,润建股份,801223.SI,通信服务,L2,20,20,19,16.0,6.0,10.0,3.0,1.0,0.8421052631578947,ok,,20260918,20260918
20260918,600668.SH,尖峰集团,801711.SI,水泥,L2,20,20,19,16.0,8.0,8.0,3.0,1.0,0.8421052631578947,ok,,20260918,20260918
20260918,002225.SZ,濮耐股份,801713.SI,装修建材,L2,20,20,19,16.0,7.0,9.0,3.0,1.0,0.8421052631578947,ok,,20260918,20260918
20260918,920580.BJ,科创新材,801713.SI,装修建材,L2,20,20,19,16.0,9.0,7.0,3.0,1.0,0.8421052631578947,ok,,20260918,20260918
20260918,002663.SZ,普邦股份,801723.SI,基础建设,L2,20,20,19,16.0,9.0,7.0,3.0,1.0,0.8421052631578947,ok,,20260918,20260918
20260918,002775.SZ,文科股份,801723.SI,基础建设,L2,20,20,19,16.0,8.0,8.0,3.0,1.0,0.8421052631578947,ok,,20260918,20260918
20260918,601800.SH,中国交建,801723.SI,基础建设,L2,20,20,19,16.0,10.0,6.0,3.0,1.0,0.8421052631578947,ok,,20260918,20260918
20260918,300564.SZ,筑博设计,801726.SI,工程咨询服务Ⅱ,L2,20,20,19,16.0,8.0,8.0,3.0,1.0,0.8421052631578947,ok,,20260918,20260918
20260918,920100.BJ,三协电机,801731.SI,电机Ⅱ,L2,20,20,19,16.0,8.0,8.0,3.0,1.0,0.8421052631578947,ok,,20260918,20260918
20260918,688472.SH,阿特斯,801735.SI,光伏设备,L2,20,20,19,16.0,3.0,13.0,3.0,1.0,0.8421052631578947,ok,,20260918,20260918
20260918,600089.SH,特变电工,801738.SI,电网设备,L2,20,20,19,16.0,6.0,10.0,3.0,1.0,0.8421052631578947,ok,,20260918,20260918
20260918,600406.SH,国电南瑞,801738.SI,电网设备,L2,20,20,19,16.0,5.0,11.0,3.0,1.0,0.8421052631578947,ok,,20260918,20260918
20260918,600550.SH,保变电气,801738.SI,电网设备,L2,20,20,19,16.0,7.0,9.0,3.0,1.0,0.8421052631578947,ok,,20260918,20260918
20260918,688708.SH,佳驰科技,801742.SI,航空装备Ⅱ,L2,20,20,19,16.0,8.0,8.0,3.0,1.0,0.8421052631578947,ok,,20260918,20260918
20260918,002151.SZ,北斗星通,801745.SI,军工电子Ⅱ,L2,20,20,19,16.0,7.0,9.0,3.0,1.0,0.8421052631578947,ok,,20260918,20260918
20260918,301050.SZ,雷电微力,801745.SI,军工电子Ⅱ,L2,20,20,19,16.0,7.0,9.0,3.0,1.0,0.8421052631578947,ok,,20260918,20260918
20260918,002602.SZ,世纪华通,801764.SI,游戏Ⅱ,L2,20,20,19,16.0,7.0,9.0,3.0,1.0,0.8421052631578947,ok,,20260918,20260918
20260918,300315.SZ,掌趣科技,801764.SI,游戏Ⅱ,L2,20,20,19,16.0,7.0,9.0,3.0,1.0,0.8421052631578947,ok,,20260918,20260918
20260918,000676.SZ,智度股份,801765.SI,广告营销,L2,20,20,19,16.0,8.0,8.0,3.0,1.0,0.8421052631578947,ok,,20260918,20260918
20260918,600556.SH,天下秀,801765.SI,广告营销,L2,20,20,19,16.0,8.0,8.0,3.0,1.0,0.8421052631578947,ok,,20260918,20260918
20260918,600986.SH,浙文互联,801765.SI,广告营销,L2,20,20,19,16.0,8.0,8.0,3.0,1.0,0.8421052631578947,ok,,20260918,20260918
20260918,600016.SH,民生银行,801783.SI,股份制银行Ⅱ,L2,20,20,19,16.0,8.0,8.0,3.0,1.0,0.8421052631578947,ok,,20260918,20260918
20260918,000937.SZ,冀中能源,801951.SI,煤炭开采,L2,20,20,19,16.0,6.0,10.0,3.0,1.0,0.8421052631578947,ok,,20260918,20260918
20260918,600123.SH,兰花科创,801951.SI,煤炭开采,L2,20,20,19,16.0,5.0,11.0,3.0,1.0,0.8421052631578947,ok,,20260918,20260918
20260918,601225.SH,陕西煤业,801951.SI,煤炭开采,L2,20,20,19,16.0,6.0,10.0,3.0,1.0,0.8421052631578947,ok,,20260918,20260918
20260918,000723.SZ,美锦能源,801952.SI,焦炭Ⅱ,L2,20,20,19,16.0,8.0,8.0,3.0,1.0,0.8421052631578947,ok,,20260918,20260918
20260918,600256.SH,广汇能源,801963.SI,炼化及贸易,L2,20,20,19,16.0,6.0,10.0,3.0,1.0,0.8421052631578947,ok,,20260918,20260918
20260918,603817.SH,海峡环保,801971.SI,环境治理,L2,20,20,19,16.0,9.0,7.0,3.0,1.0,0.8421052631578947,ok,,20260918,20260918
20260918,300786.SZ,国林科技,801972.SI,环保设备Ⅱ,L2,20,20,19,16.0,6.0,10.0,3.0,1.0,0.8421052631578947,ok,,20260918,20260918
20260918,603282.SH,亚光股份,801972.SI,环保设备Ⅱ,L2,20,20,19,16.0,7.0,9.0,3.0,1.0,0.8421052631578947,ok,,20260918,20260918
20260918,300888.SZ,稳健医疗,801981.SI,个护用品,L2,20,20,19,16.0,7.0,9.0,3.0,1.0,0.8421052631578947,ok,,20260918,20260918
20260918,000520.SZ,凤凰航运,801992.SI,航运港口,L2,20,20,19,16.0,7.0,9.0,3.0,1.0,0.8421052631578947,ok,,20260918,20260918
20260918,601872.SH,招商轮船,801992.SI,航运港口,L2,20,20,19,16.0,7.0,9.0,3.0,1.0,0.8421052631578947,ok,,20260918,20260918
20260918,002254.SZ,泰和新材,801032.SI,化学纤维,L2,20,20,18,15.0,6.0,9.0,3.0,2.0,0.8333333333333334,ok,,20260918,20260918
20260918,300243.SZ,瑞丰高材,801036.SI,塑料,L2,20,20,18,15.0,8.0,7.0,3.0,2.0,0.8333333333333334,ok,,20260918,20260918
20260918,000629.SZ,钒钛股份,801043.SI,冶钢原料,L2,20,20,18,15.0,7.0,8.0,3.0,2.0,0.8333333333333334,ok,,20260918,20260918
20260918,601686.SH,友发集团,801044.SI,普钢,L2,20,20,18,15.0,7.0,8.0,3.0,2.0,0.8333333333333334,ok,,20260918,20260918
20260918,300259.SZ,新天科技,801072.SI,通用设备,L2,20,20,18,15.0,7.0,8.0,3.0,2.0,0.8333333333333334,ok,,20260918,20260918
20260918,002184.SZ,海得控制,801078.SI,自动化设备,L2,20,20,18,15.0,6.0,9.0,3.0,2.0,0.8333333333333334,ok,,20260918,20260918
20260918,002369.SZ,卓翼科技,801085.SI,消费电子,L2,20,20,18,15.0,5.0,10.0,3.0,2.0,0.8333333333333334,ok,,20260918,20260918
20260918,300570.SZ,太辰光,801102.SI,通信设备,L2,20,20,18,15.0,5.0,10.0,3.0,2.0,0.8333333333333334,ok,,20260918,20260918
20260918,300287.SZ,飞利信,801103.SI,IT服务Ⅱ,L2,20,20,18,15.0,6.0,9.0,3.0,2.0,0.8333333333333334,ok,,20260918,20260918
20260918,300448.SZ,浩云科技,801103.SI,IT服务Ⅱ,L2,20,20,18,15.0,6.0,9.0,3.0,2.0,0.8333333333333334,ok,,20260918,20260918
20260918,300609.SZ,汇纳科技,801103.SI,IT服务Ⅱ,L2,20,20,18,15.0,5.0,10.0,3.0,2.0,0.8333333333333334,ok,,20260918,20260918
20260918,600536.SH,中国软件,801103.SI,IT服务Ⅱ,L2,20,20,18,15.0,6.0,9.0,3.0,2.0,0.8333333333333334,ok,,20260918,20260918
20260918,688251.SH,井松智能,801103.SI,IT服务Ⅱ,L2,20,20,18,15.0,5.0,10.0,3.0,2.0,0.8333333333333334,ok,,20260918,20260918
20260918,300146.SZ,汤臣倍健,801124.SI,食品加工,L2,20,20,18,15.0,6.0,9.0,3.0,2.0,0.8333333333333334,ok,,20260918,20260918
20260918,002304.SZ,洋河股份,801125.SI,白酒Ⅱ,L2,20,20,18,15.0,5.0,10.0,3.0,2.0,0.8333333333333334,ok,,20260918,20260918
20260918,002570.SZ,贝因美,801127.SI,饮料乳品,L2,20,20,18,15.0,7.0,8.0,3.0,2.0,0.8333333333333334,ok,,20260918,20260918
20260918,600429.SH,三元股份,801127.SI,饮料乳品,L2,20,20,18,15.0,7.0,8.0,3.0,2.0,0.8333333333333334,ok,,20260918,20260918
20260918,002574.SZ,明牌珠宝,801133.SI,饰品,L2,20,20,18,15.0,9.0,6.0,3.0,2.0,0.8333333333333334,ok,,20260918,20260918
20260918,603833.SH,欧派家居,801142.SI,家居用品,L2,20,20,18,15.0,8.0,7.0,3.0,2.0,0.8333333333333334,ok,,20260918,20260918
20260918,603520.SH,司太立,801151.SI,化学制药,L2,20,20,18,15.0,7.0,8.0,3.0,2.0,0.8333333333333334,ok,,20260918,20260918
20260918,300318.SZ,博晖创新,801152.SI,生物制品,L2,20,20,18,15.0,8.0,7.0,3.0,2.0,0.8333333333333334,ok,,20260918,20260918
20260918,300463.SZ,迈克生物,801153.SI,医疗器械,L2,20,20,18,15.0,7.0,8.0,3.0,2.0,0.8333333333333334,ok,,20260918,20260918
20260918,600713.SH,南京医药,801154.SI,医药商业,L2,20,20,18,15.0,8.0,7.0,3.0,2.0,0.8333333333333334,ok,,20260918,20260918
20260918,300143.SZ,盈康生命,801156.SI,医疗服务,L2,20,20,18,15.0,7.0,8.0,3.0,2.0,0.8333333333333334,ok,,20260918,20260918
20260918,000631.SZ,顺发恒能,801161.SI,电力,L2,20,20,18,15.0,7.0,8.0,3.0,2.0,0.8333333333333334,ok,,20260918,20260918
20260918,600617.SH,国新能源,801163.SI,燃气Ⅱ,L2,20,20,18,15.0,8.0,7.0,3.0,2.0,0.8333333333333334,ok,,20260918,20260918
20260918,600635.SH,大众公用,801163.SI,燃气Ⅱ,L2,20,20,18,15.0,9.0,6.0,3.0,2.0,0.8333333333333334,ok,,20260918,20260918
20260918,601139.SH,深圳燃气,801163.SI,燃气Ⅱ,L2,20,20,18,15.0,8.0,7.0,3.0,2.0,0.8333333333333334,ok,,20260918,20260918
20260918,000755.SZ,山西高速,801179.SI,铁路公路,L2,20,20,18,15.0,8.0,7.0,3.0,2.0,0.8333333333333334,ok,,20260918,20260918
20260918,600650.SH,锦江在线,801179.SI,铁路公路,L2,20,20,18,15.0,7.0,8.0,3.0,2.0,0.8333333333333334,ok,,20260918,20260918
20260918,000031.SZ,大悦城,801181.SI,房地产开发,L2,20,20,18,15.0,8.0,7.0,3.0,2.0,0.8333333333333334,ok,,20260918,20260918
20260918,000090.SZ,天健集团,801181.SI,房地产开发,L2,20,20,18,15.0,8.0,7.0,3.0,2.0,0.8333333333333334,ok,,20260918,20260918
20260918,002133.SZ,广宇集团,801181.SI,房地产开发,L2,20,20,18,15.0,8.0,7.0,3.0,2.0,0.8333333333333334,ok,,20260918,20260918
20260918,600322.SH,津投城开,801181.SI,房地产开发,L2,20,20,18,15.0,9.0,6.0,3.0,2.0,0.8333333333333334,ok,,20260918,20260918
20260918,600748.SH,上实发展,801181.SI,房地产开发,L2,20,20,18,15.0,8.0,7.0,3.0,2.0,0.8333333333333334,ok,,20260918,20260918
20260918,600743.SH,华远控股,801183.SI,房地产服务,L2,20,20,18,15.0,8.0,7.0,3.0,2.0,0.8333333333333334,ok,,20260918,20260918
20260918,000679.SZ,大连友谊,801203.SI,一般零售,L2,20,20,18,15.0,8.0,7.0,3.0,2.0,0.8333333333333334,ok,,20260918,20260918
20260918,301078.SZ,孩子王,801204.SI,专业连锁Ⅱ,L2,20,20,18,15.0,9.0,6.0,3.0,2.0,0.8333333333333334,ok,,20260918,20260918
20260918,605136.SH,丽人丽妆,801206.SI,互联网电商,L2,20,20,18,15.0,9.0,6.0,3.0,2.0,0.8333333333333334,ok,,20260918,20260918
20260918,300442.SZ,润泽科技,801223.SI,通信服务,L2,20,20,18,15.0,5.0,10.0,3.0,2.0,0.8333333333333334,ok,,20260918,20260918
20260918,000401.SZ,金隅冀东,801711.SI,水泥,L2,20,20,18,15.0,9.0,6.0,3.0,2.0,0.8333333333333334,ok,,20260918,20260918
20260918,000877.SZ,天山股份,801711.SI,水泥,L2,20,20,18,15.0,8.0,7.0,3.0,2.0,0.8333333333333334,ok,,20260918,20260918
20260918,000498.SZ,山东路桥,801723.SI,基础建设,L2,20,20,18,15.0,9.0,6.0,3.0,2.0,0.8333333333333334,ok,,20260918,20260918
20260918,600512.SH,腾达建设,801723.SI,基础建设,L2,20,20,18,15.0,9.0,6.0,3.0,2.0,0.8333333333333334,ok,,20260918,20260918
20260918,301167.SZ,建研设计,801726.SI,工程咨询服务Ⅱ,L2,20,20,18,15.0,7.0,8.0,3.0,2.0,0.8333333333333334,ok,,20260918,20260918
20260918,002465.SZ,海格通信,801745.SI,军工电子Ⅱ,L2,20,20,18,15.0,7.0,8.0,3.0,2.0,0.8333333333333334,ok,,20260918,20260918
20260918,301102.SZ,兆讯传媒,801765.SI,广告营销,L2,20,20,18,15.0,7.0,8.0,3.0,2.0,0.8333333333333334,ok,,20260918,20260918
20260918,601187.SH,厦门银行,801784.SI,城商行Ⅱ,L2,20,20,18,15.0,6.0,9.0,3.0,2.0,0.8333333333333334,ok,,20260918,20260918
20260918,600908.SH,无锡银行,801785.SI,农商行Ⅱ,L2,20,20,18,15.0,8.0,7.0,3.0,2.0,0.8333333333333334,ok,,20260918,20260918
20260918,600339.SH,中油工程,801962.SI,油服工程,L2,20,20,18,15.0,7.0,8.0,3.0,2.0,0.8333333333333334,ok,,20260918,20260918
20260918,000068.SZ,华控赛格,801971.SI,环境治理,L2,20,20,18,15.0,8.0,7.0,3.0,2.0,0.8333333333333334,ok,,20260918,20260918
20260918,000885.SZ,城发环境,801971.SI,环境治理,L2,20,20,18,15.0,8.0,7.0,3.0,2.0,0.8333333333333334,ok,,20260918,20260918
20260918,003027.SZ,同兴科技,801971.SI,环境治理,L2,20,20,18,15.0,9.0,6.0,3.0,2.0,0.8333333333333334,ok,,20260918,20260918
20260918,300266.SZ,兴源环境,801971.SI,环境治理,L2,20,20,18,15.0,7.0,8.0,3.0,2.0,0.8333333333333334,ok,,20260918,20260918
20260918,920370.BJ,新安洁,801971.SI,环境治理,L2,20,20,18,15.0,7.0,8.0,3.0,2.0,0.8333333333333334,ok,,20260918,20260918
20260918,300144.SZ,宋城演艺,801993.SI,旅游及景区,L2,20,20,18,15.0,8.0,7.0,3.0,2.0,0.8333333333333334,ok,,20260918,20260918
20260918,300449.SZ,汉邦高科,801101.SI,计算机设备,L2,20,20,17,14.0,5.0,9.0,3.0,3.0,0.8235294117647058,ok,,20260918,20260918
20260918,300168.SZ,万达信息,801103.SI,IT服务Ⅱ,L2,20,20,17,14.0,5.0,9.0,3.0,3.0,0.8235294117647058,ok,,20260918,20260918
20260918,002486.SZ,嘉麟杰,801132.SI,服装家纺,L2,20,20,17,14.0,8.0,6.0,3.0,3.0,0.8235294117647058,ok,,20260918,20260918
20260918,002489.SZ,浙江永强,801142.SI,家居用品,L2,20,20,17,14.0,8.0,6.0,3.0,3.0,0.8235294117647058,ok,,20260918,20260918
20260918,300030.SZ,阳普医疗,801153.SI,医疗器械,L2,20,20,17,14.0,6.0,8.0,3.0,3.0,0.8235294117647058,ok,,20260918,20260918
20260918,000883.SZ,湖北能源,801161.SI,电力,L2,20,20,17,14.0,7.0,7.0,3.0,3.0,0.8235294117647058,ok,,20260918,20260918
20260918,600868.SH,梅雁吉祥,801161.SI,电力,L2,20,20,17,14.0,8.0,6.0,3.0,3.0,0.8235294117647058,ok,,20260918,20260918
20260918,002146.SZ,荣盛发展,801181.SI,房地产开发,L2,20,20,17,14.0,7.0,7.0,3.0,3.0,0.8235294117647058,ok,,20260918,20260918
20260918,601588.SH,北辰实业,801181.SI,房地产开发,L2,20,20,17,14.0,8.0,6.0,3.0,3.0,0.8235294117647058,ok,,20260918,20260918
20260918,002697.SZ,红旗连锁,801203.SI,一般零售,L2,20,20,17,14.0,8.0,6.0,3.0,3.0,0.8235294117647058,ok,,20260918,20260918
20260918,300856.SZ,科思股份,801982.SI,化妆品,L2,20,20,17,14.0,6.0,8.0,3.0,3.0,0.8235294117647058,ok,,20260918,20260918
20260918,603167.SH,渤海轮渡,801992.SI,航运港口,L2,20,20,17,14.0,7.0,7.0,3.0,3.0,0.8235294117647058,ok,,20260918,20260918
20260918,002157.SZ,正邦科技,801017.SI,养殖业,L2,20,20,16,13.0,8.0,5.0,3.0,4.0,0.8125,ok,,20260918,20260918
20260918,000543.SZ,皖能电力,801161.SI,电力,L2,20,20,16,13.0,7.0,6.0,3.0,4.0,0.8125,ok,,20260918,20260918
20260918,601908.SH,京运通,801161.SI,电力,L2,20,20,16,13.0,7.0,6.0,3.0,4.0,0.8125,ok,,20260918,20260918
20260918,000656.SZ,金科股份,801181.SI,房地产开发,L2,20,20,16,13.0,6.0,7.0,3.0,4.0,0.8125,ok,,20260918,20260918
20260918,000686.SZ,东北证券,801193.SI,证券Ⅱ,L2,20,20,16,13.0,7.0,6.0,3.0,4.0,0.8125,ok,,20260918,20260918
20260918,601868.SH,中国能建,801723.SI,基础建设,L2,20,20,16,13.0,7.0,6.0,3.0,4.0,0.8125,ok,,20260918,20260918
20260918,300172.SZ,中电环保,801971.SI,环境治理,L2,20,20,16,13.0,6.0,7.0,3.0,4.0,0.8125,ok,,20260918,20260918
20260918,600168.SH,武汉控股,801971.SI,环境治理,L2,20,20,16,13.0,6.0,7.0,3.0,4.0,0.8125,ok,,20260918,20260918
20260918,000930.SZ,中粮科技,801012.SI,农产品加工,L2,20,20,20,16.0,11.0,5.0,4.0,0.0,0.8,ok,,20260918,20260918
20260918,600127.SH,金健米业,801012.SI,农产品加工,L2,20,20,20,16.0,11.0,5.0,4.0,0.0,0.8,ok,,20260918,20260918
20260918,000702.SZ,正虹科技,801014.SI,饲料,L2,20,20,20,16.0,6.0,10.0,4.0,0.0,0.8,ok,,20260918,20260918
20260918,000998.SZ,隆平高科,801016.SI,种植业,L2,20,20,20,16.0,9.0,7.0,4.0,0.0,0.8,ok,,20260918,20260918
20260918,002041.SZ,登海种业,801016.SI,种植业,L2,20,20,20,16.0,9.0,7.0,4.0,0.0,0.8,ok,,20260918,20260918
20260918,002772.SZ,众兴菌业,801016.SI,种植业,L2,20,20,20,16.0,10.0,6.0,4.0,0.0,0.8,ok,,20260918,20260918
20260918,000735.SZ,罗牛山,801017.SI,养殖业,L2,20,20,20,16.0,9.0,7.0,4.0,0.0,0.8,ok,,20260918,20260918
20260918,300761.SZ,立华股份,801017.SI,养殖业,L2,20,20,20,16.0,10.0,6.0,4.0,0.0,0.8,ok,,20260918,20260918
20260918,600975.SH,新五丰,801017.SI,养殖业,L2,20,20,20,16.0,8.0,8.0,4.0,0.0,0.8,ok,,20260918,20260918
20260918,603477.SH,巨星农牧,801017.SI,养殖业,L2,20,20,20,16.0,9.0,7.0,4.0,0.0,0.8,ok,,20260918,20260918
20260918,600810.SH,神马股份,801032.SI,化学纤维,L2,20,20,20,16.0,7.0,9.0,4.0,0.0,0.8,ok,,20260918,20260918
20260918,603382.SH,海阳科技,801032.SI,化学纤维,L2,20,20,20,16.0,9.0,7.0,4.0,0.0,0.8,ok,,20260918,20260918
20260918,605166.SH,聚合顺,801032.SI,化学纤维,L2,20,20,20,16.0,7.0,9.0,4.0,0.0,0.8,ok,,20260918,20260918
20260918,000510.SZ,新金路,801033.SI,化学原料,L2,20,20,20,16.0,9.0,7.0,4.0,0.0,0.8,ok,,20260918,20260918
20260918,002648.SZ,卫星化学,801033.SI,化学原料,L2,20,20,20,16.0,8.0,8.0,4.0,0.0,0.8,ok,,20260918,20260918
20260918,601678.SH,滨化股份,801033.SI,化学原料,L2,20,20,20,16.0,7.0,9.0,4.0,0.0,0.8,ok,,20260918,20260918
20260918,300821.SZ,东岳硅材,801034.SI,化学制品,L2,20,20,20,16.0,7.0,9.0,4.0,0.0,0.8,ok,,20260918,20260918
20260918,600299.SH,安迪苏,801034.SI,化学制品,L2,20,20,20,16.0,9.0,7.0,4.0,0.0,0.8,ok,,20260918,20260918
20260918,603125.SH,常青科技,801034.SI,化学制品,L2,20,20,20,16.0,8.0,8.0,4.0,0.0,0.8,ok,,20260918,20260918
20260918,605020.SH,永和股份,801034.SI,化学制品,L2,20,20,20,16.0,8.0,8.0,4.0,0.0,0.8,ok,,20260918,20260918
20260918,605399.SH,晨光新材,801034.SI,化学制品,L2,20,20,20,16.0,9.0,7.0,4.0,0.0,0.8,ok,,20260918,20260918
20260918,002442.SZ,龙星科技,801037.SI,橡胶,L2,20,20,20,16.0,9.0,7.0,4.0,0.0,0.8,ok,,20260918,20260918
20260918,300767.SZ,震安科技,801037.SI,橡胶,L2,20,20,20,16.0,8.0,8.0,4.0,0.0,0.8,ok,,20260918,20260918
20260918,603033.SH,三维股份,801037.SI,橡胶,L2,20,20,20,16.0,8.0,8.0,4.0,0.0,0.8,ok,,20260918,20260918
20260918,000893.SZ,亚钾国际,801038.SI,农化制品,L2,20,20,20,16.0,5.0,11.0,4.0,0.0,0.8,ok,,20260918,20260918
20260918,002749.SZ,国光股份,801038.SI,农化制品,L2,20,20,20,16.0,7.0,9.0,4.0,0.0,0.8,ok,,20260918,20260918
20260918,300261.SZ,雅本化学,801038.SI,农化制品,L2,20,20,20,16.0,7.0,9.0,4.0,0.0,0.8,ok,,20260918,20260918
20260918,600078.SH,澄星股份,801038.SI,农化制品,L2,20,20,20,16.0,7.0,9.0,4.0,0.0,0.8,ok,,20260918,20260918
20260918,600096.SH,云天化,801038.SI,农化制品,L2,20,20,20,16.0,6.0,10.0,4.0,0.0,0.8,ok,,20260918,20260918
20260918,600596.SH,新安股份,801038.SI,农化制品,L2,20,20,20,16.0,7.0,9.0,4.0,0.0,0.8,ok,,20260918,20260918
20260918,000795.SZ,英洛华,801051.SI,金属新材料,L2,20,20,20,16.0,6.0,10.0,4.0,0.0,0.8,ok,,20260918,20260918
20260918,000970.SZ,中科三环,801051.SI,金属新材料,L2,20,20,20,16.0,7.0,9.0,4.0,0.0,0.8,ok,,20260918,20260918
20260918,688102.SH,斯瑞新材,801051.SI,金属新材料,L2,20,20,20,16.0,6.0,10.0,4.0,0.0,0.8,ok,,20260918,20260918
20260918,688456.SH,有研粉材,801051.SI,金属新材料,L2,20,20,20,16.0,5.0,11.0,4.0,0.0,0.8,ok,,20260918,20260918
20260918,002237.SZ,恒邦股份,801053.SI,贵金属,L2,20,20,20,16.0,6.0,10.0,4.0,0.0,0.8,ok,,20260918,20260918
20260918,600489.SH,中金黄金,801053.SI,贵金属,L2,20,20,20,16.0,6.0,10.0,4.0,0.0,0.8,ok,,20260918,20260918
20260918,000960.SZ,锡业股份,801054.SI,小金属,L2,20,20,20,16.0,8.0,8.0,4.0,0.0,0.8,ok,,20260918,20260918
20260918,000962.SZ,东方钽业,801054.SI,小金属,L2,20,20,20,16.0,8.0,8.0,4.0,0.0,0.8,ok,,20260918,20260918
20260918,002428.SZ,云南锗业,801054.SI,小金属,L2,20,20,20,16.0,7.0,9.0,4.0,0.0,0.8,ok,,20260918,20260918
20260918,002842.SZ,翔鹭钨业,801054.SI,小金属,L2,20,20,20,16.0,7.0,9.0,4.0,0.0,0.8,ok,,20260918,20260918
20260918,600259.SH,中稀有色,801054.SI,小金属,L2,20,20,20,16.0,7.0,9.0,4.0,0.0,0.8,ok,,20260918,20260918
20260918,600362.SH,江西铜业,801055.SI,工业金属,L2,20,20,20,16.0,8.0,8.0,4.0,0.0,0.8,ok,,20260918,20260918
20260918,600497.SH,驰宏锌锗,801055.SI,工业金属,L2,20,20,20,16.0,8.0,8.0,4.0,0.0,0.8,ok,,20260918,20260918
20260918,000762.SZ,西藏矿业,801056.SI,能源金属,L2,20,20,20,16.0,8.0,8.0,4.0,0.0,0.8,ok,,20260918,20260918
20260918,002240.SZ,盛新锂能,801056.SI,能源金属,L2,20,20,20,16.0,6.0,10.0,4.0,0.0,0.8,ok,,20260918,20260918
20260918,300618.SZ,寒锐钴业,801056.SI,能源金属,L2,20,20,20,16.0,7.0,9.0,4.0,0.0,0.8,ok,,20260918,20260918
20260918,301219.SZ,腾远钴业,801056.SI,能源金属,L2,20,20,20,16.0,7.0,9.0,4.0,0.0,0.8,ok,,20260918,20260918
20260918,001696.SZ,宗申动力,801072.SI,通用设备,L2,20,20,20,16.0,8.0,8.0,4.0,0.0,0.8,ok,,20260918,20260918
20260918,002248.SZ,华东数控,801072.SI,通用设备,L2,20,20,20,16.0,7.0,9.0,4.0,0.0,0.8,ok,,20260918,20260918
20260918,002520.SZ,日发精机,801072.SI,通用设备,L2,20,20,20,16.0,8.0,8.0,4.0,0.0,0.8,ok,,20260918,20260918
20260918,002633.SZ,申科股份,801072.SI,通用设备,L2,20,20,20,16.0,8.0,8.0,4.0,0.0,0.8,ok,,20260918,20260918
20260918,002767.SZ,先锋电子,801072.SI,通用设备,L2,20,20,20,16.0,8.0,8.0,4.0,0.0,0.8,ok,,20260918,20260918
20260918,002903.SZ,宇环数控,801072.SI,通用设备,L2,20,20,20,16.0,5.0,11.0,4.0,0.0,0.8,ok,,20260918,20260918
20260918,300066.SZ,三川智慧,801072.SI,通用设备,L2,20,20,20,16.0,8.0,8.0,4.0,0.0,0.8,ok,,20260918,20260918
20260918,300126.SZ,锐奇股份,801072.SI,通用设备,L2,20,20,20,16.0,8.0,8.0,4.0,0.0,0.8,ok,,20260918,20260918
20260918,300161.SZ,华中数控,801072.SI,通用设备,L2,20,20,20,16.0,8.0,8.0,4.0,0.0,0.8,ok,,20260918,20260918
20260918,300354.SZ,东华测试,801072.SI,通用设备,L2,20,20,20,16.0,7.0,9.0,4.0,0.0,0.8,ok,,20260918,20260918
20260918,300557.SZ,理工光科,801072.SI,通用设备,L2,20,20,20,16.0,6.0,10.0,4.0,0.0,0.8,ok,,20260918,20260918
20260918,300606.SZ,金太阳,801072.SI,通用设备,L2,20,20,20,16.0,7.0,9.0,4.0,0.0,0.8,ok,,20260918,20260918
20260918,300667.SZ,必创科技,801072.SI,通用设备,L2,20,20,20,16.0,7.0,9.0,4.0,0.0,0.8,ok,,20260918,20260918
20260918,300885.SZ,海昌新材,801072.SI,通用设备,L2,20,20,20,16.0,7.0,9.0,4.0,0.0,0.8,ok,,20260918,20260918
20260918,300943.SZ,春晖智控,801072.SI,通用设备,L2,20,20,20,16.0,8.0,8.0,4.0,0.0,0.8,ok,,20260918,20260918
20260918,300992.SZ,泰福泵业,801072.SI,通用设备,L2,20,20,20,16.0,9.0,7.0,4.0,0.0,0.8,ok,,20260918,20260918
20260918,301006.SZ,迈拓股份,801072.SI,通用设备,L2,20,20,20,16.0,7.0,9.0,4.0,0.0,0.8,ok,,20260918,20260918
20260918,301303.SZ,真兰仪表,801072.SI,通用设备,L2,20,20,20,16.0,6.0,10.0,4.0,0.0,0.8,ok,,20260918,20260918
20260918,301448.SZ,开创电气,801072.SI,通用设备,L2,20,20,20,16.0,8.0,8.0,4.0,0.0,0.8,ok,,20260918,20260918
20260918,301677.SZ,欣兴工具,801072.SI,通用设备,L2,20,20,20,16.0,7.0,9.0,4.0,0.0,0.8,ok,,20260918,20260918
20260918,600114.SH,东睦股份,801072.SI,通用设备,L2,20,20,20,16.0,6.0,10.0,4.0,0.0,0.8,ok,,20260918,20260918
20260918,603090.SH,宏盛股份,801072.SI,通用设备,L2,20,20,20,16.0,7.0,9.0,4.0,0.0,0.8,ok,,20260918,20260918
20260918,603699.SH,纽威股份,801072.SI,通用设备,L2,20,20,20,16.0,6.0,10.0,4.0,0.0,0.8,ok,,20260918,20260918
20260918,688028.SH,沃尔德,801072.SI,通用设备,L2,20,20,20,16.0,8.0,8.0,4.0,0.0,0.8,ok,,20260918,20260918
20260918,688257.SH,新锐股份,801072.SI,通用设备,L2,20,20,20,16.0,7.0,9.0,4.0,0.0,0.8,ok,,20260918,20260918
20260918,688333.SH,铂力特,801072.SI,通用设备,L2,20,20,20,16.0,7.0,9.0,4.0,0.0,0.8,ok,,20260918,20260918
20260918,688360.SH,德马科技,801072.SI,通用设备,L2,20,20,20,16.0,7.0,9.0,4.0,0.0,0.8,ok,,20260918,20260918
20260918,688379.SH,华光新材,801072.SI,通用设备,L2,20,20,20,16.0,8.0,8.0,4.0,0.0,0.8,ok,,20260918,20260918
20260918,688448.SH,磁谷科技,801072.SI,通用设备,L2,20,20,20,16.0,8.0,8.0,4.0,0.0,0.8,ok,,20260918,20260918
20260918,688557.SH,兰剑智能,801072.SI,通用设备,L2,20,20,20,16.0,7.0,9.0,4.0,0.0,0.8,ok,,20260918,20260918
20260918,688558.SH,国盛智科,801072.SI,通用设备,L2,20,20,20,16.0,7.0,9.0,4.0,0.0,0.8,ok,,20260918,20260918
20260918,688610.SH,埃科光电,801072.SI,通用设备,L2,20,20,20,16.0,7.0,9.0,4.0,0.0,0.8,ok,,20260918,20260918
20260918,920002.BJ,万达轴承,801072.SI,通用设备,L2,20,20,20,16.0,8.0,8.0,4.0,0.0,0.8,ok,,20260918,20260918
20260918,002611.SZ,东方精工,801074.SI,专用设备,L2,20,20,20,16.0,6.0,10.0,4.0,0.0,0.8,ok,,20260918,20260918
20260918,002837.SZ,英维克,801074.SI,专用设备,L2,20,20,20,16.0,7.0,9.0,4.0,0.0,0.8,ok,,20260918,20260918
20260918,300151.SZ,昌红科技,801074.SI,专用设备,L2,20,20,20,16.0,7.0,9.0,4.0,0.0,0.8,ok,,20260918,20260918
20260918,300415.SZ,伊之密,801074.SI,专用设备,L2,20,20,20,16.0,7.0,9.0,4.0,0.0,0.8,ok,,20260918,20260918
20260918,300480.SZ,光力科技,801074.SI,专用设备,L2,20,20,20,16.0,6.0,10.0,4.0,0.0,0.8,ok,,20260918,20260918
20260918,300836.SZ,佰奥智能,801074.SI,专用设备,L2,20,20,20,16.0,7.0,9.0,4.0,0.0,0.8,ok,,20260918,20260918
20260918,300950.SZ,德固特,801074.SI,专用设备,L2,20,20,20,16.0,7.0,9.0,4.0,0.0,0.8,ok,,20260918,20260918
20260918,301128.SZ,强瑞技术,801074.SI,专用设备,L2,20,20,20,16.0,8.0,8.0,4.0,0.0,0.8,ok,,20260918,20260918
20260918,301392.SZ,汇成真空,801074.SI,专用设备,L2,20,20,20,16.0,7.0,9.0,4.0,0.0,0.8,ok,,20260918,20260918
20260918,603173.SH,福斯达,801074.SI,专用设备,L2,20,20,20,16.0,7.0,9.0,4.0,0.0,0.8,ok,,20260918,20260918
20260918,603325.SH,博隆技术,801074.SI,专用设备,L2,20,20,20,16.0,7.0,9.0,4.0,0.0,0.8,ok,,20260918,20260918
20260918,688383.SH,新益昌,801074.SI,专用设备,L2,20,20,20,16.0,7.0,9.0,4.0,0.0,0.8,ok,,20260918,20260918
20260918,603338.SH,浙江鼎力,801077.SI,工程机械,L2,20,20,20,16.0,8.0,8.0,4.0,0.0,0.8,ok,,20260918,20260918
20260918,001223.SZ,欧克科技,801078.SI,自动化设备,L2,20,20,20,16.0,7.0,9.0,4.0,0.0,0.8,ok,,20260918,20260918
20260918,001266.SZ,宏英智能,801078.SI,自动化设备,L2,20,20,20,16.0,7.0,9.0,4.0,0.0,0.8,ok,,20260918,20260918
20260918,002957.SZ,科瑞技术,801078.SI,自动化设备,L2,20,20,20,16.0,7.0,9.0,4.0,0.0,0.8,ok,,20260918,20260918
20260918,002979.SZ,雷赛智能,801078.SI,自动化设备,L2,20,20,20,16.0,8.0,8.0,4.0,0.0,0.8,ok,,20260918,20260918
20260918,300227.SZ,光韵达,801078.SI,自动化设备,L2,20,20,20,16.0,8.0,8.0,4.0,0.0,0.8,ok,,20260918,20260918
20260918,300461.SZ,田中精机,801078.SI,自动化设备,L2,20,20,20,16.0,6.0,10.0,4.0,0.0,0.8,ok,,20260918,20260918
20260918,300802.SZ,矩子科技,801078.SI,自动化设备,L2,20,20,20,16.0,7.0,9.0,4.0,0.0,0.8,ok,,20260918,20260918
20260918,688017.SH,绿的谐波,801078.SI,自动化设备,L2,20,20,20,16.0,7.0,9.0,4.0,0.0,0.8,ok,,20260918,20260918
20260918,688025.SH,杰普特,801078.SI,自动化设备,L2,20,20,20,16.0,7.0,9.0,4.0,0.0,0.8,ok,,20260918,20260918
20260918,688090.SH,瑞松科技,801078.SI,自动化设备,L2,20,20,20,16.0,7.0,9.0,4.0,0.0,0.8,ok,,20260918,20260918
20260918,688097.SH,博众精工,801078.SI,自动化设备,L2,20,20,20,16.0,6.0,10.0,4.0,0.0,0.8,ok,,20260918,20260918
20260918,688170.SH,德龙激光,801078.SI,自动化设备,L2,20,20,20,16.0,7.0,9.0,4.0,0.0,0.8,ok,,20260918,20260918
20260918,688518.SH,联赢激光,801078.SI,自动化设备,L2,20,20,20,16.0,8.0,8.0,4.0,0.0,0.8,ok,,20260918,20260918
20260918,001309.SZ,德明利,801081.SI,半导体,L2,20,20,20,16.0,5.0,11.0,4.0,0.0,0.8,ok,,20260918,20260918
20260918,300223.SZ,君正股份,801081.SI,半导体,L2,20,20,20,16.0,6.0,10.0,4.0,0.0,0.8,ok,,20260918,20260918
20260918,300458.SZ,全志科技,801081.SI,半导体,L2,20,20,20,16.0,5.0,11.0,4.0,0.0,0.8,ok,,20260918,20260918
20260918,300666.SZ,江丰电子,801081.SI,半导体,L2,20,20,20,16.0,7.0,9.0,4.0,0.0,0.8,ok,,20260918,20260918
20260918,300671.SZ,富满微,801081.SI,半导体,L2,20,20,20,16.0,6.0,10.0,4.0,0.0,0.8,ok,,20260918,20260918
20260918,301308.SZ,江波龙,801081.SI,半导体,L2,20,20,20,16.0,5.0,11.0,4.0,0.0,0.8,ok,,20260918,20260918
20260918,301348.SZ,蓝箭电子,801081.SI,半导体,L2,20,20,20,16.0,6.0,10.0,4.0,0.0,0.8,ok,,20260918,20260918
20260918,301666.SZ,大普微,801081.SI,半导体,L2,20,20,20,16.0,5.0,11.0,4.0,0.0,0.8,ok,,20260918,20260918
20260918,600171.SH,上海贝岭,801081.SI,半导体,L2,20,20,20,16.0,6.0,10.0,4.0,0.0,0.8,ok,,20260918,20260918
20260918,600460.SH,士兰微,801081.SI,半导体,L2,20,20,20,16.0,5.0,11.0,4.0,0.0,0.8,ok,,20260918,20260918
20260918,603316.SH,诚邦股份,801081.SI,半导体,L2,20,20,20,16.0,6.0,10.0,4.0,0.0,0.8,ok,,20260918,20260918
20260918,603893.SH,瑞芯微,801081.SI,半导体,L2,20,20,20,16.0,6.0,10.0,4.0,0.0,0.8,ok,,20260918,20260918
20260918,605111.SH,新洁能,801081.SI,半导体,L2,20,20,20,16.0,6.0,10.0,4.0,0.0,0.8,ok,,20260918,20260918
20260918,605358.SH,立昂微,801081.SI,半导体,L2,20,20,20,16.0,6.0,10.0,4.0,0.0,0.8,ok,,20260918,20260918
20260918,688047.SH,龙芯中科,801081.SI,半导体,L2,20,20,20,16.0,5.0,11.0,4.0,0.0,0.8,ok,,20260918,20260918
20260918,688107.SH,安路科技,801081.SI,半导体,L2,20,20,20,16.0,6.0,10.0,4.0,0.0,0.8,ok,,20260918,20260918
20260918,688153.SH,唯捷创芯,801081.SI,半导体,L2,20,20,20,16.0,5.0,11.0,4.0,0.0,0.8,ok,,20260918,20260918
20260918,688233.SH,神工股份,801081.SI,半导体,L2,20,20,20,16.0,5.0,11.0,4.0,0.0,0.8,ok,,20260918,20260918
20260918,688261.SH,东微半导,801081.SI,半导体,L2,20,20,20,16.0,5.0,11.0,4.0,0.0,0.8,ok,,20260918,20260918
20260918,688416.SH,恒烁股份,801081.SI,半导体,L2,20,20,20,16.0,6.0,10.0,4.0,0.0,0.8,ok,,20260918,20260918
20260918,688469.SH,芯联集成,801081.SI,半导体,L2,20,20,20,16.0,5.0,11.0,4.0,0.0,0.8,ok,,20260918,20260918
20260918,688478.SH,晶升股份,801081.SI,半导体,L2,20,20,20,16.0,4.0,12.0,4.0,0.0,0.8,ok,,20260918,20260918
20260918,688486.SH,龙迅股份,801081.SI,半导体,L2,20,20,20,16.0,6.0,10.0,4.0,0.0,0.8,ok,,20260918,20260918
20260918,688515.SH,裕太微,801081.SI,半导体,L2,20,20,20,16.0,5.0,11.0,4.0,0.0,0.8,ok,,20260918,20260918
20260918,688584.SH,上海合晶,801081.SI,半导体,L2,20,20,20,16.0,5.0,11.0,4.0,0.0,0.8,ok,,20260918,20260918
20260918,688591.SH,泰凌微,801081.SI,半导体,L2,20,20,20,16.0,5.0,11.0,4.0,0.0,0.8,ok,,20260918,20260918
20260918,688652.SH,京仪装备,801081.SI,半导体,L2,20,20,20,16.0,6.0,10.0,4.0,0.0,0.8,ok,,20260918,20260918
20260918,688661.SH,和林微纳,801081.SI,半导体,L2,20,20,20,16.0,6.0,10.0,4.0,0.0,0.8,ok,,20260918,20260918
20260918,688693.SH,锴威特,801081.SI,半导体,L2,20,20,20,16.0,6.0,10.0,4.0,0.0,0.8,ok,,20260918,20260918
20260918,688709.SH,成都华微,801081.SI,半导体,L2,20,20,20,16.0,5.0,11.0,4.0,0.0,0.8,ok,,20260918,20260918
20260918,688721.SH,龙图光罩,801081.SI,半导体,L2,20,20,20,16.0,6.0,10.0,4.0,0.0,0.8,ok,,20260918,20260918
20260918,688727.SH,恒坤新材,801081.SI,半导体,L2,20,20,20,16.0,7.0,9.0,4.0,0.0,0.8,ok,,20260918,20260918
20260918,688728.SH,格科微,801081.SI,半导体,L2,20,20,20,16.0,5.0,11.0,4.0,0.0,0.8,ok,,20260918,20260918
20260918,688790.SH,昂瑞微-UW,801081.SI,半导体,L2,20,20,20,16.0,5.0,11.0,4.0,0.0,0.8,ok,,20260918,20260918
20260918,688820.SH,盛合晶微,801081.SI,半导体,L2,20,20,20,16.0,7.0,9.0,4.0,0.0,0.8,ok,,20260918,20260918
20260918,920186.BJ,中科仪,801081.SI,半导体,L2,20,20,20,16.0,6.0,10.0,4.0,0.0,0.8,ok,,20260918,20260918
20260918,002859.SZ,洁美科技,801082.SI,其他电子Ⅱ,L2,20,20,20,16.0,6.0,10.0,4.0,0.0,0.8,ok,,20260918,20260918
20260918,002636.SZ,金安国纪,801083.SI,元件,L2,20,20,20,16.0,10.0,6.0,4.0,0.0,0.8,ok,,20260918,20260918
20260918,300408.SZ,三环集团,801083.SI,元件,L2,20,20,20,16.0,10.0,6.0,4.0,0.0,0.8,ok,,20260918,20260918
20260918,300476.SZ,胜宏科技,801083.SI,元件,L2,20,20,20,16.0,8.0,8.0,4.0,0.0,0.8,ok,,20260918,20260918
20260918,300739.SZ,明阳电路,801083.SI,元件,L2,20,20,20,16.0,10.0,6.0,4.0,0.0,0.8,ok,,20260918,20260918
20260918,300936.SZ,中英科技,801083.SI,元件,L2,20,20,20,16.0,9.0,7.0,4.0,0.0,0.8,ok,,20260918,20260918
20260918,301366.SZ,一博科技,801083.SI,元件,L2,20,20,20,16.0,10.0,6.0,4.0,0.0,0.8,ok,,20260918,20260918
20260918,600601.SH,方正科技,801083.SI,元件,L2,20,20,20,16.0,10.0,6.0,4.0,0.0,0.8,ok,,20260918,20260918
20260918,603228.SH,景旺电子,801083.SI,元件,L2,20,20,20,16.0,9.0,7.0,4.0,0.0,0.8,ok,,20260918,20260918
20260918,603386.SH,骏亚科技,801083.SI,元件,L2,20,20,20,16.0,11.0,5.0,4.0,0.0,0.8,ok,,20260918,20260918
20260918,603920.SH,世运电路,801083.SI,元件,L2,20,20,20,16.0,10.0,6.0,4.0,0.0,0.8,ok,,20260918,20260918
20260918,605058.SH,澳弘电子,801083.SI,元件,L2,20,20,20,16.0,11.0,5.0,4.0,0.0,0.8,ok,,20260918,20260918
20260918,920060.BJ,万源通,801083.SI,元件,L2,20,20,20,16.0,10.0,6.0,4.0,0.0,0.8,ok,,20260918,20260918
20260918,920981.BJ,晶赛科技,801083.SI,元件,L2,20,20,20,16.0,9.0,7.0,4.0,0.0,0.8,ok,,20260918,20260918
20260918,001308.SZ,康冠科技,801084.SI,光学光电子,L2,20,20,20,16.0,8.0,8.0,4.0,0.0,0.8,ok,,20260918,20260918
20260918,002036.SZ,联创电子,801084.SI,光学光电子,L2,20,20,20,16.0,6.0,10.0,4.0,0.0,0.8,ok,,20260918,20260918
20260918,002106.SZ,莱宝高科,801084.SI,光学光电子,L2,20,20,20,16.0,9.0,7.0,4.0,0.0,0.8,ok,,20260918,20260918
20260918,002845.SZ,同兴达,801084.SI,光学光电子,L2,20,20,20,16.0,7.0,9.0,4.0,0.0,0.8,ok,,20260918,20260918
20260918,002955.SZ,鸿合科技,801084.SI,光学光电子,L2,20,20,20,16.0,8.0,8.0,4.0,0.0,0.8,ok,,20260918,20260918
20260918,002992.SZ,宝明科技,801084.SI,光学光电子,L2,20,20,20,16.0,6.0,10.0,4.0,0.0,0.8,ok,,20260918,20260918
20260918,300120.SZ,经纬辉开,801084.SI,光学光电子,L2,20,20,20,16.0,7.0,9.0,4.0,0.0,0.8,ok,,20260918,20260918
20260918,300889.SZ,爱克股份,801084.SI,光学光电子,L2,20,20,20,16.0,7.0,9.0,4.0,0.0,0.8,ok,,20260918,20260918
20260918,603773.SH,沃格光电,801084.SI,光学光电子,L2,20,20,20,16.0,7.0,9.0,4.0,0.0,0.8,ok,,20260918,20260918
20260918,605218.SH,伟时电子,801084.SI,光学光电子,L2,20,20,20,16.0,7.0,9.0,4.0,0.0,0.8,ok,,20260918,20260918
20260918,605588.SH,冠石科技,801084.SI,光学光电子,L2,20,20,20,16.0,6.0,10.0,4.0,0.0,0.8,ok,,20260918,20260918
20260918,920438.BJ,戈碧迦,801084.SI,光学光电子,L2,20,20,20,16.0,8.0,8.0,4.0,0.0,0.8,ok,,20260918,20260918
20260918,002402.SZ,和而泰,801085.SI,消费电子,L2,20,20,20,16.0,7.0,9.0,4.0,0.0,0.8,ok,,20260918,20260918
20260918,002947.SZ,恒铭达,801085.SI,消费电子,L2,20,20,20,16.0,8.0,8.0,4.0,0.0,0.8,ok,,20260918,20260918
20260918,300115.SZ,长盈精密,801085.SI,消费电子,L2,20,20,20,16.0,6.0,10.0,4.0,0.0,0.8,ok,,20260918,20260918
20260918,300709.SZ,精研科技,801085.SI,消费电子,L2,20,20,20,16.0,8.0,8.0,4.0,0.0,0.8,ok,,20260918,20260918
20260918,300843.SZ,胜蓝股份,801085.SI,消费电子,L2,20,20,20,16.0,8.0,8.0,4.0,0.0,0.8,ok,,20260918,20260918
20260918,300857.SZ,协创数据,801085.SI,消费电子,L2,20,20,20,16.0,7.0,9.0,4.0,0.0,0.8,ok,,20260918,20260918
20260918,301123.SZ,奕东电子,801085.SI,消费电子,L2,20,20,20,16.0,7.0,9.0,4.0,0.0,0.8,ok,,20260918,20260918
20260918,301387.SZ,光大同创,801085.SI,消费电子,L2,20,20,20,16.0,7.0,9.0,4.0,0.0,0.8,ok,,20260918,20260918
20260918,301486.SZ,致尚科技,801085.SI,消费电子,L2,20,20,20,16.0,7.0,9.0,4.0,0.0,0.8,ok,,20260918,20260918
20260918,600203.SH,福日电子,801085.SI,消费电子,L2,20,20,20,16.0,7.0,9.0,4.0,0.0,0.8,ok,,20260918,20260918
20260918,603380.SH,易德龙,801085.SI,消费电子,L2,20,20,20,16.0,7.0,9.0,4.0,0.0,0.8,ok,,20260918,20260918
20260918,603626.SH,科森科技,801085.SI,消费电子,L2,20,20,20,16.0,8.0,8.0,4.0,0.0,0.8,ok,,20260918,20260918
20260918,300236.SZ,上海新阳,801086.SI,电子化学品Ⅱ,L2,20,20,20,16.0,7.0,9.0,4.0,0.0,0.8,ok,,20260918,20260918
20260918,300398.SZ,飞凯材料,801086.SI,电子化学品Ⅱ,L2,20,20,20,16.0,7.0,9.0,4.0,0.0,0.8,ok,,20260918,20260918
20260918,688548.SH,广钢气体,801086.SI,电子化学品Ⅱ,L2,20,20,20,16.0,6.0,10.0,4.0,0.0,0.8,ok,,20260918,20260918
20260918,688550.SH,瑞联新材,801086.SI,电子化学品Ⅱ,L2,20,20,20,16.0,7.0,9.0,4.0,0.0,0.8,ok,,20260918,20260918
20260918,688683.SH,莱尔科技,801086.SI,电子化学品Ⅱ,L2,20,20,20,16.0,7.0,9.0,4.0,0.0,0.8,ok,,20260918,20260918
20260918,002048.SZ,宁波华翔,801093.SI,汽车零部件,L2,20,20,20,16.0,7.0,9.0,4.0,0.0,0.8,ok,,20260918,20260918
20260918,002965.SZ,祥鑫科技,801093.SI,汽车零部件,L2,20,20,20,16.0,8.0,8.0,4.0,0.0,0.8,ok,,20260918,20260918
20260918,300100.SZ,双林股份,801093.SI,汽车零部件,L2,20,20,20,16.0,8.0,8.0,4.0,0.0,0.8,ok,,20260918,20260918
20260918,300643.SZ,万通智控,801093.SI,汽车零部件,L2,20,20,20,16.0,8.0,8.0,4.0,0.0,0.8,ok,,20260918,20260918
20260918,300652.SZ,雷迪克,801093.SI,汽车零部件,L2,20,20,20,16.0,7.0,9.0,4.0,0.0,0.8,ok,,20260918,20260918
20260918,300695.SZ,兆丰股份,801093.SI,汽车零部件,L2,20,20,20,16.0,8.0,8.0,4.0,0.0,0.8,ok,,20260918,20260918
20260918,300733.SZ,西菱动力,801093.SI,汽车零部件,L2,20,20,20,16.0,7.0,9.0,4.0,0.0,0.8,ok,,20260918,20260918
20260918,301000.SZ,肇民科技,801093.SI,汽车零部件,L2,20,20,20,16.0,7.0,9.0,4.0,0.0,0.8,ok,,20260918,20260918
20260918,301020.SZ,密封科技,801093.SI,汽车零部件,L2,20,20,20,16.0,8.0,8.0,4.0,0.0,0.8,ok,,20260918,20260918
20260918,301133.SZ,金钟股份,801093.SI,汽车零部件,L2,20,20,20,16.0,7.0,9.0,4.0,0.0,0.8,ok,,20260918,20260918
20260918,301397.SZ,溯联股份,801093.SI,汽车零部件,L2,20,20,20,16.0,7.0,9.0,4.0,0.0,0.8,ok,,20260918,20260918
20260918,301550.SZ,斯菱智驱,801093.SI,汽车零部件,L2,20,20,20,16.0,7.0,9.0,4.0,0.0,0.8,ok,,20260918,20260918
20260918,301631.SZ,壹连科技,801093.SI,汽车零部件,L2,20,20,20,16.0,9.0,7.0,4.0,0.0,0.8,ok,,20260918,20260918
20260918,600933.SH,爱柯迪,801093.SI,汽车零部件,L2,20,20,20,16.0,8.0,8.0,4.0,0.0,0.8,ok,,20260918,20260918
20260918,601689.SH,拓普集团,801093.SI,汽车零部件,L2,20,20,20,16.0,7.0,9.0,4.0,0.0,0.8,ok,,20260918,20260918
20260918,603040.SH,新坐标,801093.SI,汽车零部件,L2,20,20,20,16.0,8.0,8.0,4.0,0.0,0.8,ok,,20260918,20260918
20260918,603211.SH,晋拓股份,801093.SI,汽车零部件,L2,20,20,20,16.0,8.0,8.0,4.0,0.0,0.8,ok,,20260918,20260918
20260918,603286.SH,日盈电子,801093.SI,汽车零部件,L2,20,20,20,16.0,8.0,8.0,4.0,0.0,0.8,ok,,20260918,20260918
20260918,603960.SH,克来机电,801093.SI,汽车零部件,L2,20,20,20,16.0,8.0,8.0,4.0,0.0,0.8,ok,,20260918,20260918
20260918,605333.SH,沪光股份,801093.SI,汽车零部件,L2,20,20,20,16.0,7.0,9.0,4.0,0.0,0.8,ok,,20260918,20260918
20260918,301039.SZ,中集车辆,801096.SI,商用车,L2,20,20,20,16.0,6.0,10.0,4.0,0.0,0.8,ok,,20260918,20260918
20260918,002577.SZ,雷柏科技,801101.SI,计算机设备,L2,20,20,20,16.0,6.0,10.0,4.0,0.0,0.8,ok,,20260918,20260918
20260918,002869.SZ,金溢科技,801101.SI,计算机设备,L2,20,20,20,16.0,5.0,11.0,4.0,0.0,0.8,ok,,20260918,20260918
20260918,002970.SZ,锐明技术,801101.SI,计算机设备,L2,20,20,20,16.0,4.0,12.0,4.0,0.0,0.8,ok,,20260918,20260918
20260918,300249.SZ,依米康,801101.SI,计算机设备,L2,20,20,20,16.0,6.0,10.0,4.0,0.0,0.8,ok,,20260918,20260918
20260918,300270.SZ,中威电子,801101.SI,计算机设备,L2,20,20,20,16.0,4.0,12.0,4.0,0.0,0.8,ok,,20260918,20260918
20260918,300508.SZ,维宏股份,801101.SI,计算机设备,L2,20,20,20,16.0,5.0,11.0,4.0,0.0,0.8,ok,,20260918,20260918
20260918,300691.SZ,联合光电,801101.SI,计算机设备,L2,20,20,20,16.0,6.0,10.0,4.0,0.0,0.8,ok,,20260918,20260918
20260918,300771.SZ,智莱科技,801101.SI,计算机设备,L2,20,20,20,16.0,6.0,10.0,4.0,0.0,0.8,ok,,20260918,20260918
20260918,300789.SZ,唐源电气,801101.SI,计算机设备,L2,20,20,20,16.0,5.0,11.0,4.0,0.0,0.8,ok,,20260918,20260918
20260918,301391.SZ,卡莱特,801101.SI,计算机设备,L2,20,20,20,16.0,6.0,10.0,4.0,0.0,0.8,ok,,20260918,20260918
20260918,603516.SH,淳中科技,801101.SI,计算机设备,L2,20,20,20,16.0,5.0,11.0,4.0,0.0,0.8,ok,,20260918,20260918
20260918,688188.SH,柏楚电子,801101.SI,计算机设备,L2,20,20,20,16.0,5.0,11.0,4.0,0.0,0.8,ok,,20260918,20260918
20260918,688307.SH,中润光学,801101.SI,计算机设备,L2,20,20,20,16.0,6.0,10.0,4.0,0.0,0.8,ok,,20260918,20260918
20260918,920190.BJ,雷神科技,801101.SI,计算机设备,L2,20,20,20,16.0,5.0,11.0,4.0,0.0,0.8,ok,,20260918,20260918
20260918,002279.SZ,久其软件,801104.SI,软件开发,L2,20,20,20,16.0,7.0,9.0,4.0,0.0,0.8,ok,,20260918,20260918
20260918,300229.SZ,拓尔思,801104.SI,软件开发,L2,20,20,20,16.0,7.0,9.0,4.0,0.0,0.8,ok,,20260918,20260918
20260918,300380.SZ,安硕信息,801104.SI,软件开发,L2,20,20,20,16.0,8.0,8.0,4.0,0.0,0.8,ok,,20260918,20260918
20260918,300465.SZ,高伟达,801104.SI,软件开发,L2,20,20,20,16.0,7.0,9.0,4.0,0.0,0.8,ok,,20260918,20260918
20260918,300561.SZ,汇金科技,801104.SI,软件开发,L2,20,20,20,16.0,8.0,8.0,4.0,0.0,0.8,ok,,20260918,20260918
20260918,300624.SZ,万兴科技,801104.SI,软件开发,L2,20,20,20,16.0,8.0,8.0,4.0,0.0,0.8,ok,,20260918,20260918
20260918,300730.SZ,科创信息,801104.SI,软件开发,L2,20,20,20,16.0,8.0,8.0,4.0,0.0,0.8,ok,,20260918,20260918
20260918,300996.SZ,普联软件,801104.SI,软件开发,L2,20,20,20,16.0,6.0,10.0,4.0,0.0,0.8,ok,,20260918,20260918
20260918,301159.SZ,三维天地,801104.SI,软件开发,L2,20,20,20,16.0,8.0,8.0,4.0,0.0,0.8,ok,,20260918,20260918
20260918,301195.SZ,北路智控,801104.SI,软件开发,L2,20,20,20,16.0,9.0,7.0,4.0,0.0,0.8,ok,,20260918,20260918
20260918,301315.SZ,威士顿,801104.SI,软件开发,L2,20,20,20,16.0,7.0,9.0,4.0,0.0,0.8,ok,,20260918,20260918
20260918,600288.SH,大恒科技,801104.SI,软件开发,L2,20,20,20,16.0,8.0,8.0,4.0,0.0,0.8,ok,,20260918,20260918
20260918,600455.SH,博通股份,801104.SI,软件开发,L2,20,20,20,16.0,9.0,7.0,4.0,0.0,0.8,ok,,20260918,20260918
20260918,600654.SH,中安科,801104.SI,软件开发,L2,20,20,20,16.0,8.0,8.0,4.0,0.0,0.8,ok,,20260918,20260918
20260918,603232.SH,格尔软件,801104.SI,软件开发,L2,20,20,20,16.0,8.0,8.0,4.0,0.0,0.8,ok,,20260918,20260918
20260918,603383.SH,顶点软件,801104.SI,软件开发,L2,20,20,20,16.0,7.0,9.0,4.0,0.0,0.8,ok,,20260918,20260918
20260918,688023.SH,安恒信息,801104.SI,软件开发,L2,20,20,20,16.0,8.0,8.0,4.0,0.0,0.8,ok,,20260918,20260918
20260918,688083.SH,中望软件,801104.SI,软件开发,L2,20,20,20,16.0,8.0,8.0,4.0,0.0,0.8,ok,,20260918,20260918
20260918,688118.SH,普元信息,801104.SI,软件开发,L2,20,20,20,16.0,7.0,9.0,4.0,0.0,0.8,ok,,20260918,20260918
20260918,688631.SH,莱斯信息,801104.SI,软件开发,L2,20,20,20,16.0,8.0,8.0,4.0,0.0,0.8,ok,,20260918,20260918
20260918,920207.BJ,众诚科技,801104.SI,软件开发,L2,20,20,20,16.0,9.0,7.0,4.0,0.0,0.8,ok,,20260918,20260918
20260918,920592.BJ,华信永道,801104.SI,软件开发,L2,20,20,20,16.0,8.0,8.0,4.0,0.0,0.8,ok,,20260918,20260918
20260918,920799.BJ,艾融软件,801104.SI,软件开发,L2,20,20,20,16.0,8.0,8.0,4.0,0.0,0.8,ok,,20260918,20260918
20260918,000651.SZ,格力电器,801111.SI,白色家电,L2,20,20,20,16.0,6.0,10.0,4.0,0.0,0.8,ok,,20260918,20260918
20260918,002403.SZ,爱仕达,801113.SI,小家电,L2,20,20,20,16.0,7.0,9.0,4.0,0.0,0.8,ok,,20260918,20260918
20260918,688169.SH,石头科技,801113.SI,小家电,L2,20,20,20,16.0,5.0,11.0,4.0,0.0,0.8,ok,,20260918,20260918
20260918,300342.SZ,天银机电,801116.SI,家电零部件Ⅱ,L2,20,20,20,16.0,6.0,10.0,4.0,0.0,0.8,ok,,20260918,20260918
20260918,603311.SH,金海高科,801116.SI,家电零部件Ⅱ,L2,20,20,20,16.0,6.0,10.0,4.0,0.0,0.8,ok,,20260918,20260918
20260918,603726.SH,朗迪集团,801116.SI,家电零部件Ⅱ,L2,20,20,20,16.0,7.0,9.0,4.0,0.0,0.8,ok,,20260918,20260918
20260918,300106.SZ,西部牧业,801127.SI,饮料乳品,L2,20,20,20,16.0,8.0,8.0,4.0,0.0,0.8,ok,,20260918,20260918
20260918,300892.SZ,品渥食品,801127.SI,饮料乳品,L2,20,20,20,16.0,7.0,9.0,4.0,0.0,0.8,ok,,20260918,20260918
20260918,300898.SZ,熊猫乳品,801127.SI,饮料乳品,L2,20,20,20,16.0,7.0,9.0,4.0,0.0,0.8,ok,,20260918,20260918
20260918,300915.SZ,海融科技,801127.SI,饮料乳品,L2,20,20,20,16.0,7.0,9.0,4.0,0.0,0.8,ok,,20260918,20260918
20260918,600882.SH,妙可蓝多,801127.SI,饮料乳品,L2,20,20,20,16.0,6.0,10.0,4.0,0.0,0.8,ok,,20260918,20260918
20260918,605179.SH,一鸣食品,801127.SI,饮料乳品,L2,20,20,20,16.0,8.0,8.0,4.0,0.0,0.8,ok,,20260918,20260918
20260918,605300.SH,佳禾食品,801127.SI,饮料乳品,L2,20,20,20,16.0,7.0,9.0,4.0,0.0,0.8,ok,,20260918,20260918
20260918,605337.SH,李子园,801127.SI,饮料乳品,L2,20,20,20,16.0,7.0,9.0,4.0,0.0,0.8,ok,,20260918,20260918
20260918,605388.SH,均瑶健康,801127.SI,饮料乳品,L2,20,20,20,16.0,7.0,9.0,4.0,0.0,0.8,ok,,20260918,20260918
20260918,600493.SH,凤竹纺织,801131.SI,纺织制造,L2,20,20,20,16.0,9.0,7.0,4.0,0.0,0.8,ok,,20260918,20260918
20260918,002029.SZ,七匹狼,801132.SI,服装家纺,L2,20,20,20,16.0,9.0,7.0,4.0,0.0,0.8,ok,,20260918,20260918
20260918,600137.SH,浪莎股份,801132.SI,服装家纺,L2,20,20,20,16.0,9.0,7.0,4.0,0.0,0.8,ok,,20260918,20260918
20260918,600630.SH,龙头股份,801132.SI,服装家纺,L2,20,20,20,16.0,11.0,5.0,4.0,0.0,0.8,ok,,20260918,20260918
20260918,002345.SZ,潮宏基,801133.SI,饰品,L2,20,20,20,16.0,8.0,8.0,4.0,0.0,0.8,ok,,20260918,20260918
20260918,300945.SZ,曼卡龙,801133.SI,饰品,L2,20,20,20,16.0,8.0,8.0,4.0,0.0,0.8,ok,,20260918,20260918
20260918,301177.SZ,迪阿股份,801133.SI,饰品,L2,20,20,20,16.0,8.0,8.0,4.0,0.0,0.8,ok,,20260918,20260918
20260918,603900.SH,莱绅通灵,801133.SI,饰品,L2,20,20,20,16.0,8.0,8.0,4.0,0.0,0.8,ok,,20260918,20260918
20260918,002615.SZ,哈尔斯,801142.SI,家居用品,L2,20,20,20,16.0,8.0,8.0,4.0,0.0,0.8,ok,,20260918,20260918
20260918,002798.SZ,帝欧水华,801142.SI,家居用品,L2,20,20,20,16.0,10.0,6.0,4.0,0.0,0.8,ok,,20260918,20260918
20260918,301193.SZ,家联科技,801142.SI,家居用品,L2,20,20,20,16.0,9.0,7.0,4.0,0.0,0.8,ok,,20260918,20260918
20260918,301336.SZ,趣睡科技,801142.SI,家居用品,L2,20,20,20,16.0,8.0,8.0,4.0,0.0,0.8,ok,,20260918,20260918
20260918,301469.SZ,恒达新材,801143.SI,造纸,L2,20,20,20,16.0,8.0,8.0,4.0,0.0,0.8,ok,,20260918,20260918
20260918,600793.SH,宜宾纸业,801143.SI,造纸,L2,20,20,20,16.0,10.0,6.0,4.0,0.0,0.8,ok,,20260918,20260918
20260918,603165.SH,荣晟环保,801143.SI,造纸,L2,20,20,20,16.0,8.0,8.0,4.0,0.0,0.8,ok,,20260918,20260918
20260918,002575.SZ,群兴玩具,801145.SI,文娱用品,L2,20,20,20,16.0,9.0,7.0,4.0,0.0,0.8,ok,,20260918,20260918
20260918,002678.SZ,珠江钢琴,801145.SI,文娱用品,L2,20,20,20,16.0,9.0,7.0,4.0,0.0,0.8,ok,,20260918,20260918
20260918,002862.SZ,实丰文化,801145.SI,文娱用品,L2,20,20,20,16.0,9.0,7.0,4.0,0.0,0.8,ok,,20260918,20260918
20260918,300651.SZ,金陵体育,801145.SI,文娱用品,L2,20,20,20,16.0,9.0,7.0,4.0,0.0,0.8,ok,,20260918,20260918
20260918,000739.SZ,普洛药业,801151.SI,化学制药,L2,20,20,20,16.0,9.0,7.0,4.0,0.0,0.8,ok,,20260918,20260918
20260918,000756.SZ,新华制药,801151.SI,化学制药,L2,20,20,20,16.0,7.0,9.0,4.0,0.0,0.8,ok,,20260918,20260918
20260918,000813.SZ,德展健康,801151.SI,化学制药,L2,20,20,20,16.0,9.0,7.0,4.0,0.0,0.8,ok,,20260918,20260918
20260918,000919.SZ,金陵药业,801151.SI,化学制药,L2,20,20,20,16.0,8.0,8.0,4.0,0.0,0.8,ok,,20260918,20260918
20260918,000931.SZ,中关村,801151.SI,化学制药,L2,20,20,20,16.0,8.0,8.0,4.0,0.0,0.8,ok,,20260918,20260918
20260918,002020.SZ,京新药业,801151.SI,化学制药,L2,20,20,20,16.0,7.0,9.0,4.0,0.0,0.8,ok,,20260918,20260918
20260918,002294.SZ,信立泰,801151.SI,化学制药,L2,20,20,20,16.0,8.0,8.0,4.0,0.0,0.8,ok,,20260918,20260918
20260918,002393.SZ,力生制药,801151.SI,化学制药,L2,20,20,20,16.0,8.0,8.0,4.0,0.0,0.8,ok,,20260918,20260918
20260918,002900.SZ,哈三联,801151.SI,化学制药,L2,20,20,20,16.0,8.0,8.0,4.0,0.0,0.8,ok,,20260918,20260918
20260918,300434.SZ,金石亚药,801151.SI,化学制药,L2,20,20,20,16.0,8.0,8.0,4.0,0.0,0.8,ok,,20260918,20260918
20260918,300452.SZ,山河药辅,801151.SI,化学制药,L2,20,20,20,16.0,8.0,8.0,4.0,0.0,0.8,ok,,20260918,20260918
20260918,300583.SZ,赛托生物,801151.SI,化学制药,L2,20,20,20,16.0,8.0,8.0,4.0,0.0,0.8,ok,,20260918,20260918
20260918,301130.SZ,西点药业,801151.SI,化学制药,L2,20,20,20,16.0,8.0,8.0,4.0,0.0,0.8,ok,,20260918,20260918
20260918,301211.SZ,亨迪药业,801151.SI,化学制药,L2,20,20,20,16.0,7.0,9.0,4.0,0.0,0.8,ok,,20260918,20260918
20260918,301258.SZ,富士莱,801151.SI,化学制药,L2,20,20,20,16.0,8.0,8.0,4.0,0.0,0.8,ok,,20260918,20260918
20260918,600276.SH,恒瑞医药,801151.SI,化学制药,L2,20,20,20,16.0,8.0,8.0,4.0,0.0,0.8,ok,,20260918,20260918
20260918,600513.SH,联环药业,801151.SI,化学制药,L2,20,20,20,16.0,8.0,8.0,4.0,0.0,0.8,ok,,20260918,20260918
20260918,603676.SH,卫信康,801151.SI,化学制药,L2,20,20,20,16.0,7.0,9.0,4.0,0.0,0.8,ok,,20260918,20260918
20260918,688176.SH,亚虹医药,801151.SI,化学制药,L2,20,20,20,16.0,9.0,7.0,4.0,0.0,0.8,ok,,20260918,20260918
20260918,688247.SH,宣泰医药,801151.SI,化学制药,L2,20,20,20,16.0,8.0,8.0,4.0,0.0,0.8,ok,,20260918,20260918
20260918,688658.SH,悦康药业,801151.SI,化学制药,L2,20,20,20,16.0,8.0,8.0,4.0,0.0,0.8,ok,,20260918,20260918
20260918,688690.SH,纳微科技,801151.SI,化学制药,L2,20,20,20,16.0,8.0,8.0,4.0,0.0,0.8,ok,,20260918,20260918
20260918,002007.SZ,华兰生物,801152.SI,生物制品,L2,20,20,20,16.0,8.0,8.0,4.0,0.0,0.8,ok,,20260918,20260918
20260918,002880.SZ,卫光生物,801152.SI,生物制品,L2,20,20,20,16.0,8.0,8.0,4.0,0.0,0.8,ok,,20260918,20260918
20260918,300294.SZ,博雅生物,801152.SI,生物制品,L2,20,20,20,16.0,8.0,8.0,4.0,0.0,0.8,ok,,20260918,20260918
20260918,300357.SZ,我武生物,801152.SI,生物制品,L2,20,20,20,16.0,7.0,9.0,4.0,0.0,0.8,ok,,20260918,20260918
20260918,688105.SH,诺唯赞,801152.SI,生物制品,L2,20,20,20,16.0,7.0,9.0,4.0,0.0,0.8,ok,,20260918,20260918
20260918,688520.SH,神州细胞,801152.SI,生物制品,L2,20,20,20,16.0,7.0,9.0,4.0,0.0,0.8,ok,,20260918,20260918
20260918,688670.SH,金迪克,801152.SI,生物制品,L2,20,20,20,16.0,9.0,7.0,4.0,0.0,0.8,ok,,20260918,20260918
20260918,688687.SH,凯因科技,801152.SI,生物制品,L2,20,20,20,16.0,7.0,9.0,4.0,0.0,0.8,ok,,20260918,20260918
20260918,920344.BJ,三元基因,801152.SI,生物制品,L2,20,20,20,16.0,6.0,10.0,4.0,0.0,0.8,ok,,20260918,20260918
20260918,002382.SZ,蓝帆医疗,801153.SI,医疗器械,L2,20,20,20,16.0,8.0,8.0,4.0,0.0,0.8,ok,,20260918,20260918
20260918,300642.SZ,透景生命,801153.SI,医疗器械,L2,20,20,20,16.0,8.0,8.0,4.0,0.0,0.8,ok,,20260918,20260918
20260918,300753.SZ,爱朋医疗,801153.SI,医疗器械,L2,20,20,20,16.0,8.0,8.0,4.0,0.0,0.8,ok,,20260918,20260918
20260918,301363.SZ,美好医疗,801153.SI,医疗器械,L2,20,20,20,16.0,7.0,9.0,4.0,0.0,0.8,ok,,20260918,20260918
20260918,301602.SZ,超研股份,801153.SI,医疗器械,L2,20,20,20,16.0,8.0,8.0,4.0,0.0,0.8,ok,,20260918,20260918
20260918,688016.SH,心脉医疗,801153.SI,医疗器械,L2,20,20,20,16.0,7.0,9.0,4.0,0.0,0.8,ok,,20260918,20260918
20260918,688050.SH,爱博医疗,801153.SI,医疗器械,L2,20,20,20,16.0,7.0,9.0,4.0,0.0,0.8,ok,,20260918,20260918
20260918,688067.SH,爱威科技,801153.SI,医疗器械,L2,20,20,20,16.0,8.0,8.0,4.0,0.0,0.8,ok,,20260918,20260918
20260918,688075.SH,安旭生物,801153.SI,医疗器械,L2,20,20,20,16.0,8.0,8.0,4.0,0.0,0.8,ok,,20260918,20260918
20260918,688139.SH,海尔生物,801153.SI,医疗器械,L2,20,20,20,16.0,8.0,8.0,4.0,0.0,0.8,ok,,20260918,20260918
20260918,688298.SH,东方生物,801153.SI,医疗器械,L2,20,20,20,16.0,8.0,8.0,4.0,0.0,0.8,ok,,20260918,20260918
20260918,688317.SH,之江生物,801153.SI,医疗器械,L2,20,20,20,16.0,7.0,9.0,4.0,0.0,0.8,ok,,20260918,20260918
20260918,688468.SH,科美诊断,801153.SI,医疗器械,L2,20,20,20,16.0,8.0,8.0,4.0,0.0,0.8,ok,,20260918,20260918
20260918,688606.SH,奥泰生物,801153.SI,医疗器械,L2,20,20,20,16.0,8.0,8.0,4.0,0.0,0.8,ok,,20260918,20260918
20260918,920009.BJ,丹娜生物,801153.SI,医疗器械,L2,20,20,20,16.0,7.0,9.0,4.0,0.0,0.8,ok,,20260918,20260918
20260918,920166.BJ,海圣医疗,801153.SI,医疗器械,L2,20,20,20,16.0,7.0,9.0,4.0,0.0,0.8,ok,,20260918,20260918
20260918,920278.BJ,鹿得医疗,801153.SI,医疗器械,L2,20,20,20,16.0,8.0,8.0,4.0,0.0,0.8,ok,,20260918,20260918
20260918,920504.BJ,博迅生物,801153.SI,医疗器械,L2,20,20,20,16.0,8.0,8.0,4.0,0.0,0.8,ok,,20260918,20260918
20260918,920992.BJ,中科美菱,801153.SI,医疗器械,L2,20,20,20,16.0,9.0,7.0,4.0,0.0,0.8,ok,,20260918,20260918
20260918,603368.SH,柳药集团,801154.SI,医药商业,L2,20,20,20,16.0,9.0,7.0,4.0,0.0,0.8,ok,,20260918,20260918
20260918,603716.SH,塞力医疗,801154.SI,医药商业,L2,20,20,20,16.0,8.0,8.0,4.0,0.0,0.8,ok,,20260918,20260918
20260918,002287.SZ,奇正藏药,801155.SI,中药Ⅱ,L2,20,20,20,16.0,8.0,8.0,4.0,0.0,0.8,ok,,20260918,20260918
20260918,002349.SZ,精华制药,801155.SI,中药Ⅱ,L2,20,20,20,16.0,7.0,9.0,4.0,0.0,0.8,ok,,20260918,20260918
20260918,002412.SZ,汉森制药,801155.SI,中药Ⅱ,L2,20,20,20,16.0,7.0,9.0,4.0,0.0,0.8,ok,,20260918,20260918
20260918,002728.SZ,特一药业,801155.SI,中药Ⅱ,L2,20,20,20,16.0,8.0,8.0,4.0,0.0,0.8,ok,,20260918,20260918
20260918,300158.SZ,振东制药,801155.SI,中药Ⅱ,L2,20,20,20,16.0,7.0,9.0,4.0,0.0,0.8,ok,,20260918,20260918
20260918,300519.SZ,新光药业,801155.SI,中药Ⅱ,L2,20,20,20,16.0,7.0,9.0,4.0,0.0,0.8,ok,,20260918,20260918
20260918,600129.SH,太极集团,801155.SI,中药Ⅱ,L2,20,20,20,16.0,6.0,10.0,4.0,0.0,0.8,ok,,20260918,20260918
20260918,600351.SH,亚宝药业,801155.SI,中药Ⅱ,L2,20,20,20,16.0,7.0,9.0,4.0,0.0,0.8,ok,,20260918,20260918
20260918,600436.SH,片仔癀,801155.SI,中药Ⅱ,L2,20,20,20,16.0,7.0,9.0,4.0,0.0,0.8,ok,,20260918,20260918
20260918,603567.SH,珍宝岛,801155.SI,中药Ⅱ,L2,20,20,20,16.0,7.0,9.0,4.0,0.0,0.8,ok,,20260918,20260918
20260918,603896.SH,寿仙谷,801155.SI,中药Ⅱ,L2,20,20,20,16.0,6.0,10.0,4.0,0.0,0.8,ok,,20260918,20260918
20260918,000710.SZ,贝瑞基因,801156.SI,医疗服务,L2,20,20,20,16.0,6.0,10.0,4.0,0.0,0.8,ok,,20260918,20260918
20260918,300149.SZ,睿智医药,801156.SI,医疗服务,L2,20,20,20,16.0,7.0,9.0,4.0,0.0,0.8,ok,,20260918,20260918
20260918,300347.SZ,泰格医药,801156.SI,医疗服务,L2,20,20,20,16.0,7.0,9.0,4.0,0.0,0.8,ok,,20260918,20260918
20260918,300683.SZ,海特生物,801156.SI,医疗服务,L2,20,20,20,16.0,7.0,9.0,4.0,0.0,0.8,ok,,20260918,20260918
20260918,301060.SZ,兰卫医学,801156.SI,医疗服务,L2,20,20,20,16.0,7.0,9.0,4.0,0.0,0.8,ok,,20260918,20260918
20260918,301257.SZ,普蕊斯,801156.SI,医疗服务,L2,20,20,20,16.0,6.0,10.0,4.0,0.0,0.8,ok,,20260918,20260918
20260918,688131.SH,皓元医药,801156.SI,医疗服务,L2,20,20,20,16.0,7.0,9.0,4.0,0.0,0.8,ok,,20260918,20260918
20260918,688222.SH,成都先导,801156.SI,医疗服务,L2,20,20,20,16.0,7.0,9.0,4.0,0.0,0.8,ok,,20260918,20260918
20260918,688238.SH,和元生物,801156.SI,医疗服务,L2,20,20,20,16.0,6.0,10.0,4.0,0.0,0.8,ok,,20260918,20260918
20260918,688265.SH,南模生物,801156.SI,医疗服务,L2,20,20,20,16.0,7.0,9.0,4.0,0.0,0.8,ok,,20260918,20260918
20260918,688315.SH,诺禾致源,801156.SI,医疗服务,L2,20,20,20,16.0,6.0,10.0,4.0,0.0,0.8,ok,,20260918,20260918
20260918,000875.SZ,电投绿能,801161.SI,电力,L2,20,20,20,16.0,8.0,8.0,4.0,0.0,0.8,ok,,20260918,20260918
20260918,000966.SZ,长源电力,801161.SI,电力,L2,20,20,20,16.0,9.0,7.0,4.0,0.0,0.8,ok,,20260918,20260918
20260918,600292.SH,电投水电,801161.SI,电力,L2,20,20,20,16.0,8.0,8.0,4.0,0.0,0.8,ok,,20260918,20260918
20260918,600505.SH,西昌电力,801161.SI,电力,L2,20,20,20,16.0,8.0,8.0,4.0,0.0,0.8,ok,,20260918,20260918
20260918,600726.SH,华电能源,801161.SI,电力,L2,20,20,20,16.0,7.0,9.0,4.0,0.0,0.8,ok,,20260918,20260918
20260918,600979.SH,广安爱众,801161.SI,电力,L2,20,20,20,16.0,9.0,7.0,4.0,0.0,0.8,ok,,20260918,20260918
20260918,601222.SH,林洋能源,801161.SI,电力,L2,20,20,20,16.0,9.0,7.0,4.0,0.0,0.8,ok,,20260918,20260918
20260918,601991.SH,大唐发电,801161.SI,电力,L2,20,20,20,16.0,8.0,8.0,4.0,0.0,0.8,ok,,20260918,20260918
20260918,600903.SH,贵州燃气,801163.SI,燃气Ⅱ,L2,20,20,20,16.0,10.0,6.0,4.0,0.0,0.8,ok,,20260918,20260918
20260918,603393.SH,新天然气,801163.SI,燃气Ⅱ,L2,20,20,20,16.0,10.0,6.0,4.0,0.0,0.8,ok,,20260918,20260918
20260918,600057.SH,厦门象屿,801178.SI,物流,L2,20,20,20,16.0,8.0,8.0,4.0,0.0,0.8,ok,,20260918,20260918
20260918,000006.SZ,深振业A,801181.SI,房地产开发,L2,20,20,20,16.0,9.0,7.0,4.0,0.0,0.8,ok,,20260918,20260918
20260918,000014.SZ,沙河股份,801181.SI,房地产开发,L2,20,20,20,16.0,9.0,7.0,4.0,0.0,0.8,ok,,20260918,20260918
20260918,000573.SZ,粤宏远A,801181.SI,房地产开发,L2,20,20,20,16.0,10.0,6.0,4.0,0.0,0.8,ok,,20260918,20260918
20260918,000965.SZ,天保基建,801181.SI,房地产开发,L2,20,20,20,16.0,9.0,7.0,4.0,0.0,0.8,ok,,20260918,20260918
20260918,600173.SH,卧龙新能,801181.SI,房地产开发,L2,20,20,20,16.0,9.0,7.0,4.0,0.0,0.8,ok,,20260918,20260918
20260918,600533.SH,栖霞建设,801181.SI,房地产开发,L2,20,20,20,16.0,9.0,7.0,4.0,0.0,0.8,ok,,20260918,20260918
20260918,600716.SH,凤凰股份,801181.SI,房地产开发,L2,20,20,20,16.0,9.0,7.0,4.0,0.0,0.8,ok,,20260918,20260918
20260918,600791.SH,京能置业,801181.SI,房地产开发,L2,20,20,20,16.0,8.0,8.0,4.0,0.0,0.8,ok,,20260918,20260918
20260918,002968.SZ,新大正,801183.SI,房地产服务,L2,20,20,20,16.0,10.0,6.0,4.0,0.0,0.8,ok,,20260918,20260918
20260918,600724.SH,宁波富达,801183.SI,房地产服务,L2,20,20,20,16.0,9.0,7.0,4.0,0.0,0.8,ok,,20260918,20260918
20260918,603506.SH,南都物业,801183.SI,房地产服务,L2,20,20,20,16.0,9.0,7.0,4.0,0.0,0.8,ok,,20260918,20260918
20260918,000617.SZ,中油资本,801191.SI,多元金融,L2,20,20,20,16.0,7.0,9.0,4.0,0.0,0.8,ok,,20260918,20260918
20260918,000750.SZ,国海证券,801193.SI,证券Ⅱ,L2,20,20,20,16.0,9.0,7.0,4.0,0.0,0.8,ok,,20260918,20260918
20260918,002670.SZ,国盛证券,801193.SI,证券Ⅱ,L2,20,20,20,16.0,8.0,8.0,4.0,0.0,0.8,ok,,20260918,20260918
20260918,002736.SZ,国信证券,801193.SI,证券Ⅱ,L2,20,20,20,16.0,8.0,8.0,4.0,0.0,0.8,ok,,20260918,20260918
20260918,601108.SH,财通证券,801193.SI,证券Ⅱ,L2,20,20,20,16.0,8.0,8.0,4.0,0.0,0.8,ok,,20260918,20260918
20260918,601456.SH,国联民生,801193.SI,证券Ⅱ,L2,20,20,20,16.0,8.0,8.0,4.0,0.0,0.8,ok,,20260918,20260918
20260918,601601.SH,中国太保,801194.SI,保险Ⅱ,L2,20,20,20,16.0,8.0,8.0,4.0,0.0,0.8,ok,,20260918,20260918
20260918,600278.SH,东方创业,801202.SI,贸易Ⅱ,L2,20,20,20,16.0,9.0,7.0,4.0,0.0,0.8,ok,,20260918,20260918
20260918,000759.SZ,中百集团,801203.SI,一般零售,L2,20,20,20,16.0,9.0,7.0,4.0,0.0,0.8,ok,,20260918,20260918
20260918,000882.SZ,华联股份,801203.SI,一般零售,L2,20,20,20,16.0,8.0,8.0,4.0,0.0,0.8,ok,,20260918,20260918
20260918,600694.SH,大商股份,801203.SI,一般零售,L2,20,20,20,16.0,9.0,7.0,4.0,0.0,0.8,ok,,20260918,20260918
20260918,600712.SH,南宁百货,801203.SI,一般零售,L2,20,20,20,16.0,9.0,7.0,4.0,0.0,0.8,ok,,20260918,20260918
20260918,603708.SH,家家悦,801203.SI,一般零售,L2,20,20,20,16.0,8.0,8.0,4.0,0.0,0.8,ok,,20260918,20260918
20260918,002127.SZ,南极电商,801206.SI,互联网电商,L2,20,20,20,16.0,9.0,7.0,4.0,0.0,0.8,ok,,20260918,20260918
20260918,920065.BJ,千岸科技,801206.SI,互联网电商,L2,20,20,20,16.0,9.0,7.0,4.0,0.0,0.8,ok,,20260918,20260918
20260918,002243.SZ,力合科创,801218.SI,专业服务,L2,20,20,20,16.0,7.0,9.0,4.0,0.0,0.8,ok,,20260918,20260918
20260918,300215.SZ,电科院,801218.SI,专业服务,L2,20,20,20,16.0,7.0,9.0,4.0,0.0,0.8,ok,,20260918,20260918
20260918,300797.SZ,钢研纳克,801218.SI,专业服务,L2,20,20,20,16.0,6.0,10.0,4.0,0.0,0.8,ok,,20260918,20260918
20260918,301073.SZ,君亭酒店,801219.SI,酒店餐饮,L2,20,20,20,16.0,8.0,8.0,4.0,0.0,0.8,ok,,20260918,20260918
20260918,605006.SH,山东玻纤,801712.SI,玻璃玻纤,L2,20,20,20,16.0,9.0,7.0,4.0,0.0,0.8,ok,,20260918,20260918
20260918,000786.SZ,北新建材,801713.SI,装修建材,L2,20,20,20,16.0,8.0,8.0,4.0,0.0,0.8,ok,,20260918,20260918
20260918,002791.SZ,坚朗五金,801713.SI,装修建材,L2,20,20,20,16.0,9.0,7.0,4.0,0.0,0.8,ok,,20260918,20260918
20260918,002061.SZ,浙江交科,801723.SI,基础建设,L2,20,20,15,12.0,6.0,6.0,3.0,5.0,0.8,ok,,20260918,20260918
20260918,002200.SZ,交投生态,801723.SI,基础建设,L2,20,20,20,16.0,9.0,7.0,4.0,0.0,0.8,ok,,20260918,20260918
20260918,300355.SZ,蒙草生态,801723.SI,基础建设,L2,20,20,20,16.0,9.0,7.0,4.0,0.0,0.8,ok,,20260918,20260918
20260918,300986.SZ,志特新材,801724.SI,专业工程,L2,20,20,20,16.0,7.0,9.0,4.0,0.0,0.8,ok,,20260918,20260918
20260918,301502.SZ,华阳智能,801731.SI,电机Ⅱ,L2,20,20,20,16.0,8.0,8.0,4.0,0.0,0.8,ok,,20260918,20260918
20260918,300820.SZ,英杰电气,801733.SI,其他电源设备Ⅱ,L2,20,20,20,16.0,8.0,8.0,4.0,0.0,0.8,ok,,20260918,20260918
20260918,600875.SH,东方电气,801733.SI,其他电源设备Ⅱ,L2,20,20,20,16.0,7.0,9.0,4.0,0.0,0.8,ok,,20260918,20260918
20260918,300724.SZ,捷佳伟创,801735.SI,光伏设备,L2,20,20,20,16.0,5.0,11.0,4.0,0.0,0.8,ok,,20260918,20260918
20260918,300827.SZ,上能电气,801735.SI,光伏设备,L2,20,20,20,16.0,5.0,11.0,4.0,0.0,0.8,ok,,20260918,20260918
20260918,600481.SH,双良节能,801735.SI,光伏设备,L2,20,20,20,16.0,5.0,11.0,4.0,0.0,0.8,ok,,20260918,20260918
20260918,688598.SH,金博股份,801735.SI,光伏设备,L2,20,20,20,16.0,4.0,12.0,4.0,0.0,0.8,ok,,20260918,20260918
20260918,001301.SZ,尚太科技,801737.SI,电池,L2,20,20,20,16.0,4.0,12.0,4.0,0.0,0.8,ok,,20260918,20260918
20260918,002074.SZ,国轩高科,801737.SI,电池,L2,20,20,20,16.0,5.0,11.0,4.0,0.0,0.8,ok,,20260918,20260918
20260918,002850.SZ,科达利,801737.SI,电池,L2,20,20,20,16.0,5.0,11.0,4.0,0.0,0.8,ok,,20260918,20260918
20260918,300014.SZ,亿纬锂能,801737.SI,电池,L2,20,20,20,16.0,4.0,12.0,4.0,0.0,0.8,ok,,20260918,20260918
20260918,300750.SZ,宁德时代,801737.SI,电池,L2,20,20,20,16.0,4.0,12.0,4.0,0.0,0.8,ok,,20260918,20260918
20260918,300769.SZ,德方纳米,801737.SI,电池,L2,20,20,20,16.0,5.0,11.0,4.0,0.0,0.8,ok,,20260918,20260918
20260918,301349.SZ,信德新材,801737.SI,电池,L2,20,20,20,16.0,6.0,10.0,4.0,0.0,0.8,ok,,20260918,20260918
20260918,688006.SH,杭可科,801737.SI,电池,L2,20,20,20,16.0,6.0,10.0,4.0,0.0,0.8,ok,,20260918,20260918
20260918,688063.SH,派能科技,801737.SI,电池,L2,20,20,20,16.0,5.0,11.0,4.0,0.0,0.8,ok,,20260918,20260918
20260918,000400.SZ,许继电气,801738.SI,电网设备,L2,20,20,20,16.0,5.0,11.0,4.0,0.0,0.8,ok,,20260918,20260918
20260918,002112.SZ,三变科技,801738.SI,电网设备,L2,20,20,20,16.0,6.0,10.0,4.0,0.0,0.8,ok,,20260918,20260918
20260918,300444.SZ,双杰电气,801738.SI,电网设备,L2,20,20,20,16.0,5.0,11.0,4.0,0.0,0.8,ok,,20260918,20260918
20260918,601126.SH,四方股份,801738.SI,电网设备,L2,20,20,20,16.0,5.0,11.0,4.0,0.0,0.8,ok,,20260918,20260918
20260918,688818.SH,电科蓝天,801741.SI,航天装备Ⅱ,L2,20,20,20,16.0,6.0,10.0,4.0,0.0,0.8,ok,,20260918,20260918
20260918,000697.SZ,炼石航空,801742.SI,航空装备Ⅱ,L2,20,20,20,16.0,9.0,7.0,4.0,0.0,0.8,ok,,20260918,20260918
20260918,300719.SZ,安达维尔,801742.SI,航空装备Ⅱ,L2,20,20,20,16.0,8.0,8.0,4.0,0.0,0.8,ok,,20260918,20260918
20260918,600316.SH,洪都航空,801742.SI,航空装备Ⅱ,L2,20,20,20,16.0,9.0,7.0,4.0,0.0,0.8,ok,,20260918,20260918
20260918,688281.SH,华秦科技,801742.SI,航空装备Ⅱ,L2,20,20,20,16.0,10.0,6.0,4.0,0.0,0.8,ok,,20260918,20260918
20260918,300922.SZ,天秦装备,801743.SI,地面兵装Ⅱ,L2,20,20,20,16.0,9.0,7.0,4.0,0.0,0.8,ok,,20260918,20260918
20260918,300600.SZ,国瑞科技,801744.SI,航海装备Ⅱ,L2,20,20,20,16.0,10.0,6.0,4.0,0.0,0.8,ok,,20260918,20260918
20260918,002414.SZ,高德红外,801745.SI,军工电子Ⅱ,L2,20,20,20,16.0,6.0,10.0,4.0,0.0,0.8,ok,,20260918,20260918
20260918,300177.SZ,中海达,801745.SI,军工电子Ⅱ,L2,20,20,20,16.0,7.0,9.0,4.0,0.0,0.8,ok,,20260918,20260918
20260918,300726.SZ,宏达电子,801745.SI,军工电子Ⅱ,L2,20,20,20,16.0,7.0,9.0,4.0,0.0,0.8,ok,,20260918,20260918
20260918,600990.SH,四创电子,801745.SI,军工电子Ⅱ,L2,20,20,20,16.0,8.0,8.0,4.0,0.0,0.8,ok,,20260918,20260918
20260918,603678.SH,火炬电子,801745.SI,军工电子Ⅱ,L2,20,20,20,16.0,7.0,9.0,4.0,0.0,0.8,ok,,20260918,20260918
20260918,688636.SH,智明达,801745.SI,军工电子Ⅱ,L2,20,20,20,16.0,7.0,9.0,4.0,0.0,0.8,ok,,20260918,20260918
20260918,002558.SZ,巨人网络,801764.SI,游戏Ⅱ,L2,20,20,20,16.0,7.0,9.0,4.0,0.0,0.8,ok,,20260918,20260918
20260918,300494.SZ,盛天网络,801764.SI,游戏Ⅱ,L2,20,20,20,16.0,7.0,9.0,4.0,0.0,0.8,ok,,20260918,20260918
20260918,300058.SZ,蓝色光标,801765.SI,广告营销,L2,20,20,20,16.0,7.0,9.0,4.0,0.0,0.8,ok,,20260918,20260918
20260918,300251.SZ,光线传媒,801766.SI,影视院线,L2,20,20,20,16.0,9.0,7.0,4.0,0.0,0.8,ok,,20260918,20260918
20260918,300785.SZ,值得买,801767.SI,数字媒体,L2,20,20,20,16.0,9.0,7.0,4.0,0.0,0.8,ok,,20260918,20260918
20260918,301313.SZ,凡拓数创,801767.SI,数字媒体,L2,20,20,20,16.0,8.0,8.0,4.0,0.0,0.8,ok,,20260918,20260918
20260918,603000.SH,人民网,801767.SI,数字媒体,L2,20,20,20,16.0,10.0,6.0,4.0,0.0,0.8,ok,,20260918,20260918
20260918,603533.SH,掌阅科技,801767.SI,数字媒体,L2,20,20,20,16.0,8.0,8.0,4.0,0.0,0.8,ok,,20260918,20260918
20260918,600373.SH,中文传媒,801769.SI,出版,L2,20,20,20,16.0,8.0,8.0,4.0,0.0,0.8,ok,,20260918,20260918
20260918,601858.SH,中国科传,801769.SI,出版,L2,20,20,20,16.0,8.0,8.0,4.0,0.0,0.8,ok,,20260918,20260918
20260918,000001.SZ,平安银行,801783.SI,股份制银行Ⅱ,L2,20,20,20,16.0,8.0,8.0,4.0,0.0,0.8,ok,,20260918,20260918
20260918,601528.SH,瑞丰银行,801785.SI,农商行Ⅱ,L2,20,20,20,16.0,8.0,8.0,4.0,0.0,0.8,ok,,20260918,20260918
20260918,600546.SH,山煤国际,801951.SI,煤炭开采,L2,20,20,20,16.0,7.0,9.0,4.0,0.0,0.8,ok,,20260918,20260918
20260918,601088.SH,中国神华,801951.SI,煤炭开采,L2,20,20,20,16.0,6.0,10.0,4.0,0.0,0.8,ok,,20260918,20260918
20260918,601898.SH,中煤能源,801951.SI,煤炭开采,L2,20,20,20,16.0,6.0,10.0,4.0,0.0,0.8,ok,,20260918,20260918
20260918,002554.SZ,惠博普,801962.SI,油服工程,L2,20,20,20,16.0,7.0,9.0,4.0,0.0,0.8,ok,,20260918,20260918
20260918,603727.SH,博迈科,801962.SI,油服工程,L2,20,20,20,16.0,7.0,9.0,4.0,0.0,0.8,ok,,20260918,20260918
20260918,000703.SZ,恒逸石化,801963.SI,炼化及贸易,L2,20,20,20,16.0,5.0,11.0,4.0,0.0,0.8,ok,,20260918,20260918
20260918,601233.SH,桐昆股份,801963.SI,炼化及贸易,L2,20,20,20,16.0,5.0,11.0,4.0,0.0,0.8,ok,,20260918,20260918
20260918,601857.SH,中国石油,801963.SI,炼化及贸易,L2,20,20,20,16.0,5.0,11.0,4.0,0.0,0.8,ok,,20260918,20260918
20260918,002034.SZ,旺能环境,801971.SI,环境治理,L2,20,20,20,16.0,9.0,7.0,4.0,0.0,0.8,ok,,20260918,20260918
20260918,300867.SZ,圣元环保,801971.SI,环境治理,L2,20,20,20,16.0,8.0,8.0,4.0,0.0,0.8,ok,,20260918,20260918
20260918,301049.SZ,超越科技,801971.SI,环境治理,L2,20,20,20,16.0,8.0,8.0,4.0,0.0,0.8,ok,,20260918,20260918
20260918,603759.SH,海天股份,801971.SI,环境治理,L2,20,20,20,16.0,7.0,9.0,4.0,0.0,0.8,ok,,20260918,20260918
20260918,920802.BJ,保丽洁,801971.SI,环境治理,L2,20,20,20,16.0,8.0,8.0,4.0,0.0,0.8,ok,,20260918,20260918
20260918,000890.SZ,法尔胜,801972.SI,环保设备Ⅱ,L2,20,20,20,16.0,7.0,9.0,4.0,0.0,0.8,ok,,20260918,20260918
20260918,002645.SZ,华宏科技,801972.SI,环保设备Ⅱ,L2,20,20,20,16.0,7.0,9.0,4.0,0.0,0.8,ok,,20260918,20260918
20260918,688376.SH,美埃科技,801972.SI,环保设备Ⅱ,L2,20,20,20,16.0,6.0,10.0,4.0,0.0,0.8,ok,,20260918,20260918
20260918,300658.SZ,延江股份,801981.SI,个护用品,L2,20,20,20,16.0,9.0,7.0,4.0,0.0,0.8,ok,,20260918,20260918
20260918,603193.SH,润本股份,801981.SI,个护用品,L2,20,20,20,16.0,7.0,9.0,4.0,0.0,0.8,ok,,20260918,20260918
20260918,300957.SZ,贝泰妮,801982.SI,化妆品,L2,20,20,20,16.0,6.0,10.0,4.0,0.0,0.8,ok,,20260918,20260918
20260918,601008.SH,连云港,801992.SI,航运港口,L2,20,20,20,16.0,8.0,8.0,4.0,0.0,0.8,ok,,20260918,20260918
20260918,000796.SZ,凯撒旅业,801993.SI,旅游及景区,L2,20,20,20,16.0,9.0,7.0,4.0,0.0,0.8,ok,,20260918,20260918
20260918,002707.SZ,众信旅游,801993.SI,旅游及景区,L2,20,20,20,16.0,9.0,7.0,4.0,0.0,0.8,ok,,20260918,20260918
20260918,603136.SH,天目湖,801993.SI,旅游及景区,L2,20,20,20,16.0,11.0,5.0,4.0,0.0,0.8,ok,,20260918,20260918
20260918,600996.SH,贵广网络,801995.SI,电视广播Ⅱ,L2,20,20,20,16.0,10.0,6.0,4.0,0.0,0.8,ok,,20260918,20260918
20260918,002086.SZ,东方海洋,801012.SI,农产品加工,L2,20,20,19,15.0,9.0,6.0,4.0,1.0,0.7894736842105263,ok,,20260918,20260918
20260918,002548.SZ,金新农,801014.SI,饲料,L2,20,20,19,15.0,7.0,8.0,4.0,1.0,0.7894736842105263,ok,,20260918,20260918
20260918,600201.SH,生物股份,801018.SI,动物保健Ⅱ,L2,20,20,19,15.0,6.0,9.0,4.0,1.0,0.7894736842105263,ok,,20260918,20260918
20260918,603566.SH,普莱柯,801018.SI,动物保健Ⅱ,L2,20,20,19,15.0,7.0,8.0,4.0,1.0,0.7894736842105263,ok,,20260918,20260918
20260918,600063.SH,皖维高新,801032.SI,化学纤维,L2,20,20,19,15.0,7.0,8.0,4.0,1.0,0.7894736842105263,ok,,20260918,20260918
20260918,603332.SH,苏州龙杰,801032.SI,化学纤维,L2,20,20,19,15.0,7.0,8.0,4.0,1.0,0.7894736842105263,ok,,20260918,20260918
20260918,688722.SH,同益中,801032.SI,化学纤维,L2,20,20,19,15.0,7.0,8.0,4.0,1.0,0.7894736842105263,ok,,20260918,20260918
20260918,000545.SZ,金浦钛业,801033.SI,化学原料,L2,20,20,19,15.0,8.0,7.0,4.0,1.0,0.7894736842105263,ok,,20260918,20260918
20260918,000830.SZ,鲁西化工,801033.SI,化学原料,L2,20,20,19,15.0,8.0,7.0,4.0,1.0,0.7894736842105263,ok,,20260918,20260918
20260918,002497.SZ,雅化集团,801034.SI,化学制品,L2,20,20,19,15.0,7.0,8.0,4.0,1.0,0.7894736842105263,ok,,20260918,20260918
20260918,002549.SZ,凯美特气,801034.SI,化学制品,L2,20,20,19,15.0,7.0,8.0,4.0,1.0,0.7894736842105263,ok,,20260918,20260918
20260918,300174.SZ,元力股份,801034.SI,化学制品,L2,20,20,19,15.0,7.0,8.0,4.0,1.0,0.7894736842105263,ok,,20260918,20260918
20260918,300637.SZ,扬帆新材,801034.SI,化学制品,L2,20,20,19,15.0,7.0,8.0,4.0,1.0,0.7894736842105263,ok,,20260918,20260918
20260918,600160.SH,巨化股份,801034.SI,化学制品,L2,20,20,19,15.0,8.0,7.0,4.0,1.0,0.7894736842105263,ok,,20260918,20260918
20260918,603181.SH,皇马科技,801034.SI,化学制品,L2,20,20,19,15.0,7.0,8.0,4.0,1.0,0.7894736842105263,ok,,20260918,20260918
20260918,603281.SH,江瀚新材,801034.SI,化学制品,L2,20,20,19,15.0,7.0,8.0,4.0,1.0,0.7894736842105263,ok,,20260918,20260918
20260918,001333.SZ,光华股份,801036.SI,塑料,L2,20,20,19,15.0,6.0,9.0,4.0,1.0,0.7894736842105263,ok,,20260918,20260918
20260918,002585.SZ,双星新材,801036.SI,塑料,L2,20,20,19,15.0,7.0,8.0,4.0,1.0,0.7894736842105263,ok,,20260918,20260918
20260918,002768.SZ,国恩股份,801036.SI,塑料,L2,20,20,19,15.0,8.0,7.0,4.0,1.0,0.7894736842105263,ok,,20260918,20260918
20260918,002838.SZ,道恩股份,801036.SI,塑料,L2,20,20,19,15.0,6.0,9.0,4.0,1.0,0.7894736842105263,ok,,20260918,20260918
20260918,300487.SZ,蓝晓科技,801036.SI,塑料,L2,20,20,19,15.0,6.0,9.0,4.0,1.0,0.7894736842105263,ok,,20260918,20260918
20260918,300539.SZ,横河精密,801036.SI,塑料,L2,20,20,19,15.0,7.0,8.0,4.0,1.0,0.7894736842105263,ok,,20260918,20260918
20260918,300834.SZ,星辉环材,801036.SI,塑料,L2,20,20,19,15.0,7.0,8.0,4.0,1.0,0.7894736842105263,ok,,20260918,20260918
20260918,301196.SZ,唯科科技,801036.SI,塑料,L2,20,20,19,15.0,7.0,8.0,4.0,1.0,0.7894736842105263,ok,,20260918,20260918
20260918,301538.SZ,骏鼎达,801036.SI,塑料,L2,20,20,19,15.0,8.0,7.0,4.0,1.0,0.7894736842105263,ok,,20260918,20260918
20260918,603928.SH,兴业股份,801036.SI,塑料,L2,20,20,19,15.0,6.0,9.0,4.0,1.0,0.7894736842105263,ok,,20260918,20260918
20260918,688203.SH,海正生材,801036.SI,塑料,L2,20,20,19,15.0,8.0,7.0,4.0,1.0,0.7894736842105263,ok,,20260918,20260918
20260918,688386.SH,泛亚微透,801036.SI,塑料,L2,20,20,19,15.0,7.0,8.0,4.0,1.0,0.7894736842105263,ok,,20260918,20260918
20260918,688669.SH,聚石化学,801036.SI,塑料,L2,20,20,19,15.0,7.0,8.0,4.0,1.0,0.7894736842105263,ok,,20260918,20260918
20260918,920089.BJ,禾昌聚合,801036.SI,塑料,L2,20,20,19,15.0,8.0,7.0,4.0,1.0,0.7894736842105263,ok,,20260918,20260918
20260918,002170.SZ,芭田股份,801038.SI,农化制品,L2,20,20,19,15.0,7.0,8.0,4.0,1.0,0.7894736842105263,ok,,20260918,20260918
20260918,002470.SZ,金正大,801038.SI,农化制品,L2,20,20,19,15.0,7.0,8.0,4.0,1.0,0.7894736842105263,ok,,20260918,20260918
20260918,600470.SH,六国化工,801038.SI,农化制品,L2,20,20,19,15.0,6.0,9.0,4.0,1.0,0.7894736842105263,ok,,20260918,20260918
20260918,605086.SH,龙高股份,801039.SI,非金属材料Ⅱ,L2,20,20,19,15.0,7.0,8.0,4.0,1.0,0.7894736842105263,ok,,20260918,20260918
20260918,001203.SZ,大中矿业,801043.SI,冶钢原料,L2,20,20,19,15.0,7.0,8.0,4.0,1.0,0.7894736842105263,ok,,20260918,20260918
20260918,600516.SH,方大炭素,801043.SI,冶钢原料,L2,20,20,19,15.0,9.0,6.0,4.0,1.0,0.7894736842105263,ok,,20260918,20260918
20260918,600019.SH,宝钢股份,801044.SI,普钢,L2,20,20,19,15.0,9.0,6.0,4.0,1.0,0.7894736842105263,ok,,20260918,20260918
20260918,000975.SZ,山金国际,801053.SI,贵金属,L2,20,20,19,15.0,6.0,9.0,4.0,1.0,0.7894736842105263,ok,,20260918,20260918
20260918,600111.SH,北方稀土,801054.SI,小金属,L2,20,20,19,15.0,7.0,8.0,4.0,1.0,0.7894736842105263,ok,,20260918,20260918
20260918,301125.SZ,腾亚精工,801072.SI,通用设备,L2,20,20,19,15.0,7.0,8.0,4.0,1.0,0.7894736842105263,ok,,20260918,20260918
20260918,301268.SZ,铭利达,801072.SI,通用设备,L2,20,20,19,15.0,5.0,10.0,4.0,1.0,0.7894736842105263,ok,,20260918,20260918
20260918,603339.SH,四方科技,801072.SI,通用设备,L2,20,20,19,15.0,8.0,7.0,4.0,1.0,0.7894736842105263,ok,,20260918,20260918
20260918,002779.SZ,中坚科技,801074.SI,专用设备,L2,20,20,19,15.0,8.0,7.0,4.0,1.0,0.7894736842105263,ok,,20260918,20260918
20260918,300004.SZ,南风股份,801074.SI,专用设备,L2,20,20,19,15.0,5.0,10.0,4.0,1.0,0.7894736842105263,ok,,20260918,20260918
20260918,000528.SZ,柳工,801077.SI,工程机械,L2,20,20,19,15.0,8.0,7.0,4.0,1.0,0.7894736842105263,ok,,20260918,20260918
20260918,688306.SH,均普智能,801078.SI,自动化设备,L2,20,20,19,15.0,8.0,7.0,4.0,1.0,0.7894736842105263,ok,,20260918,20260918
20260918,300053.SZ,航宇微,801081.SI,半导体,L2,20,20,19,15.0,5.0,10.0,4.0,1.0,0.7894736842105263,ok,,20260918,20260918
20260918,300623.SZ,捷捷微电,801081.SI,半导体,L2,20,20,19,15.0,7.0,8.0,4.0,1.0,0.7894736842105263,ok,,20260918,20260918
20260918,688403.SH,汇成股份,801081.SI,半导体,L2,20,20,19,15.0,6.0,9.0,4.0,1.0,0.7894736842105263,ok,,20260918,20260918
20260918,688484.SH,南芯科技,801081.SI,半导体,L2,20,20,19,15.0,5.0,10.0,4.0,1.0,0.7894736842105263,ok,,20260918,20260918
20260918,001287.SZ,中电港,801082.SI,其他电子Ⅱ,L2,20,20,19,15.0,7.0,8.0,4.0,1.0,0.7894736842105263,ok,,20260918,20260918
20260918,300102.SZ,乾照光电,801084.SI,光学光电子,L2,20,20,19,15.0,7.0,8.0,4.0,1.0,0.7894736842105263,ok,,20260918,20260918
20260918,300162.SZ,雷曼光电,801084.SI,光学光电子,L2,20,20,19,15.0,7.0,8.0,4.0,1.0,0.7894736842105263,ok,,20260918,20260918
20260918,300389.SZ,艾比森,801084.SI,光学光电子,L2,20,20,19,15.0,7.0,8.0,4.0,1.0,0.7894736842105263,ok,,20260918,20260918
20260918,300433.SZ,蓝思科技,801085.SI,消费电子,L2,20,20,19,15.0,7.0,8.0,4.0,1.0,0.7894736842105263,ok,,20260918,20260918
20260918,300822.SZ,贝仕达克,801085.SI,消费电子,L2,20,20,19,15.0,8.0,7.0,4.0,1.0,0.7894736842105263,ok,,20260918,20260918
20260918,688545.SH,兴福电子,801086.SI,电子化学品Ⅱ,L2,20,20,19,15.0,6.0,9.0,4.0,1.0,0.7894736842105263,ok,,20260918,20260918
20260918,920030.BJ,德众汽车,801092.SI,汽车服务,L2,20,20,19,15.0,9.0,6.0,4.0,1.0,0.7894736842105263,ok,,20260918,20260918
20260918,002708.SZ,光洋股份,801093.SI,汽车零部件,L2,20,20,19,15.0,9.0,6.0,4.0,1.0,0.7894736842105263,ok,,20260918,20260918
20260918,002806.SZ,华锋股份,801093.SI,汽车零部件,L2,20,20,19,15.0,7.0,8.0,4.0,1.0,0.7894736842105263,ok,,20260918,20260918
20260918,603049.SH,中策橡胶,801093.SI,汽车零部件,L2,20,20,19,15.0,7.0,8.0,4.0,1.0,0.7894736842105263,ok,,20260918,20260918
20260918,603166.SH,福达股份,801093.SI,汽车零部件,L2,20,20,19,15.0,7.0,8.0,4.0,1.0,0.7894736842105263,ok,,20260918,20260918
20260918,603809.SH,豪能股份,801093.SI,汽车零部件,L2,20,20,19,15.0,5.0,10.0,4.0,1.0,0.7894736842105263,ok,,20260918,20260918
20260918,601633.SH,长城汽车,801095.SI,乘用车,L2,20,20,19,15.0,7.0,8.0,4.0,1.0,0.7894736842105263,ok,,20260918,20260918
20260918,000800.SZ,一汽解放,801096.SI,商用车,L2,20,20,19,15.0,6.0,9.0,4.0,1.0,0.7894736842105263,ok,,20260918,20260918
20260918,600006.SH,东风股份,801096.SI,商用车,L2,20,20,19,15.0,7.0,8.0,4.0,1.0,0.7894736842105263,ok,,20260918,20260918
20260918,002197.SZ,证通电子,801101.SI,计算机设备,L2,20,20,19,15.0,6.0,9.0,4.0,1.0,0.7894736842105263,ok,,20260918,20260918
20260918,001267.SZ,汇绿生态,801102.SI,通信设备,L2,20,20,19,15.0,5.0,10.0,4.0,1.0,0.7894736842105263,ok,,20260918,20260918
20260918,002281.SZ,光迅科技,801102.SI,通信设备,L2,20,20,19,15.0,7.0,8.0,4.0,1.0,0.7894736842105263,ok,,20260918,20260918
20260918,002881.SZ,美格智能,801102.SI,通信设备,L2,20,20,19,15.0,6.0,9.0,4.0,1.0,0.7894736842105263,ok,,20260918,20260918
20260918,300565.SZ,科信技术,801102.SI,通信设备,L2,20,20,19,15.0,7.0,8.0,4.0,1.0,0.7894736842105263,ok,,20260918,20260918
20260918,301165.SZ,锐捷网络,801102.SI,通信设备,L2,20,20,19,15.0,6.0,9.0,4.0,1.0,0.7894736842105263,ok,,20260918,20260918
20260918,600345.SH,长江通信,801102.SI,通信设备,L2,20,20,19,15.0,7.0,8.0,4.0,1.0,0.7894736842105263,ok,,20260918,20260918
20260918,000555.SZ,神州信息,801103.SI,IT服务Ⅱ,L2,20,20,19,15.0,6.0,9.0,4.0,1.0,0.7894736842105263,ok,,20260918,20260918
20260918,000938.SZ,紫光股份,801103.SI,IT服务Ⅱ,L2,20,20,19,15.0,5.0,10.0,4.0,1.0,0.7894736842105263,ok,,20260918,20260918
20260918,300496.SZ,中科创达,801103.SI,IT服务Ⅱ,L2,20,20,19,15.0,5.0,10.0,4.0,1.0,0.7894736842105263,ok,,20260918,20260918
20260918,300634.SZ,彩讯股份,801103.SI,IT服务Ⅱ,L2,20,20,19,15.0,7.0,8.0,4.0,1.0,0.7894736842105263,ok,,20260918,20260918
20260918,300678.SZ,中科信息,801103.SI,IT服务Ⅱ,L2,20,20,19,15.0,6.0,9.0,4.0,1.0,0.7894736842105263,ok,,20260918,20260918
20260918,300687.SZ,赛意信息,801103.SI,IT服务Ⅱ,L2,20,20,19,15.0,5.0,10.0,4.0,1.0,0.7894736842105263,ok,,20260918,20260918
20260918,300872.SZ,天阳科技,801103.SI,IT服务Ⅱ,L2,20,20,19,15.0,5.0,10.0,4.0,1.0,0.7894736842105263,ok,,20260918,20260918
20260918,600410.SH,华胜天成,801103.SI,IT服务Ⅱ,L2,20,20,19,15.0,7.0,8.0,4.0,1.0,0.7894736842105263,ok,,20260918,20260918
20260918,600666.SH,奥瑞德,801103.SI,IT服务Ⅱ,L2,20,20,19,15.0,6.0,9.0,4.0,1.0,0.7894736842105263,ok,,20260918,20260918
20260918,600845.SH,宝信软件,801103.SI,IT服务Ⅱ,L2,20,20,19,15.0,7.0,8.0,4.0,1.0,0.7894736842105263,ok,,20260918,20260918
20260918,688004.SH,博汇科技,801103.SI,IT服务Ⅱ,L2,20,20,19,15.0,6.0,9.0,4.0,1.0,0.7894736842105263,ok,,20260918,20260918
20260918,688088.SH,虹软科技,801103.SI,IT服务Ⅱ,L2,20,20,19,15.0,6.0,9.0,4.0,1.0,0.7894736842105263,ok,,20260918,20260918
20260918,688228.SH,开普云,801103.SI,IT服务Ⅱ,L2,20,20,19,15.0,5.0,10.0,4.0,1.0,0.7894736842105263,ok,,20260918,20260918
20260918,688316.SH,青云科技,801103.SI,IT服务Ⅱ,L2,20,20,19,15.0,6.0,9.0,4.0,1.0,0.7894736842105263,ok,,20260918,20260918
20260918,688343.SH,云天励飞,801103.SI,IT服务Ⅱ,L2,20,20,19,15.0,6.0,9.0,4.0,1.0,0.7894736842105263,ok,,20260918,20260918
20260918,688787.SH,海天瑞声,801103.SI,IT服务Ⅱ,L2,20,20,19,15.0,4.0,11.0,4.0,1.0,0.7894736842105263,ok,,20260918,20260918
20260918,920116.BJ,星图测控,801103.SI,IT服务Ⅱ,L2,20,20,19,15.0,6.0,9.0,4.0,1.0,0.7894736842105263,ok,,20260918,20260918
20260918,920184.BJ,国源科技,801103.SI,IT服务Ⅱ,L2,20,20,19,15.0,6.0,9.0,4.0,1.0,0.7894736842105263,ok,,20260918,20260918
20260918,920564.BJ,天润科技,801103.SI,IT服务Ⅱ,L2,20,20,19,15.0,7.0,8.0,4.0,1.0,0.7894736842105263,ok,,20260918,20260918
20260918,920748.BJ,路桥信息,801103.SI,IT服务Ⅱ,L2,20,20,19,15.0,6.0,9.0,4.0,1.0,0.7894736842105263,ok,,20260918,20260918
20260918,002405.SZ,四维图新,801104.SI,软件开发,L2,20,20,19,15.0,6.0,9.0,4.0,1.0,0.7894736842105263,ok,,20260918,20260918
20260918,300188.SZ,国投智能,801104.SI,软件开发,L2,20,20,19,15.0,6.0,9.0,4.0,1.0,0.7894736842105263,ok,,20260918,20260918
20260918,300348.SZ,长亮科技,801104.SI,软件开发,L2,20,20,19,15.0,7.0,8.0,4.0,1.0,0.7894736842105263,ok,,20260918,20260918
20260918,300542.SZ,新晨科技,801104.SI,软件开发,L2,20,20,19,15.0,7.0,8.0,4.0,1.0,0.7894736842105263,ok,,20260918,20260918
20260918,300579.SZ,数字认证,801104.SI,软件开发,L2,20,20,19,15.0,7.0,8.0,4.0,1.0,0.7894736842105263,ok,,20260918,20260918
20260918,301378.SZ,通达海,801104.SI,软件开发,L2,20,20,19,15.0,7.0,8.0,4.0,1.0,0.7894736842105263,ok,,20260918,20260918
20260918,688078.SH,龙软科技,801104.SI,软件开发,L2,20,20,19,15.0,9.0,6.0,4.0,1.0,0.7894736842105263,ok,,20260918,20260918
20260918,688579.SH,地纬智能,801104.SI,软件开发,L2,20,20,19,15.0,7.0,8.0,4.0,1.0,0.7894736842105263,ok,,20260918,20260918
20260918,688590.SH,新致软件,801104.SI,软件开发,L2,20,20,19,15.0,7.0,8.0,4.0,1.0,0.7894736842105263,ok,,20260918,20260918
20260918,002076.SZ,星光股份,801115.SI,照明设备Ⅱ,L2,20,20,19,15.0,8.0,7.0,4.0,1.0,0.7894736842105263,ok,,20260918,20260918
20260918,002216.SZ,三全食品,801124.SI,食品加工,L2,20,20,19,15.0,7.0,8.0,4.0,1.0,0.7894736842105263,ok,,20260918,20260918
20260918,000568.SZ,泸州老窖,801125.SI,白酒Ⅱ,L2,20,20,19,15.0,4.0,11.0,4.0,1.0,0.7894736842105263,ok,,20260918,20260918
20260918,000858.SZ,五粮液,801125.SI,白酒Ⅱ,L2,20,20,19,15.0,5.0,10.0,4.0,1.0,0.7894736842105263,ok,,20260918,20260918
20260918,600559.SH,老白干酒,801125.SI,白酒Ⅱ,L2,20,20,19,15.0,4.0,11.0,4.0,1.0,0.7894736842105263,ok,,20260918,20260918
20260918,600809.SH,山西汾酒,801125.SI,白酒Ⅱ,L2,20,20,19,15.0,5.0,10.0,4.0,1.0,0.7894736842105263,ok,,20260918,20260918
20260918,603711.SH,香飘飘,801127.SI,饮料乳品,L2,20,20,19,15.0,7.0,8.0,4.0,1.0,0.7894736842105263,ok,,20260918,20260918
20260918,000716.SZ,黑芝麻,801128.SI,休闲食品,L2,20,20,19,15.0,8.0,7.0,4.0,1.0,0.7894736842105263,ok,,20260918,20260918
20260918,002956.SZ,西麦食品,801128.SI,休闲食品,L2,20,20,19,15.0,8.0,7.0,4.0,1.0,0.7894736842105263,ok,,20260918,20260918
20260918,002991.SZ,甘源食品,801128.SI,休闲食品,L2,20,20,19,15.0,8.0,7.0,4.0,1.0,0.7894736842105263,ok,,20260918,20260918
20260918,300973.SZ,立高食品,801128.SI,休闲食品,L2,20,20,19,15.0,8.0,7.0,4.0,1.0,0.7894736842105263,ok,,20260918,20260918
20260918,603043.SH,广州酒家,801128.SI,休闲食品,L2,20,20,19,15.0,8.0,7.0,4.0,1.0,0.7894736842105263,ok,,20260918,20260918
20260918,000726.SZ,鲁泰A,801131.SI,纺织制造,L2,20,20,19,15.0,8.0,7.0,4.0,1.0,0.7894736842105263,ok,,20260918,20260918
20260918,002144.SZ,宏达高科,801131.SI,纺织制造,L2,20,20,19,15.0,8.0,7.0,4.0,1.0,0.7894736842105263,ok,,20260918,20260918
20260918,605180.SH,华生科技,801131.SI,纺织制造,L2,20,20,19,15.0,9.0,6.0,4.0,1.0,0.7894736842105263,ok,,20260918,20260918
20260918,002656.SZ,摩登大道,801132.SI,服装家纺,L2,20,20,19,15.0,9.0,6.0,4.0,1.0,0.7894736842105263,ok,,20260918,20260918
20260918,601566.SH,九牧王,801132.SI,服装家纺,L2,20,20,19,15.0,9.0,6.0,4.0,1.0,0.7894736842105263,ok,,20260918,20260918
20260918,603839.SH,安正时尚,801132.SI,服装家纺,L2,20,20,19,15.0,9.0,6.0,4.0,1.0,0.7894736842105263,ok,,20260918,20260918
20260918,601968.SH,宝钢包装,801141.SI,包装印刷,L2,20,20,19,15.0,8.0,7.0,4.0,1.0,0.7894736842105263,ok,,20260918,20260918
20260918,300993.SZ,玉马科技,801142.SI,家居用品,L2,20,20,19,15.0,9.0,6.0,4.0,1.0,0.7894736842105263,ok,,20260918,20260918
20260918,603326.SH,我乐家居,801142.SI,家居用品,L2,20,20,19,15.0,9.0,6.0,4.0,1.0,0.7894736842105263,ok,,20260918,20260918
20260918,603408.SH,建霖家居,801142.SI,家居用品,L2,20,20,19,15.0,10.0,5.0,4.0,1.0,0.7894736842105263,ok,,20260918,20260918
20260918,603801.SH,志邦家居,801142.SI,家居用品,L2,20,20,19,15.0,8.0,7.0,4.0,1.0,0.7894736842105263,ok,,20260918,20260918
20260918,603898.SH,好莱客,801142.SI,家居用品,L2,20,20,19,15.0,9.0,6.0,4.0,1.0,0.7894736842105263,ok,,20260918,20260918
20260918,000153.SZ,丰原药业,801151.SI,化学制药,L2,20,20,19,15.0,8.0,7.0,4.0,1.0,0.7894736842105263,ok,,20260918,20260918
20260918,300584.SZ,海辰药业,801151.SI,化学制药,L2,20,20,19,15.0,7.0,8.0,4.0,1.0,0.7894736842105263,ok,,20260918,20260918
20260918,300765.SZ,石药创新,801151.SI,化学制药,L2,20,20,19,15.0,7.0,8.0,4.0,1.0,0.7894736842105263,ok,,20260918,20260918
20260918,301246.SZ,宏源药业,801151.SI,化学制药,L2,20,20,19,15.0,6.0,9.0,4.0,1.0,0.7894736842105263,ok,,20260918,20260918
20260918,600216.SH,浙江医药,801151.SI,化学制药,L2,20,20,19,15.0,7.0,8.0,4.0,1.0,0.7894736842105263,ok,,20260918,20260918
20260918,600789.SH,鲁抗医药,801151.SI,化学制药,L2,20,20,19,15.0,10.0,5.0,4.0,1.0,0.7894736842105263,ok,,20260918,20260918
20260918,600812.SH,华北制药,801151.SI,化学制药,L2,20,20,19,15.0,7.0,8.0,4.0,1.0,0.7894736842105263,ok,,20260918,20260918
20260918,002252.SZ,上海莱士,801152.SI,生物制品,L2,20,20,19,15.0,8.0,7.0,4.0,1.0,0.7894736842105263,ok,,20260918,20260918
20260918,002086.SZ,东方海洋,801153.SI,医疗器械,L2,20,20,19,15.0,8.0,7.0,4.0,1.0,0.7894736842105263,ok,,20260918,20260918
20260918,300003.SZ,乐普医疗,801153.SI,医疗器械,L2,20,20,19,15.0,7.0,8.0,4.0,1.0,0.7894736842105263,ok,,20260918,20260918
20260918,300238.SZ,冠昊生物,801153.SI,医疗器械,L2,20,20,19,15.0,8.0,7.0,4.0,1.0,0.7894736842105263,ok,,20260918,20260918
20260918,300529.SZ,健帆生物,801153.SI,医疗器械,L2,20,20,19,15.0,6.0,9.0,4.0,1.0,0.7894736842105263,ok,,20260918,20260918
20260918,600807.SH,济高发展,801153.SI,医疗器械,L2,20,20,19,15.0,9.0,6.0,4.0,1.0,0.7894736842105263,ok,,20260918,20260918
20260918,688389.SH,普门科技,801153.SI,医疗器械,L2,20,20,19,15.0,7.0,8.0,4.0,1.0,0.7894736842105263,ok,,20260918,20260918
20260918,000028.SZ,国药一致,801154.SI,医药商业,L2,20,20,19,15.0,8.0,7.0,4.0,1.0,0.7894736842105263,ok,,20260918,20260918
20260918,000999.SZ,华润三九,801155.SI,中药Ⅱ,L2,20,20,19,15.0,6.0,9.0,4.0,1.0,0.7894736842105263,ok,,20260918,20260918
20260918,002275.SZ,桂林三金,801155.SI,中药Ⅱ,L2,20,20,19,15.0,5.0,10.0,4.0,1.0,0.7894736842105263,ok,,20260918,20260918
20260918,600252.SH,中恒集团,801155.SI,中药Ⅱ,L2,20,20,19,15.0,7.0,8.0,4.0,1.0,0.7894736842105263,ok,,20260918,20260918
20260918,600332.SH,白云山,801155.SI,中药Ⅱ,L2,20,20,19,15.0,6.0,9.0,4.0,1.0,0.7894736842105263,ok,,20260918,20260918
20260918,603858.SH,步长制药,801155.SI,中药Ⅱ,L2,20,20,19,15.0,6.0,9.0,4.0,1.0,0.7894736842105263,ok,,20260918,20260918
20260918,002608.SZ,江苏国信,801161.SI,电力,L2,20,20,19,15.0,9.0,6.0,4.0,1.0,0.7894736842105263,ok,,20260918,20260918
20260918,601016.SH,节能风电,801161.SI,电力,L2,20,20,19,15.0,8.0,7.0,4.0,1.0,0.7894736842105263,ok,,20260918,20260918
20260918,920010.BJ,凯添燃气,801163.SI,燃气Ⅱ,L2,20,20,19,15.0,8.0,7.0,4.0,1.0,0.7894736842105263,ok,,20260918,20260918
20260918,600704.SH,物产中大,801178.SI,物流,L2,20,20,19,15.0,9.0,6.0,4.0,1.0,0.7894736842105263,ok,,20260918,20260918
20260918,000036.SZ,华联控股,801181.SI,房地产开发,L2,20,20,19,15.0,8.0,7.0,4.0,1.0,0.7894736842105263,ok,,20260918,20260918
20260918,000736.SZ,中交发展,801181.SI,房地产开发,L2,20,20,19,15.0,8.0,7.0,4.0,1.0,0.7894736842105263,ok,,20260918,20260918
20260918,000797.SZ,中国武夷,801181.SI,房地产开发,L2,20,20,19,15.0,9.0,6.0,4.0,1.0,0.7894736842105263,ok,,20260918,20260918
20260918,600638.SH,新黄浦,801181.SI,房地产开发,L2,20,20,19,15.0,8.0,7.0,4.0,1.0,0.7894736842105263,ok,,20260918,20260918
20260918,600692.SH,亚通股份,801181.SI,房地产开发,L2,20,20,19,15.0,10.0,5.0,4.0,1.0,0.7894736842105263,ok,,20260918,20260918
20260918,001914.SZ,招商积余,801183.SI,房地产服务,L2,20,20,19,15.0,9.0,6.0,4.0,1.0,0.7894736842105263,ok,,20260918,20260918
20260918,600155.SH,华创云信,801193.SI,证券Ⅱ,L2,20,20,19,15.0,8.0,7.0,4.0,1.0,0.7894736842105263,ok,,20260918,20260918
20260918,600369.SH,西南证券,801193.SI,证券Ⅱ,L2,20,20,19,15.0,8.0,7.0,4.0,1.0,0.7894736842105263,ok,,20260918,20260918
20260918,600918.SH,中泰证券,801193.SI,证券Ⅱ,L2,20,20,19,15.0,8.0,7.0,4.0,1.0,0.7894736842105263,ok,,20260918,20260918
20260918,601881.SH,中国银河,801193.SI,证券Ⅱ,L2,20,20,19,15.0,9.0,6.0,4.0,1.0,0.7894736842105263,ok,,20260918,20260918
20260918,000419.SZ,通程控股,801203.SI,一般零售,L2,20,20,19,15.0,8.0,7.0,4.0,1.0,0.7894736842105263,ok,,20260918,20260918
20260918,000785.SZ,居然智家,801203.SI,一般零售,L2,20,20,19,15.0,8.0,7.0,4.0,1.0,0.7894736842105263,ok,,20260918,20260918
20260918,002187.SZ,广百股份,801203.SI,一般零售,L2,20,20,19,15.0,9.0,6.0,4.0,1.0,0.7894736842105263,ok,,20260918,20260918
20260918,600280.SH,中央商场,801203.SI,一般零售,L2,20,20,19,15.0,8.0,7.0,4.0,1.0,0.7894736842105263,ok,,20260918,20260918
20260918,600838.SH,上海九百,801203.SI,一般零售,L2,20,20,19,15.0,9.0,6.0,4.0,1.0,0.7894736842105263,ok,,20260918,20260918
20260918,601828.SH,美凯龙,801203.SI,一般零售,L2,20,20,19,15.0,8.0,7.0,4.0,1.0,0.7894736842105263,ok,,20260918,20260918
20260918,301558.SZ,三态股份,801206.SI,互联网电商,L2,20,20,19,15.0,8.0,7.0,4.0,1.0,0.7894736842105263,ok,,20260918,20260918
20260918,300887.SZ,谱尼测试,801218.SI,专业服务,L2,20,20,19,15.0,7.0,8.0,4.0,1.0,0.7894736842105263,ok,,20260918,20260918
20260918,002123.SZ,梦网科技,801223.SI,通信服务,L2,20,20,19,15.0,6.0,9.0,4.0,1.0,0.7894736842105263,ok,,20260918,20260918
20260918,300292.SZ,吴通控股,801223.SI,通信服务,L2,20,20,19,15.0,6.0,9.0,4.0,1.0,0.7894736842105263,ok,,20260918,20260918
20260918,300921.SZ,南凌科技,801223.SI,通信服务,L2,20,20,19,15.0,5.0,10.0,4.0,1.0,0.7894736842105263,ok,,20260918,20260918
20260918,301382.SZ,蜂助手,801223.SI,通信服务,L2,20,20,19,15.0,4.0,11.0,4.0,1.0,0.7894736842105263,ok,,20260918,20260918
20260918,301428.SZ,世纪恒通,801223.SI,通信服务,L2,20,20,19,15.0,6.0,9.0,4.0,1.0,0.7894736842105263,ok,,20260918,20260918
20260918,603220.SH,中贝通信,801223.SI,通信服务,L2,20,20,19,15.0,6.0,9.0,4.0,1.0,0.7894736842105263,ok,,20260918,20260918
20260918,600326.SH,西藏天路,801711.SI,水泥,L2,20,20,19,15.0,9.0,6.0,4.0,1.0,0.7894736842105263,ok,,20260918,20260918
20260918,002375.SZ,亚厦股份,801722.SI,装修装饰Ⅱ,L2,20,20,19,15.0,7.0,8.0,4.0,1.0,0.7894736842105263,ok,,20260918,20260918
20260918,600853.SH,龙建股份,801723.SI,基础建设,L2,20,20,19,15.0,9.0,6.0,4.0,1.0,0.7894736842105263,ok,,20260918,20260918
20260918,601186.SH,中国铁建,801723.SI,基础建设,L2,20,20,19,15.0,9.0,6.0,4.0,1.0,0.7894736842105263,ok,,20260918,20260918
20260918,601390.SH,中国中铁,801723.SI,基础建设,L2,20,20,19,15.0,9.0,6.0,4.0,1.0,0.7894736842105263,ok,,20260918,20260918
20260918,601611.SH,中国核建,801723.SI,基础建设,L2,20,20,19,15.0,9.0,6.0,4.0,1.0,0.7894736842105263,ok,,20260918,20260918
20260918,601133.SH,柏诚股份,801724.SI,专业工程,L2,20,20,19,15.0,6.0,9.0,4.0,1.0,0.7894736842105263,ok,,20260918,20260918
20260918,603017.SH,中衡设计,801726.SI,工程咨询服务Ⅱ,L2,20,20,19,15.0,8.0,7.0,4.0,1.0,0.7894736842105263,ok,,20260918,20260918
20260918,600438.SH,通威股份,801735.SI,光伏设备,L2,20,20,19,15.0,4.0,11.0,4.0,1.0,0.7894736842105263,ok,,20260918,20260918
20260918,688599.SH,天合光能,801735.SI,光伏设备,L2,20,20,19,15.0,5.0,10.0,4.0,1.0,0.7894736842105263,ok,,20260918,20260918
20260918,300129.SZ,泰胜风能,801736.SI,风电设备,L2,20,20,19,15.0,9.0,6.0,4.0,1.0,0.7894736842105263,ok,,20260918,20260918
20260918,301291.SZ,明阳电气,801738.SI,电网设备,L2,20,20,19,15.0,5.0,10.0,4.0,1.0,0.7894736842105263,ok,,20260918,20260918
20260918,300034.SZ,钢研高纳,801742.SI,航空装备Ⅱ,L2,20,20,19,15.0,8.0,7.0,4.0,1.0,0.7894736842105263,ok,,20260918,20260918
20260918,300696.SZ,爱乐达,801742.SI,航空装备Ⅱ,L2,20,20,19,15.0,8.0,7.0,4.0,1.0,0.7894736842105263,ok,,20260918,20260918
20260918,300113.SZ,顺网科技,801764.SI,游戏Ⅱ,L2,20,20,19,15.0,8.0,7.0,4.0,1.0,0.7894736842105263,ok,,20260918,20260918
20260918,300071.SZ,福石控股,801765.SI,广告营销,L2,20,20,19,15.0,8.0,7.0,4.0,1.0,0.7894736842105263,ok,,20260918,20260918
20260918,600358.SH,国旅联合,801765.SI,广告营销,L2,20,20,19,15.0,9.0,6.0,4.0,1.0,0.7894736842105263,ok,,20260918,20260918
20260918,002181.SZ,粤传媒,801769.SI,出版,L2,20,20,19,15.0,8.0,7.0,4.0,1.0,0.7894736842105263,ok,,20260918,20260918
20260918,605577.SH,龙版传媒,801769.SI,出版,L2,20,20,19,15.0,9.0,6.0,4.0,1.0,0.7894736842105263,ok,,20260918,20260918
20260918,001227.SZ,兰州银行,801784.SI,城商行Ⅱ,L2,20,20,19,15.0,7.0,8.0,4.0,1.0,0.7894736842105263,ok,,20260918,20260918
20260918,601577.SH,长沙银行,801784.SI,城商行Ⅱ,L2,20,20,19,15.0,9.0,6.0,4.0,1.0,0.7894736842105263,ok,,20260918,20260918
20260918,601011.SH,宝泰隆,801952.SI,焦炭Ⅱ,L2,20,20,19,15.0,7.0,8.0,4.0,1.0,0.7894736842105263,ok,,20260918,20260918
20260918,002629.SZ,仁智股份,801962.SI,油服工程,L2,20,20,19,15.0,6.0,9.0,4.0,1.0,0.7894736842105263,ok,,20260918,20260918
20260918,002672.SZ,东江环保,801971.SI,环境治理,L2,20,20,19,15.0,8.0,7.0,4.0,1.0,0.7894736842105263,ok,,20260918,20260918
20260918,300140.SZ,节能环境,801971.SI,环境治理,L2,20,20,19,15.0,8.0,7.0,4.0,1.0,0.7894736842105263,ok,,20260918,20260918
20260918,300437.SZ,清水源,801971.SI,环境治理,L2,20,20,19,15.0,7.0,8.0,4.0,1.0,0.7894736842105263,ok,,20260918,20260918
20260918,300774.SZ,倍杰特,801971.SI,环境治理,L2,20,20,19,15.0,6.0,9.0,4.0,1.0,0.7894736842105263,ok,,20260918,20260918
20260918,301519.SZ,舜禹股份,801971.SI,环境治理,L2,20,20,19,15.0,8.0,7.0,4.0,1.0,0.7894736842105263,ok,,20260918,20260918
20260918,300203.SZ,聚光科技,801972.SI,环保设备Ⅱ,L2,20,20,19,15.0,6.0,9.0,4.0,1.0,0.7894736842105263,ok,,20260918,20260918
20260918,002159.SZ,三特索道,801993.SI,旅游及景区,L2,20,20,19,15.0,9.0,6.0,4.0,1.0,0.7894736842105263,ok,,20260918,20260918
20260918,600250.SH,南京商旅,801993.SI,旅游及景区,L2,20,20,19,15.0,9.0,6.0,4.0,1.0,0.7894736842105263,ok,,20260918,20260918
20260918,600221.SH,海航控股,801991.SI,航空机场,L2,20,20,14,11.0,3.0,8.0,3.0,6.0,0.7857142857142857,ok,,20260918,20260918
20260918,920275.BJ,驱动力,801018.SI,动物保健Ⅱ,L2,20,20,18,14.0,7.0,7.0,4.0,2.0,0.7777777777777778,ok,,20260918,20260918
20260918,000818.SZ,航锦科技,801033.SI,化学原料,L2,20,20,18,14.0,8.0,6.0,4.0,2.0,0.7777777777777778,ok,,20260918,20260918
20260918,002588.SZ,史丹利,801038.SI,农化制品,L2,20,20,18,14.0,6.0,8.0,4.0,2.0,0.7777777777777778,ok,,20260918,20260918
20260918,002445.SZ,中南文化,801072.SI,通用设备,L2,20,20,18,14.0,7.0,7.0,4.0,2.0,0.7777777777777778,ok,,20260918,20260918
20260918,603131.SH,上海沪工,801072.SI,通用设备,L2,20,20,18,14.0,5.0,9.0,4.0,2.0,0.7777777777777778,ok,,20260918,20260918
20260918,300084.SZ,海默科技,801074.SI,专用设备,L2,20,20,18,14.0,5.0,9.0,4.0,2.0,0.7777777777777778,ok,,20260918,20260918
20260918,605389.SH,长龄液压,801077.SI,工程机械,L2,20,20,18,14.0,7.0,7.0,4.0,2.0,0.7777777777777778,ok,,20260918,20260918
20260918,300968.SZ,格林精密,801085.SI,消费电子,L2,20,20,18,14.0,6.0,8.0,4.0,2.0,0.7777777777777778,ok,,20260918,20260918
20260918,000701.SZ,厦门信达,801092.SI,汽车服务,L2,20,20,18,14.0,8.0,6.0,4.0,2.0,0.7777777777777778,ok,,20260918,20260918
20260918,002448.SZ,中原内配,801093.SI,汽车零部件,L2,20,20,18,14.0,5.0,9.0,4.0,2.0,0.7777777777777778,ok,,20260918,20260918
20260918,002813.SZ,路畅科技,801093.SI,汽车零部件,L2,20,20,18,14.0,8.0,6.0,4.0,2.0,0.7777777777777778,ok,,20260918,20260918
20260918,300893.SZ,松原安全,801093.SI,汽车零部件,L2,20,20,18,14.0,6.0,8.0,4.0,2.0,0.7777777777777778,ok,,20260918,20260918
20260918,688021.SH,奥福科技,801093.SI,汽车零部件,L2,20,20,18,14.0,5.0,9.0,4.0,2.0,0.7777777777777778,ok,,20260918,20260918
20260918,300504.SZ,天邑股份,801102.SI,通信设备,L2,20,20,18,14.0,7.0,7.0,4.0,2.0,0.7777777777777778,ok,,20260918,20260918
20260918,300620.SZ,光库科技,801102.SI,通信设备,L2,20,20,18,14.0,6.0,8.0,4.0,2.0,0.7777777777777778,ok,,20260918,20260918
20260918,002065.SZ,东华软件,801103.SI,IT服务Ⅱ,L2,20,20,18,14.0,6.0,8.0,4.0,2.0,0.7777777777777778,ok,,20260918,20260918
20260918,002474.SZ,榕基软件,801103.SI,IT服务Ⅱ,L2,20,20,18,14.0,6.0,8.0,4.0,2.0,0.7777777777777778,ok,,20260918,20260918
20260918,002771.SZ,真视通,801103.SI,IT服务Ⅱ,L2,20,20,18,14.0,5.0,9.0,4.0,2.0,0.7777777777777778,ok,,20260918,20260918
20260918,300078.SZ,思创智联,801103.SI,IT服务Ⅱ,L2,20,20,18,14.0,6.0,8.0,4.0,2.0,0.7777777777777778,ok,,20260918,20260918
20260918,300231.SZ,银信科技,801103.SI,IT服务Ⅱ,L2,20,20,18,14.0,6.0,8.0,4.0,2.0,0.7777777777777778,ok,,20260918,20260918
20260918,300288.SZ,朗玛信息,801103.SI,IT服务Ⅱ,L2,20,20,18,14.0,6.0,8.0,4.0,2.0,0.7777777777777778,ok,,20260918,20260918
20260918,300674.SZ,宇信科技,801103.SI,IT服务Ⅱ,L2,20,20,18,14.0,5.0,9.0,4.0,2.0,0.7777777777777778,ok,,20260918,20260918
20260918,600797.SH,浙大网新,801103.SI,IT服务Ⅱ,L2,20,20,18,14.0,6.0,8.0,4.0,2.0,0.7777777777777778,ok,,20260918,20260918
20260918,688500.SH,慧辰股份,801103.SI,IT服务Ⅱ,L2,20,20,18,14.0,4.0,10.0,4.0,2.0,0.7777777777777778,ok,,20260918,20260918
20260918,000503.SZ,国新健康,801104.SI,软件开发,L2,20,20,18,14.0,6.0,8.0,4.0,2.0,0.7777777777777778,ok,,20260918,20260918
20260918,603697.SH,有友食品,801128.SI,休闲食品,L2,20,20,18,14.0,7.0,7.0,4.0,2.0,0.7777777777777778,ok,,20260918,20260918
20260918,002507.SZ,涪陵榨菜,801129.SI,调味发酵品Ⅱ,L2,20,20,18,14.0,7.0,7.0,4.0,2.0,0.7777777777777778,ok,,20260918,20260918
20260918,600527.SH,江南高纤,801131.SI,纺织制造,L2,20,20,18,14.0,8.0,6.0,4.0,2.0,0.7777777777777778,ok,,20260918,20260918
20260918,603511.SH,爱慕股份,801132.SI,服装家纺,L2,20,20,18,14.0,7.0,7.0,4.0,2.0,0.7777777777777778,ok,,20260918,20260918
20260918,600966.SH,博汇纸业,801143.SI,造纸,L2,20,20,18,14.0,7.0,7.0,4.0,2.0,0.7777777777777778,ok,,20260918,20260918
20260918,300239.SZ,东宝生物,801152.SI,生物制品,L2,20,20,18,14.0,7.0,7.0,4.0,2.0,0.7777777777777778,ok,,20260918,20260918
20260918,300942.SZ,易瑞生物,801153.SI,医疗器械,L2,20,20,18,14.0,7.0,7.0,4.0,2.0,0.7777777777777778,ok,,20260918,20260918
20260918,603309.SH,维力医疗,801153.SI,医疗器械,L2,20,20,18,14.0,6.0,8.0,4.0,2.0,0.7777777777777778,ok,,20260918,20260918
20260918,600538.SH,国发股份,801154.SI,医药商业,L2,20,20,18,14.0,6.0,8.0,4.0,2.0,0.7777777777777778,ok,,20260918,20260918
20260918,000537.SZ,绿发电力,801161.SI,电力,L2,20,20,18,14.0,7.0,7.0,4.0,2.0,0.7777777777777778,ok,,20260918,20260918
20260918,000595.SZ,新能股份,801161.SI,电力,L2,20,20,18,14.0,7.0,7.0,4.0,2.0,0.7777777777777778,ok,,20260918,20260918
20260918,300317.SZ,珈伟新能,801161.SI,电力,L2,20,20,18,14.0,7.0,7.0,4.0,2.0,0.7777777777777778,ok,,20260918,20260918
20260918,600509.SH,天富能源,801161.SI,电力,L2,20,20,18,14.0,7.0,7.0,4.0,2.0,0.7777777777777778,ok,,20260918,20260918
20260918,600956.SH,新天绿能,801161.SI,电力,L2,20,20,18,14.0,8.0,6.0,4.0,2.0,0.7777777777777778,ok,,20260918,20260918
20260918,603071.SH,物产环能,801161.SI,电力,L2,20,20,18,14.0,8.0,6.0,4.0,2.0,0.7777777777777778,ok,,20260918,20260918
20260918,601333.SH,广深铁路,801179.SI,铁路公路,L2,20,20,18,14.0,9.0,5.0,4.0,2.0,0.7777777777777778,ok,,20260918,20260918
20260918,600383.SH,金地集团,801181.SI,房地产开发,L2,20,20,18,14.0,7.0,7.0,4.0,2.0,0.7777777777777778,ok,,20260918,20260918
20260918,600649.SH,城投控股,801181.SI,房地产开发,L2,20,20,18,14.0,8.0,6.0,4.0,2.0,0.7777777777777778,ok,,20260918,20260918
20260918,600858.SH,银座股份,801203.SI,一般零售,L2,20,20,18,14.0,7.0,7.0,4.0,2.0,0.7777777777777778,ok,,20260918,20260918
20260918,300310.SZ,宜通世纪,801223.SI,通信服务,L2,20,20,18,14.0,5.0,9.0,4.0,2.0,0.7777777777777778,ok,,20260918,20260918
20260918,002596.SZ,海南瑞泽,801711.SI,水泥,L2,20,20,18,14.0,9.0,5.0,4.0,2.0,0.7777777777777778,ok,,20260918,20260918
20260918,000055.SZ,方大集团,801713.SI,装修建材,L2,20,20,18,14.0,8.0,6.0,4.0,2.0,0.7777777777777778,ok,,20260918,20260918
20260918,603856.SH,东宏股份,801713.SI,装修建材,L2,20,20,18,14.0,6.0,8.0,4.0,2.0,0.7777777777777778,ok,,20260918,20260918
20260918,600939.SH,重庆建工,801721.SI,房屋建设Ⅱ,L2,20,20,18,14.0,8.0,6.0,4.0,2.0,0.7777777777777778,ok,,20260918,20260918
20260918,002482.SZ,广田集团,801722.SI,装修装饰Ⅱ,L2,20,20,18,14.0,8.0,6.0,4.0,2.0,0.7777777777777778,ok,,20260918,20260918
20260918,002469.SZ,三维化学,801724.SI,专业工程,L2,20,20,18,14.0,5.0,9.0,4.0,2.0,0.7777777777777778,ok,,20260918,20260918
20260918,601117.SH,中国化学,801724.SI,专业工程,L2,20,20,18,14.0,7.0,7.0,4.0,2.0,0.7777777777777778,ok,,20260918,20260918
20260918,002506.SZ,协鑫集成,801735.SI,光伏设备,L2,20,20,18,14.0,4.0,10.0,4.0,2.0,0.7777777777777778,ok,,20260918,20260918
20260918,601012.SH,隆基绿能,801735.SI,光伏设备,L2,20,20,18,14.0,4.0,10.0,4.0,2.0,0.7777777777777778,ok,,20260918,20260918
20260918,002531.SZ,天顺风能,801736.SI,风电设备,L2,20,20,18,14.0,9.0,5.0,4.0,2.0,0.7777777777777778,ok,,20260918,20260918
20260918,688779.SH,五矿新能,801737.SI,电池,L2,20,20,18,14.0,4.0,10.0,4.0,2.0,0.7777777777777778,ok,,20260918,20260918
20260918,600525.SH,长园集团,801738.SI,电网设备,L2,20,20,18,14.0,3.0,11.0,4.0,2.0,0.7777777777777778,ok,,20260918,20260918
20260918,002624.SZ,完美世界,801764.SI,游戏Ⅱ,L2,20,20,18,14.0,6.0,8.0,4.0,2.0,0.7777777777777778,ok,,20260918,20260918
20260918,300043.SZ,星辉娱乐,801764.SI,游戏Ⅱ,L2,20,20,18,14.0,6.0,8.0,4.0,2.0,0.7777777777777778,ok,,20260918,20260918
20260918,601818.SH,光大银行,801783.SI,股份制银行Ⅱ,L2,20,20,18,14.0,7.0,7.0,4.0,2.0,0.7777777777777778,ok,,20260918,20260918
20260918,002948.SZ,青岛银行,801784.SI,城商行Ⅱ,L2,20,20,18,14.0,7.0,7.0,4.0,2.0,0.7777777777777778,ok,,20260918,20260918
20260918,601015.SH,陕西黑猫,801952.SI,焦炭Ⅱ,L2,20,20,18,14.0,6.0,8.0,4.0,2.0,0.7777777777777778,ok,,20260918,20260918
20260918,000544.SZ,中原环保,801971.SI,环境治理,L2,20,20,18,14.0,7.0,7.0,4.0,2.0,0.7777777777777778,ok,,20260918,20260918
20260918,300425.SZ,中建环能,801971.SI,环境治理,L2,20,20,18,14.0,7.0,7.0,4.0,2.0,0.7777777777777778,ok,,20260918,20260918
20260918,600796.SH,钱江生化,801971.SI,环境治理,L2,20,20,18,14.0,8.0,6.0,4.0,2.0,0.7777777777777778,ok,,20260918,20260918
20260918,300132.SZ,诺斯贝尔,801982.SI,化妆品,L2,20,20,18,14.0,6.0,8.0,4.0,2.0,0.7777777777777778,ok,,20260918,20260918
20260918,002659.SZ,凯文教育,801994.SI,教育,L2,20,20,18,14.0,10.0,4.0,4.0,2.0,0.7777777777777778,ok,,20260918,20260918
20260918,600231.SH,凌钢股份,801044.SI,普钢,L2,20,20,17,13.0,6.0,7.0,4.0,3.0,0.7647058823529411,ok,,20260918,20260918
20260918,600361.SH,创新新材,801055.SI,工业金属,L2,20,20,17,13.0,6.0,7.0,4.0,3.0,0.7647058823529411,ok,,20260918,20260918
20260918,603636.SH,南威软件,801103.SI,IT服务Ⅱ,L2,20,20,17,13.0,3.0,10.0,4.0,3.0,0.7647058823529411,ok,,20260918,20260918
20260918,688509.SH,正元地信,801103.SI,IT服务Ⅱ,L2,20,20,17,13.0,6.0,7.0,4.0,3.0,0.7647058823529411,ok,,20260918,20260918
20260918,000541.SZ,佛山照明,801115.SI,照明设备Ⅱ,L2,20,20,17,13.0,7.0,6.0,4.0,3.0,0.7647058823529411,ok,,20260918,20260918
20260918,603919.SH,金徽酒,801125.SI,白酒Ⅱ,L2,20,20,17,13.0,4.0,9.0,4.0,3.0,0.7647058823529411,ok,,20260918,20260918
20260918,600300.SH,维维股份,801127.SI,饮料乳品,L2,20,20,17,13.0,6.0,7.0,4.0,3.0,0.7647058823529411,ok,,20260918,20260918
20260918,003000.SZ,劲仔食品,801128.SI,休闲食品,L2,20,20,17,13.0,5.0,8.0,4.0,3.0,0.7647058823529411,ok,,20260918,20260918
20260918,002269.SZ,美邦服饰,801132.SI,服装家纺,L2,20,20,17,13.0,7.0,6.0,4.0,3.0,0.7647058823529411,ok,,20260918,20260918
20260918,601996.SH,丰林集团,801142.SI,家居用品,L2,20,20,17,13.0,9.0,4.0,4.0,3.0,0.7647058823529411,ok,,20260918,20260918
20260918,000862.SZ,银星能源,801161.SI,电力,L2,20,20,17,13.0,7.0,6.0,4.0,3.0,0.7647058823529411,ok,,20260918,20260918
20260918,002310.SZ,东方新能,801161.SI,电力,L2,20,20,17,13.0,6.0,7.0,4.0,3.0,0.7647058823529411,ok,,20260918,20260918
20260918,600780.SH,通宝能源,801161.SI,电力,L2,20,20,17,13.0,6.0,7.0,4.0,3.0,0.7647058823529411,ok,,20260918,20260918
20260918,600930.SH,华电新能,801161.SI,电力,L2,20,20,17,13.0,7.0,6.0,4.0,3.0,0.7647058823529411,ok,,20260918,20260918
20260918,600794.SH,保税科技,801178.SI,物流,L2,20,20,17,13.0,7.0,6.0,4.0,3.0,0.7647058823529411,ok,,20260918,20260918
20260918,600012.SH,皖通高速,801179.SI,铁路公路,L2,20,20,17,13.0,6.0,7.0,4.0,3.0,0.7647058823529411,ok,,20260918,20260918
20260918,000897.SZ,津滨发展,801181.SI,房地产开发,L2,20,20,17,13.0,8.0,5.0,4.0,3.0,0.7647058823529411,ok,,20260918,20260918
20260918,002926.SZ,华西证券,801193.SI,证券Ⅱ,L2,20,20,17,13.0,7.0,6.0,4.0,3.0,0.7647058823529411,ok,,20260918,20260918
20260918,002356.SZ,鹏飞绿能,801203.SI,一般零售,L2,20,20,17,13.0,7.0,6.0,4.0,3.0,0.7647058823529411,ok,,20260918,20260918
20260918,600170.SH,上海建工,801721.SI,房屋建设Ⅱ,L2,20,20,17,13.0,7.0,6.0,4.0,3.0,0.7647058823529411,ok,,20260918,20260918
20260918,002310.SZ,东方新能,801723.SI,基础建设,L2,20,20,17,13.0,6.0,7.0,4.0,3.0,0.7647058823529411,ok,,20260918,20260918
20260918,600477.SH,杭萧钢构,801724.SI,专业工程,L2,20,20,17,13.0,6.0,7.0,4.0,3.0,0.7647058823529411,ok,,20260918,20260918
20260918,002142.SZ,宁波银行,801784.SI,城商行Ⅱ,L2,20,20,17,13.0,7.0,6.0,4.0,3.0,0.7647058823529411,ok,,20260918,20260918
20260918,300135.SZ,宝利国际,801963.SI,炼化及贸易,L2,20,20,17,13.0,5.0,8.0,4.0,3.0,0.7647058823529411,ok,,20260918,20260918
20260918,600874.SH,创业环保,801971.SI,环境治理,L2,20,20,17,13.0,7.0,6.0,4.0,3.0,0.7647058823529411,ok,,20260918,20260918
20260918,601228.SH,广州港,801992.SI,航运港口,L2,20,20,17,13.0,6.0,7.0,4.0,3.0,0.7647058823529411,ok,,20260918,20260918
20260918,300268.SZ,佳沃食品,801012.SI,农产品加工,L2,20,20,20,15.0,9.0,6.0,5.0,0.0,0.75,ok,,20260918,20260918
20260918,300999.SZ,金龙鱼,801012.SI,农产品加工,L2,20,20,20,15.0,9.0,6.0,5.0,0.0,0.75,ok,,20260918,20260918
20260918,001313.SZ,粤海饲料,801014.SI,饲料,L2,20,20,20,15.0,8.0,7.0,5.0,0.0,0.75,ok,,20260918,20260918
20260918,002311.SZ,海大集团,801014.SI,饲料,L2,20,20,20,15.0,5.0,10.0,5.0,0.0,0.75,ok,,20260918,20260918
20260918,002891.SZ,中宠股份,801014.SI,饲料,L2,20,20,20,15.0,6.0,9.0,5.0,0.0,0.75,ok,,20260918,20260918
20260918,301498.SZ,乖宝宠物,801014.SI,饲料,L2,20,20,20,15.0,7.0,8.0,5.0,0.0,0.75,ok,,20260918,20260918
20260918,920419.BJ,路斯股份,801014.SI,饲料,L2,20,20,20,15.0,6.0,9.0,5.0,0.0,0.75,ok,,20260918,20260918
20260918,300970.SZ,华绿生物,801016.SI,种植业,L2,20,20,20,15.0,9.0,6.0,5.0,0.0,0.75,ok,,20260918,20260918
20260918,600371.SH,万向德农,801016.SI,种植业,L2,20,20,20,15.0,11.0,4.0,5.0,0.0,0.75,ok,,20260918,20260918
20260918,600540.SH,新赛股份,801016.SI,种植业,L2,20,20,20,15.0,11.0,4.0,5.0,0.0,0.75,ok,,20260918,20260918
20260918,600598.SH,北大荒,801016.SI,种植业,L2,20,20,20,15.0,9.0,6.0,5.0,0.0,0.75,ok,,20260918,20260918
20260918,600883.SH,博闻科技,801016.SI,种植业,L2,20,20,20,15.0,10.0,5.0,5.0,0.0,0.75,ok,,20260918,20260918
20260918,920087.BJ,秋乐种业,801016.SI,种植业,L2,20,20,20,15.0,9.0,6.0,5.0,0.0,0.75,ok,,20260918,20260918
20260918,920403.BJ,康农种业,801016.SI,种植业,L2,20,20,20,15.0,9.0,6.0,5.0,0.0,0.75,ok,,20260918,20260918
20260918,001201.SZ,东瑞股份,801017.SI,养殖业,L2,20,20,20,15.0,10.0,5.0,5.0,0.0,0.75,ok,,20260918,20260918
20260918,002714.SZ,牧原股份,801017.SI,养殖业,L2,20,20,20,15.0,9.0,6.0,5.0,0.0,0.75,ok,,20260918,20260918
20260918,002746.SZ,仙坛股份,801017.SI,养殖业,L2,20,20,20,15.0,9.0,6.0,5.0,0.0,0.75,ok,,20260918,20260918
20260918,920729.BJ,永顺生物,801018.SI,动物保健Ⅱ,L2,20,20,20,15.0,7.0,8.0,5.0,0.0,0.75,ok,,20260918,20260918
20260918,000420.SZ,吉林化纤,801032.SI,化学纤维,L2,20,20,20,15.0,6.0,9.0,5.0,0.0,0.75,ok,,20260918,20260918
20260918,603073.SH,彩蝶实业,801032.SI,化学纤维,L2,20,20,20,15.0,8.0,7.0,5.0,0.0,0.75,ok,,20260918,20260918
20260918,603225.SH,新凤鸣,801032.SI,化学纤维,L2,20,20,20,15.0,6.0,9.0,5.0,0.0,0.75,ok,,20260918,20260918
20260918,001217.SZ,华尔泰,801033.SI,化学原料,L2,20,20,20,15.0,8.0,7.0,5.0,0.0,0.75,ok,,20260918,20260918
20260918,301069.SZ,凯盛新材,801033.SI,化学原料,L2,20,20,20,15.0,8.0,7.0,5.0,0.0,0.75,ok,,20260918,20260918
20260918,301256.SZ,华融化学,801033.SI,化学原料,L2,20,20,20,15.0,7.0,8.0,5.0,0.0,0.75,ok,,20260918,20260918
20260918,600075.SH,新疆天业,801033.SI,化学原料,L2,20,20,20,15.0,8.0,7.0,5.0,0.0,0.75,ok,,20260918,20260918
20260918,600623.SH,华谊集团,801033.SI,化学原料,L2,20,20,20,15.0,7.0,8.0,5.0,0.0,0.75,ok,,20260918,20260918
20260918,002597.SZ,金禾实业,801034.SI,化学制品,L2,20,20,20,15.0,9.0,6.0,5.0,0.0,0.75,ok,,20260918,20260918
20260918,002971.SZ,和远气体,801034.SI,化学制品,L2,20,20,20,15.0,7.0,8.0,5.0,0.0,0.75,ok,,20260918,20260918
20260918,300163.SZ,先锋新材,801034.SI,化学制品,L2,20,20,20,15.0,8.0,7.0,5.0,0.0,0.75,ok,,20260918,20260918
20260918,300641.SZ,正丹股份,801034.SI,化学制品,L2,20,20,20,15.0,7.0,8.0,5.0,0.0,0.75,ok,,20260918,20260918
20260918,600230.SH,沧州大化,801034.SI,化学制品,L2,20,20,20,15.0,7.0,8.0,5.0,0.0,0.75,ok,,20260918,20260918
20260918,600309.SH,万华化学,801034.SI,化学制品,L2,20,20,20,15.0,7.0,8.0,5.0,0.0,0.75,ok,,20260918,20260918
20260918,600378.SH,昊华科技,801034.SI,化学制品,L2,20,20,20,15.0,8.0,7.0,5.0,0.0,0.75,ok,,20260918,20260918
20260918,603010.SH,万盛股份,801034.SI,化学制品,L2,20,20,20,15.0,8.0,7.0,5.0,0.0,0.75,ok,,20260918,20260918
20260918,603155.SH,新亚强,801034.SI,化学制品,L2,20,20,20,15.0,8.0,7.0,5.0,0.0,0.75,ok,,20260918,20260918
20260918,603217.SH,元利科技,801034.SI,化学制品,L2,20,20,20,15.0,8.0,7.0,5.0,0.0,0.75,ok,,20260918,20260918
20260918,603379.SH,三美股份,801034.SI,化学制品,L2,20,20,20,15.0,6.0,9.0,5.0,0.0,0.75,ok,,20260918,20260918
20260918,603505.SH,金石资源,801034.SI,化学制品,L2,20,20,20,15.0,8.0,7.0,5.0,0.0,0.75,ok,,20260918,20260918
20260918,603916.SH,苏博特,801034.SI,化学制品,L2,20,20,20,15.0,7.0,8.0,5.0,0.0,0.75,ok,,20260918,20260918
20260918,301459.SZ,丰茂股份,801037.SI,橡胶,L2,20,20,20,15.0,9.0,6.0,5.0,0.0,0.75,ok,,20260918,20260918
20260918,000792.SZ,盐湖股份,801038.SI,农化制品,L2,20,20,20,15.0,5.0,10.0,5.0,0.0,0.75,ok,,20260918,20260918
20260918,002250.SZ,联化科技,801038.SI,农化制品,L2,20,20,20,15.0,6.0,9.0,5.0,0.0,0.75,ok,,20260918,20260918
20260918,002545.SZ,东方铁塔,801038.SI,农化制品,L2,20,20,20,15.0,5.0,10.0,5.0,0.0,0.75,ok,,20260918,20260918
20260918,002942.SZ,新农股份,801038.SI,农化制品,L2,20,20,20,15.0,6.0,9.0,5.0,0.0,0.75,ok,,20260918,20260918
20260918,002999.SZ,天禾股份,801038.SI,农化制品,L2,20,20,20,15.0,7.0,8.0,5.0,0.0,0.75,ok,,20260918,20260918
20260918,300387.SZ,富邦科技,801038.SI,农化制品,L2,20,20,20,15.0,7.0,8.0,5.0,0.0,0.75,ok,,20260918,20260918
20260918,300505.SZ,川金诺,801038.SI,农化制品,L2,20,20,20,15.0,7.0,8.0,5.0,0.0,0.75,ok,,20260918,20260918
20260918,300575.SZ,中旗股份,801038.SI,农化制品,L2,20,20,20,15.0,7.0,8.0,5.0,0.0,0.75,ok,,20260918,20260918
20260918,301035.SZ,润丰股份,801038.SI,农化制品,L2,20,20,20,15.0,6.0,9.0,5.0,0.0,0.75,ok,,20260918,20260918
20260918,600141.SH,兴发集团,801038.SI,农化制品,L2,20,20,20,15.0,6.0,9.0,5.0,0.0,0.75,ok,,20260918,20260918
20260918,600331.SH,宏达股份,801038.SI,农化制品,L2,20,20,20,15.0,6.0,9.0,5.0,0.0,0.75,ok,,20260918,20260918
20260918,603360.SH,百傲化学,801038.SI,农化制品,L2,20,20,20,15.0,6.0,9.0,5.0,0.0,0.75,ok,,20260918,20260918
20260918,603395.SH,红四方,801038.SI,农化制品,L2,20,20,20,15.0,7.0,8.0,5.0,0.0,0.75,ok,,20260918,20260918
20260918,300748.SZ,金力永磁,801051.SI,金属新材料,L2,20,20,20,15.0,6.0,9.0,5.0,0.0,0.75,ok,,20260918,20260918
20260918,301531.SZ,春光集团,801051.SI,金属新材料,L2,20,20,20,15.0,6.0,9.0,5.0,0.0,0.75,ok,,20260918,20260918
20260918,603045.SH,福达合金,801051.SI,金属新材料,L2,20,20,20,15.0,6.0,9.0,5.0,0.0,0.75,ok,,20260918,20260918
20260918,000506.SZ,招金黄金,801053.SI,贵金属,L2,20,20,20,15.0,4.0,11.0,5.0,0.0,0.75,ok,,20260918,20260918
20260918,600988.SH,赤峰黄金,801053.SI,贵金属,L2,20,20,20,15.0,5.0,10.0,5.0,0.0,0.75,ok,,20260918,20260918
20260918,002182.SZ,宝武镁业,801054.SI,小金属,L2,20,20,20,15.0,7.0,8.0,5.0,0.0,0.75,ok,,20260918,20260918
20260918,002160.SZ,常铝股份,801055.SI,工业金属,L2,20,20,20,15.0,8.0,7.0,5.0,0.0,0.75,ok,,20260918,20260918
20260918,300697.SZ,电工合金,801055.SI,工业金属,L2,20,20,20,15.0,6.0,9.0,5.0,0.0,0.75,ok,,20260918,20260918
20260918,600888.SH,新疆众和,801055.SI,工业金属,L2,20,20,20,15.0,8.0,7.0,5.0,0.0,0.75,ok,,20260918,20260918
20260918,000880.SZ,潍柴重机,801072.SI,通用设备,L2,20,20,20,15.0,7.0,8.0,5.0,0.0,0.75,ok,,20260918,20260918
20260918,002272.SZ,川润股份,801072.SI,通用设备,L2,20,20,20,15.0,8.0,7.0,5.0,0.0,0.75,ok,,20260918,20260918
20260918,002347.SZ,泰尔股份,801072.SI,通用设备,L2,20,20,16,12.0,6.0,6.0,4.0,4.0,0.75,ok,,20260918,20260918
20260918,002843.SZ,泰嘉股份,801072.SI,通用设备,L2,20,20,20,15.0,7.0,8.0,5.0,0.0,0.75,ok,,20260918,20260918
20260918,002871.SZ,伟隆股份,801072.SI,通用设备,L2,20,20,20,15.0,6.0,9.0,5.0,0.0,0.75,ok,,20260918,20260918
20260918,300260.SZ,新莱应材,801072.SI,通用设备,L2,20,20,20,15.0,7.0,8.0,5.0,0.0,0.75,ok,,20260918,20260918
20260918,300371.SZ,汇中股份,801072.SI,通用设备,L2,20,20,20,15.0,6.0,9.0,5.0,0.0,0.75,ok,,20260918,20260918
20260918,300445.SZ,康斯特,801072.SI,通用设备,L2,20,20,20,15.0,7.0,8.0,5.0,0.0,0.75,ok,,20260918,20260918
20260918,300567.SZ,精测电子,801072.SI,通用设备,L2,20,20,20,15.0,6.0,9.0,5.0,0.0,0.75,ok,,20260918,20260918
20260918,300720.SZ,海川智能,801072.SI,通用设备,L2,20,20,20,15.0,5.0,10.0,5.0,0.0,0.75,ok,,20260918,20260918
20260918,300906.SZ,日月明,801072.SI,通用设备,L2,20,20,20,15.0,6.0,9.0,5.0,0.0,0.75,ok,,20260918,20260918
20260918,301129.SZ,瑞纳智能,801072.SI,通用设备,L2,20,20,20,15.0,7.0,8.0,5.0,0.0,0.75,ok,,20260918,20260918
20260918,301307.SZ,美利信,801072.SI,通用设备,L2,20,20,20,15.0,7.0,8.0,5.0,0.0,0.75,ok,,20260918,20260918
20260918,301353.SZ,普莱得,801072.SI,通用设备,L2,20,20,20,15.0,7.0,8.0,5.0,0.0,0.75,ok,,20260918,20260918
20260918,600202.SH,哈空调,801072.SI,通用设备,L2,20,20,20,15.0,7.0,8.0,5.0,0.0,0.75,ok,,20260918,20260918
20260918,601177.SH,杭齿前进,801072.SI,通用设备,L2,20,20,20,15.0,6.0,9.0,5.0,0.0,0.75,ok,,20260918,20260918
20260918,605100.SH,华丰股份,801072.SI,通用设备,L2,20,20,20,15.0,6.0,9.0,5.0,0.0,0.75,ok,,20260918,20260918
20260918,688059.SH,华锐精密,801072.SI,通用设备,L2,20,20,20,15.0,6.0,9.0,5.0,0.0,0.75,ok,,20260918,20260918
20260918,688115.SH,思林杰,801072.SI,通用设备,L2,20,20,20,15.0,6.0,9.0,5.0,0.0,0.75,ok,,20260918,20260918
20260918,688808.SH,联讯仪器,801072.SI,通用设备,L2,20,20,20,15.0,7.0,8.0,5.0,0.0,0.75,ok,,20260918,20260918
20260918,920223.BJ,荣亿精密,801072.SI,通用设备,L2,20,20,20,15.0,7.0,8.0,5.0,0.0,0.75,ok,,20260918,20260918
20260918,920510.BJ,丰光精密,801072.SI,通用设备,L2,20,20,20,15.0,7.0,8.0,5.0,0.0,0.75,ok,,20260918,20260918
20260918,920870.BJ,恒进感应,801072.SI,通用设备,L2,20,20,20,15.0,7.0,8.0,5.0,0.0,0.75,ok,,20260918,20260918
20260918,001225.SZ,和泰机电,801074.SI,专用设备,L2,20,20,20,15.0,5.0,10.0,5.0,0.0,0.75,ok,,20260918,20260918
20260918,001332.SZ,锡装股份,801074.SI,专用设备,L2,20,20,20,15.0,6.0,9.0,5.0,0.0,0.75,ok,,20260918,20260918
20260918,002006.SZ,精工科技,801074.SI,专用设备,L2,20,20,20,15.0,6.0,9.0,5.0,0.0,0.75,ok,,20260918,20260918
20260918,002722.SZ,物产金轮,801074.SI,专用设备,L2,20,20,20,15.0,7.0,8.0,5.0,0.0,0.75,ok,,20260918,20260918
20260918,002774.SZ,快意电梯,801074.SI,专用设备,L2,20,20,20,15.0,7.0,8.0,5.0,0.0,0.75,ok,,20260918,20260918
20260918,300833.SZ,浩洋股份,801074.SI,专用设备,L2,20,20,20,15.0,7.0,8.0,5.0,0.0,0.75,ok,,20260918,20260918
20260918,300988.SZ,津荣天宇,801074.SI,专用设备,L2,20,20,20,15.0,7.0,8.0,5.0,0.0,0.75,ok,,20260918,20260918
20260918,301083.SZ,百胜智能,801074.SI,专用设备,L2,20,20,20,15.0,6.0,9.0,5.0,0.0,0.75,ok,,20260918,20260918
20260918,600545.SH,卓郎智能,801074.SI,专用设备,L2,20,20,20,15.0,6.0,9.0,5.0,0.0,0.75,ok,,20260918,20260918
20260918,688113.SH,联测科技,801074.SI,专用设备,L2,20,20,20,15.0,6.0,9.0,5.0,0.0,0.75,ok,,20260918,20260918
20260918,688211.SH,中科微至,801074.SI,专用设备,L2,20,20,20,15.0,5.0,10.0,5.0,0.0,0.75,ok,,20260918,20260918
20260918,688328.SH,深科达,801074.SI,专用设备,L2,20,20,20,15.0,5.0,10.0,5.0,0.0,0.75,ok,,20260918,20260918
20260918,688700.SH,东威科技,801074.SI,专用设备,L2,20,20,20,15.0,6.0,9.0,5.0,0.0,0.75,ok,,20260918,20260918
20260918,688813.SH,泰金新能,801074.SI,专用设备,L2,20,20,20,15.0,6.0,9.0,5.0,0.0,0.75,ok,,20260918,20260918
20260918,920026.BJ,卓兆点胶,801074.SI,专用设备,L2,20,20,20,15.0,6.0,9.0,5.0,0.0,0.75,ok,,20260918,20260918
20260918,300607.SZ,拓斯达,801078.SI,自动化设备,L2,20,20,20,15.0,6.0,9.0,5.0,0.0,0.75,ok,,20260918,20260918
20260918,301312.SZ,智立方,801078.SI,自动化设备,L2,20,20,20,15.0,8.0,7.0,5.0,0.0,0.75,ok,,20260918,20260918
20260918,301510.SZ,固高科技,801078.SI,自动化设备,L2,20,20,20,15.0,6.0,9.0,5.0,0.0,0.75,ok,,20260918,20260918
20260918,301512.SZ,智信精密,801078.SI,自动化设备,L2,20,20,20,15.0,6.0,9.0,5.0,0.0,0.75,ok,,20260918,20260918
20260918,603275.SH,众辰科技,801078.SI,自动化设备,L2,20,20,20,15.0,7.0,8.0,5.0,0.0,0.75,ok,,20260918,20260918
20260918,605288.SH,凯迪股份,801078.SI,自动化设备,L2,20,20,20,15.0,7.0,8.0,5.0,0.0,0.75,ok,,20260918,20260918
20260918,688255.SH,凯尔达,801078.SI,自动化设备,L2,20,20,20,15.0,6.0,9.0,5.0,0.0,0.75,ok,,20260918,20260918
20260918,688686.SH,奥普特,801078.SI,自动化设备,L2,20,20,20,15.0,8.0,7.0,5.0,0.0,0.75,ok,,20260918,20260918
20260918,920096.BJ,嘉晨智能,801078.SI,自动化设备,L2,20,20,20,15.0,7.0,8.0,5.0,0.0,0.75,ok,,20260918,20260918
20260918,002049.SZ,紫光国微,801081.SI,半导体,L2,20,20,20,15.0,5.0,10.0,5.0,0.0,0.75,ok,,20260918,20260918
20260918,002119.SZ,康强电子,801081.SI,半导体,L2,20,20,20,15.0,5.0,10.0,5.0,0.0,0.75,ok,,20260918,20260918
20260918,002213.SZ,大为股份,801081.SI,半导体,L2,20,20,20,15.0,5.0,10.0,5.0,0.0,0.75,ok,,20260918,20260918
20260918,002409.SZ,雅克科技,801081.SI,半导体,L2,20,20,20,15.0,6.0,9.0,5.0,0.0,0.75,ok,,20260918,20260918
20260918,003026.SZ,中晶科技,801081.SI,半导体,L2,20,20,20,15.0,6.0,9.0,5.0,0.0,0.75,ok,,20260918,20260918
20260918,300456.SZ,赛微电子,801081.SI,半导体,L2,20,20,20,15.0,4.0,11.0,5.0,0.0,0.75,ok,,20260918,20260918
20260918,300672.SZ,国科微,801081.SI,半导体,L2,20,20,20,15.0,7.0,8.0,5.0,0.0,0.75,ok,,20260918,20260918
20260918,301678.SZ,新恒汇,801081.SI,半导体,L2,20,20,20,15.0,6.0,9.0,5.0,0.0,0.75,ok,,20260918,20260918
20260918,600206.SH,有研新材,801081.SI,半导体,L2,20,20,20,15.0,5.0,10.0,5.0,0.0,0.75,ok,,20260918,20260918
20260918,600877.SH,电科芯片,801081.SI,半导体,L2,20,20,20,15.0,4.0,11.0,5.0,0.0,0.75,ok,,20260918,20260918
20260918,603068.SH,博通集成,801081.SI,半导体,L2,20,20,20,15.0,5.0,10.0,5.0,0.0,0.75,ok,,20260918,20260918
20260918,603375.SH,盛景微,801081.SI,半导体,L2,20,20,20,15.0,6.0,9.0,5.0,0.0,0.75,ok,,20260918,20260918
20260918,688138.SH,清溢光电,801081.SI,半导体,L2,20,20,20,15.0,7.0,8.0,5.0,0.0,0.75,ok,,20260918,20260918
20260918,688173.SH,希荻微,801081.SI,半导体,L2,20,20,20,15.0,4.0,11.0,5.0,0.0,0.75,ok,,20260918,20260918
20260918,688216.SH,气派科技,801081.SI,半导体,L2,20,20,20,15.0,7.0,8.0,5.0,0.0,0.75,ok,,20260918,20260918
20260918,688234.SH,天岳先进,801081.SI,半导体,L2,20,20,20,15.0,5.0,10.0,5.0,0.0,0.75,ok,,20260918,20260918
20260918,688259.SH,创耀科技,801081.SI,半导体,L2,20,20,20,15.0,5.0,10.0,5.0,0.0,0.75,ok,,20260918,20260918
20260918,688325.SH,赛微微电,801081.SI,半导体,L2,20,20,20,15.0,5.0,10.0,5.0,0.0,0.75,ok,,20260918,20260918
20260918,688368.SH,晶丰明源,801081.SI,半导体,L2,20,20,20,15.0,5.0,10.0,5.0,0.0,0.75,ok,,20260918,20260918
20260918,688508.SH,芯朋微,801081.SI,半导体,L2,20,20,20,15.0,7.0,8.0,5.0,0.0,0.75,ok,,20260918,20260918
20260918,688521.SH,芯原股份,801081.SI,半导体,L2,20,20,20,15.0,7.0,8.0,5.0,0.0,0.75,ok,,20260918,20260918
20260918,688525.SH,佰维存,801081.SI,半导体,L2,20,20,20,15.0,5.0,10.0,5.0,0.0,0.75,ok,,20260918,20260918
20260918,688595.SH,芯海科技,801081.SI,半导体,L2,20,20,20,15.0,6.0,9.0,5.0,0.0,0.75,ok,,20260918,20260918
20260918,688720.SH,艾森股份,801081.SI,半导体,L2,20,20,20,15.0,6.0,9.0,5.0,0.0,0.75,ok,,20260918,20260918
20260918,688795.SH,摩尔线程,801081.SI,半导体,L2,20,20,20,15.0,5.0,10.0,5.0,0.0,0.75,ok,,20260918,20260918
20260918,688809.SH,强一股份,801081.SI,半导体,L2,20,20,20,15.0,7.0,8.0,5.0,0.0,0.75,ok,,20260918,20260918
20260918,688825.SH,长鑫科技,801081.SI,半导体,L2,20,20,20,15.0,4.0,11.0,5.0,0.0,0.75,ok,,20260918,20260918
20260918,920179.BJ,凯德石英,801081.SI,半导体,L2,20,20,20,15.0,6.0,9.0,5.0,0.0,0.75,ok,,20260918,20260918
20260918,000062.SZ,深圳华强,801082.SI,其他电子Ⅱ,L2,20,20,20,15.0,5.0,10.0,5.0,0.0,0.75,ok,,20260918,20260918
20260918,002388.SZ,新亚制程,801082.SI,其他电子Ⅱ,L2,20,20,20,15.0,6.0,9.0,5.0,0.0,0.75,ok,,20260918,20260918
20260918,300475.SZ,香农芯创,801082.SI,其他电子Ⅱ,L2,20,20,20,15.0,6.0,9.0,5.0,0.0,0.75,ok,,20260918,20260918
20260918,300736.SZ,百邦科技,801082.SI,其他电子Ⅱ,L2,20,20,20,15.0,6.0,9.0,5.0,0.0,0.75,ok,,20260918,20260918
20260918,002134.SZ,天津普林,801083.SI,元件,L2,20,20,20,15.0,9.0,6.0,5.0,0.0,0.75,ok,,20260918,20260918
20260918,002384.SZ,东山精密,801083.SI,元件,L2,20,20,20,15.0,8.0,7.0,5.0,0.0,0.75,ok,,20260918,20260918
20260918,002815.SZ,崇达技术,801083.SI,元件,L2,20,20,20,15.0,11.0,4.0,5.0,0.0,0.75,ok,,20260918,20260918
20260918,300319.SZ,麦捷科技,801083.SI,元件,L2,20,20,20,15.0,9.0,6.0,5.0,0.0,0.75,ok,,20260918,20260918
20260918,300852.SZ,四会富仕,801083.SI,元件,L2,20,20,20,15.0,10.0,5.0,5.0,0.0,0.75,ok,,20260918,20260918
20260918,301176.SZ,逸豪新材,801083.SI,元件,L2,20,20,20,15.0,8.0,7.0,5.0,0.0,0.75,ok,,20260918,20260918
20260918,600183.SH,生益科技,801083.SI,元件,L2,20,20,20,15.0,9.0,6.0,5.0,0.0,0.75,ok,,20260918,20260918
20260918,603186.SH,华正新材,801083.SI,元件,L2,20,20,20,15.0,10.0,5.0,5.0,0.0,0.75,ok,,20260918,20260918
20260918,603459.SH,红板科技,801083.SI,元件,L2,20,20,20,15.0,8.0,7.0,5.0,0.0,0.75,ok,,20260918,20260918
20260918,688519.SH,南亚新材,801083.SI,元件,L2,20,20,20,15.0,9.0,6.0,5.0,0.0,0.75,ok,,20260918,20260918
20260918,001399.SZ,惠科股份,801084.SI,光学光电子,L2,20,20,20,15.0,6.0,9.0,5.0,0.0,0.75,ok,,20260918,20260918
20260918,002273.SZ,水晶光电,801084.SI,光学光电子,L2,20,20,20,15.0,6.0,9.0,5.0,0.0,0.75,ok,,20260918,20260918
20260918,002456.SZ,欧菲光,801084.SI,光学光电子,L2,20,20,20,15.0,7.0,8.0,5.0,0.0,0.75,ok,,20260918,20260918
20260918,002745.SZ,木林森,801084.SI,光学光电子,L2,20,20,20,15.0,6.0,9.0,5.0,0.0,0.75,ok,,20260918,20260918
20260918,002876.SZ,三利谱,801084.SI,光学光电子,L2,20,20,20,15.0,7.0,8.0,5.0,0.0,0.75,ok,,20260918,20260918
20260918,002962.SZ,五方光电,801084.SI,光学光电子,L2,20,20,20,15.0,7.0,8.0,5.0,0.0,0.75,ok,,20260918,20260918
20260918,300939.SZ,秋田微,801084.SI,光学光电子,L2,20,20,20,15.0,8.0,7.0,5.0,0.0,0.75,ok,,20260918,20260918
20260918,301045.SZ,天禄科技,801084.SI,光学光电子,L2,20,20,20,15.0,7.0,8.0,5.0,0.0,0.75,ok,,20260918,20260918
20260918,301479.SZ,弘景光电,801084.SI,光学光电子,L2,20,20,20,15.0,7.0,8.0,5.0,0.0,0.75,ok,,20260918,20260918
20260918,688781.SH,视涯科技-UW,801084.SI,光学光电子,L2,20,20,20,15.0,7.0,8.0,5.0,0.0,0.75,ok,,20260918,20260918
20260918,002241.SZ,歌尔股份,801085.SI,消费电子,L2,20,20,20,15.0,7.0,8.0,5.0,0.0,0.75,ok,,20260918,20260918
20260918,002475.SZ,立讯精密,801085.SI,消费电子,L2,20,20,20,15.0,7.0,8.0,5.0,0.0,0.75,ok,,20260918,20260918
20260918,002681.SZ,奋达科技,801085.SI,消费电子,L2,20,20,20,15.0,7.0,8.0,5.0,0.0,0.75,ok,,20260918,20260918
20260918,002855.SZ,捷荣技术,801085.SI,消费电子,L2,20,20,20,15.0,8.0,7.0,5.0,0.0,0.75,ok,,20260918,20260918
20260918,002981.SZ,朝阳科技,801085.SI,消费电子,L2,20,20,20,15.0,8.0,7.0,5.0,0.0,0.75,ok,,20260918,20260918
20260918,300136.SZ,信维通信,801085.SI,消费电子,L2,20,20,20,15.0,6.0,9.0,5.0,0.0,0.75,ok,,20260918,20260918
20260918,300602.SZ,飞荣达,801085.SI,消费电子,L2,20,20,20,15.0,6.0,9.0,5.0,0.0,0.75,ok,,20260918,20260918
20260918,300679.SZ,电连技术,801085.SI,消费电子,L2,20,20,20,15.0,5.0,10.0,5.0,0.0,0.75,ok,,20260918,20260918
20260918,600363.SH,联创光电,801085.SI,消费电子,L2,20,20,20,15.0,6.0,9.0,5.0,0.0,0.75,ok,,20260918,20260918
20260918,603327.SH,福蓉科技,801085.SI,消费电子,L2,20,20,20,15.0,7.0,8.0,5.0,0.0,0.75,ok,,20260918,20260918
20260918,603341.SH,龙旗科技,801085.SI,消费电子,L2,20,20,20,15.0,7.0,8.0,5.0,0.0,0.75,ok,,20260918,20260918
20260918,920183.BJ,海菲曼,801085.SI,消费电子,L2,20,20,20,15.0,6.0,9.0,5.0,0.0,0.75,ok,,20260918,20260918
20260918,002643.SZ,万润股份,801086.SI,电子化学品Ⅱ,L2,20,20,20,15.0,7.0,8.0,5.0,0.0,0.75,ok,,20260918,20260918
20260918,300655.SZ,晶瑞电材,801086.SI,电子化学品Ⅱ,L2,20,20,20,15.0,7.0,8.0,5.0,0.0,0.75,ok,,20260918,20260918
20260918,301630.SZ,同宇新材,801086.SI,电子化学品Ⅱ,L2,20,20,20,15.0,6.0,9.0,5.0,0.0,0.75,ok,,20260918,20260918
20260918,600330.SH,天通股份,801086.SI,电子化学品Ⅱ,L2,20,20,20,15.0,5.0,10.0,5.0,0.0,0.75,ok,,20260918,20260918
20260918,688035.SH,德邦科技,801086.SI,电子化学品Ⅱ,L2,20,20,20,15.0,7.0,8.0,5.0,0.0,0.75,ok,,20260918,20260918
20260918,920526.BJ,凯华材料,801086.SI,电子化学品Ⅱ,L2,20,20,20,15.0,6.0,9.0,5.0,0.0,0.75,ok,,20260918,20260918
20260918,000700.SZ,模塑科技,801093.SI,汽车零部件,L2,20,20,20,15.0,9.0,6.0,5.0,0.0,0.75,ok,,20260918,20260918
20260918,002101.SZ,广东鸿图,801093.SI,汽车零部件,L2,20,20,20,15.0,8.0,7.0,5.0,0.0,0.75,ok,,20260918,20260918
20260918,300258.SZ,精锻科技,801093.SI,汽车零部件,L2,20,20,20,15.0,6.0,9.0,5.0,0.0,0.75,ok,,20260918,20260918
20260918,300580.SZ,贝斯特,801093.SI,汽车零部件,L2,20,20,20,15.0,6.0,9.0,5.0,0.0,0.75,ok,,20260918,20260918
20260918,300611.SZ,美力科技,801093.SI,汽车零部件,L2,20,20,20,15.0,7.0,8.0,5.0,0.0,0.75,ok,,20260918,20260918
20260918,300680.SZ,隆盛科技,801093.SI,汽车零部件,L2,20,20,20,15.0,7.0,8.0,5.0,0.0,0.75,ok,,20260918,20260918
20260918,300863.SZ,卡倍亿,801093.SI,汽车零部件,L2,20,20,20,15.0,6.0,9.0,5.0,0.0,0.75,ok,,20260918,20260918
20260918,301173.SZ,毓恬冠佳,801093.SI,汽车零部件,L2,20,20,20,15.0,8.0,7.0,5.0,0.0,0.75,ok,,20260918,20260918
20260918,600699.SH,均胜电子,801093.SI,汽车零部件,L2,20,20,20,15.0,8.0,7.0,5.0,0.0,0.75,ok,,20260918,20260918
20260918,603158.SH,腾龙股份,801093.SI,汽车零部件,L2,20,20,20,15.0,7.0,8.0,5.0,0.0,0.75,ok,,20260918,20260918
20260918,603190.SH,亚通精工,801093.SI,汽车零部件,L2,20,20,20,15.0,7.0,8.0,5.0,0.0,0.75,ok,,20260918,20260918
20260918,603197.SH,保隆科技,801093.SI,汽车零部件,L2,20,20,20,15.0,6.0,9.0,5.0,0.0,0.75,ok,,20260918,20260918
20260918,603319.SH,美湖股,801093.SI,汽车零部件,L2,20,20,20,15.0,8.0,7.0,5.0,0.0,0.75,ok,,20260918,20260918
20260918,603786.SH,科博达,801093.SI,汽车零部件,L2,20,20,20,15.0,7.0,8.0,5.0,0.0,0.75,ok,,20260918,20260918
20260918,603926.SH,铁流股份,801093.SI,汽车零部件,L2,20,20,20,15.0,8.0,7.0,5.0,0.0,0.75,ok,,20260918,20260918
20260918,605255.SH,天普股份,801093.SI,汽车零部件,L2,20,20,20,15.0,7.0,8.0,5.0,0.0,0.75,ok,,20260918,20260918
20260918,920220.BJ,朗信电气,801093.SI,汽车零部件,L2,20,20,20,15.0,7.0,8.0,5.0,0.0,0.75,ok,,20260918,20260918
20260918,600733.SH,北汽蓝谷,801095.SI,乘用车,L2,20,20,20,15.0,7.0,8.0,5.0,0.0,0.75,ok,,20260918,20260918
20260918,601127.SH,赛力斯,801095.SI,乘用车,L2,20,20,20,15.0,7.0,8.0,5.0,0.0,0.75,ok,,20260918,20260918
20260918,000550.SZ,江铃汽车,801096.SI,商用车,L2,20,20,20,15.0,8.0,7.0,5.0,0.0,0.75,ok,,20260918,20260918
20260918,600066.SH,宇通客车,801096.SI,商用车,L2,20,20,20,15.0,5.0,10.0,5.0,0.0,0.75,ok,,20260918,20260918
20260918,001229.SZ,魅视科技,801101.SI,计算机设备,L2,20,20,20,15.0,4.0,11.0,5.0,0.0,0.75,ok,,20260918,20260918
20260918,300302.SZ,同有科技,801101.SI,计算机设备,L2,20,20,20,15.0,5.0,10.0,5.0,0.0,0.75,ok,,20260918,20260918
20260918,300324.SZ,旋极信息,801101.SI,计算机设备,L2,20,20,20,15.0,6.0,9.0,5.0,0.0,0.75,ok,,20260918,20260918
20260918,300368.SZ,汇金股份,801101.SI,计算机设备,L2,20,20,20,15.0,6.0,9.0,5.0,0.0,0.75,ok,,20260918,20260918
20260918,300845.SZ,捷安高科,801101.SI,计算机设备,L2,20,20,20,15.0,6.0,9.0,5.0,0.0,0.75,ok,,20260918,20260918
20260918,301600.SZ,慧翰股份,801101.SI,计算机设备,L2,20,20,20,15.0,5.0,10.0,5.0,0.0,0.75,ok,,20260918,20260918
20260918,002153.SZ,石基信息,801104.SI,软件开发,L2,20,20,20,15.0,7.0,8.0,5.0,0.0,0.75,ok,,20260918,20260918
20260918,002261.SZ,拓维信息,801104.SI,软件开发,L2,20,20,20,15.0,8.0,7.0,5.0,0.0,0.75,ok,,20260918,20260918
20260918,002322.SZ,理工能科,801104.SI,软件开发,L2,20,20,20,15.0,7.0,8.0,5.0,0.0,0.75,ok,,20260918,20260918
20260918,002439.SZ,启明星辰,801104.SI,软件开发,L2,20,20,20,15.0,8.0,7.0,5.0,0.0,0.75,ok,,20260918,20260918
20260918,300369.SZ,绿盟科技,801104.SI,软件开发,L2,20,20,20,15.0,9.0,6.0,5.0,0.0,0.75,ok,,20260918,20260918
20260918,300377.SZ,赢时胜,801104.SI,软件开发,L2,20,20,20,15.0,7.0,8.0,5.0,0.0,0.75,ok,,20260918,20260918
20260918,300605.SZ,恒锋信息,801104.SI,软件开发,L2,20,20,20,15.0,7.0,8.0,5.0,0.0,0.75,ok,,20260918,20260918
20260918,301153.SZ,中科江南,801104.SI,软件开发,L2,20,20,20,15.0,7.0,8.0,5.0,0.0,0.75,ok,,20260918,20260918
20260918,301269.SZ,华大九天,801104.SI,软件开发,L2,20,20,20,15.0,6.0,9.0,5.0,0.0,0.75,ok,,20260918,20260918
20260918,301337.SZ,亚华电子,801104.SI,软件开发,L2,20,20,20,15.0,6.0,9.0,5.0,0.0,0.75,ok,,20260918,20260918
20260918,601519.SH,大智慧,801104.SI,软件开发,L2,20,20,20,15.0,8.0,7.0,5.0,0.0,0.75,ok,,20260918,20260918
20260918,603039.SH,泛微网,801104.SI,软件开发,L2,20,20,20,15.0,6.0,9.0,5.0,0.0,0.75,ok,,20260918,20260918
20260918,688038.SH,中科通达,801104.SI,软件开发,L2,20,20,20,15.0,8.0,7.0,5.0,0.0,0.75,ok,,20260918,20260918
20260918,688109.SH,品茗科技,801104.SI,软件开发,L2,20,20,20,15.0,7.0,8.0,5.0,0.0,0.75,ok,,20260918,20260918
20260918,688206.SH,概伦电子,801104.SI,软件开发,L2,20,20,20,15.0,7.0,8.0,5.0,0.0,0.75,ok,,20260918,20260918
20260918,688326.SH,经纬恒润-W,801104.SI,软件开发,L2,20,20,20,15.0,6.0,9.0,5.0,0.0,0.75,ok,,20260918,20260918
20260918,688615.SH,合合信息,801104.SI,软件开发,L2,20,20,20,15.0,6.0,9.0,5.0,0.0,0.75,ok,,20260918,20260918
20260918,688651.SH,盛邦安全,801104.SI,软件开发,L2,20,20,20,15.0,7.0,8.0,5.0,0.0,0.75,ok,,20260918,20260918
20260918,688657.SH,浩辰软件,801104.SI,软件开发,L2,20,20,20,15.0,7.0,8.0,5.0,0.0,0.75,ok,,20260918,20260918
20260918,000810.SZ,创维数字,801112.SI,黑色家电,L2,20,20,20,15.0,7.0,8.0,5.0,0.0,0.75,ok,,20260918,20260918
20260918,002032.SZ,苏泊尔,801113.SI,小家电,L2,20,20,20,15.0,5.0,10.0,5.0,0.0,0.75,ok,,20260918,20260918
20260918,002543.SZ,万和电气,801114.SI,厨卫电器,L2,20,20,20,15.0,8.0,7.0,5.0,0.0,0.75,ok,,20260918,20260918
20260918,600261.SH,阳光照明,801115.SI,照明设备Ⅱ,L2,20,20,20,15.0,8.0,7.0,5.0,0.0,0.75,ok,,20260918,20260918
20260918,002418.SZ,康盛股份,801116.SI,家电零部件Ⅱ,L2,20,20,20,15.0,7.0,8.0,5.0,0.0,0.75,ok,,20260918,20260918
20260918,301008.SZ,宏昌科技,801116.SI,家电零部件Ⅱ,L2,20,20,20,15.0,8.0,7.0,5.0,0.0,0.75,ok,,20260918,20260918
20260918,301252.SZ,同星科技,801116.SI,家电零部件Ⅱ,L2,20,20,20,15.0,7.0,8.0,5.0,0.0,0.75,ok,,20260918,20260918
20260918,002515.SZ,金字火腿,801124.SI,食品加工,L2,20,20,20,15.0,5.0,10.0,5.0,0.0,0.75,ok,,20260918,20260918
20260918,002626.SZ,金达威,801124.SI,食品加工,L2,20,20,20,15.0,7.0,8.0,5.0,0.0,0.75,ok,,20260918,20260918
20260918,603345.SH,安井食品,801124.SI,食品加工,L2,20,20,20,15.0,7.0,8.0,5.0,0.0,0.75,ok,,20260918,20260918
20260918,605338.SH,巴比食品,801124.SI,食品加工,L2,20,20,20,15.0,6.0,9.0,5.0,0.0,0.75,ok,,20260918,20260918
20260918,605567.SH,春雪食品,801124.SI,食品加工,L2,20,20,20,15.0,8.0,7.0,5.0,0.0,0.75,ok,,20260918,20260918
20260918,600059.SH,古越龙山,801126.SI,非白酒,L2,20,20,20,15.0,10.0,5.0,5.0,0.0,0.75,ok,,20260918,20260918
20260918,002732.SZ,燕塘乳业,801127.SI,饮料乳品,L2,20,20,20,15.0,7.0,8.0,5.0,0.0,0.75,ok,,20260918,20260918
20260918,002946.SZ,新乳业,801127.SI,饮料乳品,L2,20,20,20,15.0,7.0,8.0,5.0,0.0,0.75,ok,,20260918,20260918
20260918,300997.SZ,欢乐家,801127.SI,饮料乳品,L2,20,20,20,15.0,6.0,9.0,5.0,0.0,0.75,ok,,20260918,20260918
20260918,605499.SH,东鹏饮料,801127.SI,饮料乳品,L2,20,20,20,15.0,6.0,9.0,5.0,0.0,0.75,ok,,20260918,20260918
20260918,920786.BJ,骑士乳业,801127.SI,饮料乳品,L2,20,20,20,15.0,6.0,9.0,5.0,0.0,0.75,ok,,20260918,20260918
20260918,600872.SH,中炬高新,801129.SI,调味发酵品Ⅱ,L2,20,20,20,15.0,6.0,9.0,5.0,0.0,0.75,ok,,20260918,20260918
20260918,603755.SH,日辰股份,801129.SI,调味发酵品Ⅱ,L2,20,20,20,15.0,7.0,8.0,5.0,0.0,0.75,ok,,20260918,20260918
20260918,000850.SZ,华茂股份,801131.SI,纺织制造,L2,20,20,20,15.0,8.0,7.0,5.0,0.0,0.75,ok,,20260918,20260918
20260918,001390.SZ,古麒绒材,801131.SI,纺织制造,L2,20,20,20,15.0,7.0,8.0,5.0,0.0,0.75,ok,,20260918,20260918
20260918,002098.SZ,浔兴股份,801131.SI,纺织制造,L2,20,20,20,15.0,9.0,6.0,5.0,0.0,0.75,ok,,20260918,20260918
20260918,003016.SZ,欣贺股份,801132.SI,服装家纺,L2,20,20,20,15.0,11.0,4.0,5.0,0.0,0.75,ok,,20260918,20260918
20260918,003041.SZ,真爱美家,801132.SI,服装家纺,L2,20,20,20,15.0,9.0,6.0,5.0,0.0,0.75,ok,,20260918,20260918
20260918,300591.SZ,万里马,801132.SI,服装家纺,L2,20,20,20,15.0,8.0,7.0,5.0,0.0,0.75,ok,,20260918,20260918
20260918,300952.SZ,恒辉安防,801132.SI,服装家纺,L2,20,20,20,15.0,9.0,6.0,5.0,0.0,0.75,ok,,20260918,20260918
20260918,301088.SZ,戎美股份,801132.SI,服装家纺,L2,20,20,20,15.0,10.0,5.0,5.0,0.0,0.75,ok,,20260918,20260918
20260918,603116.SH,红蜻蜓,801132.SI,服装家纺,L2,20,20,20,15.0,9.0,6.0,5.0,0.0,0.75,ok,,20260918,20260918
20260918,603877.SH,太平鸟,801132.SI,服装家纺,L2,20,20,20,15.0,10.0,5.0,5.0,0.0,0.75,ok,,20260918,20260918
20260918,605138.SH,盛泰集团,801132.SI,服装家纺,L2,20,20,20,15.0,10.0,5.0,5.0,0.0,0.75,ok,,20260918,20260918
20260918,920262.BJ,太湖雪,801132.SI,服装家纺,L2,20,20,20,15.0,9.0,6.0,5.0,0.0,0.75,ok,,20260918,20260918
20260918,605599.SH,菜百股份,801133.SI,饰品,L2,20,20,20,15.0,7.0,8.0,5.0,0.0,0.75,ok,,20260918,20260918
20260918,001279.SZ,强邦新材,801141.SI,包装印刷,L2,20,20,20,15.0,9.0,6.0,5.0,0.0,0.75,ok,,20260918,20260918
20260918,002228.SZ,合兴包装,801141.SI,包装印刷,L2,20,20,20,15.0,8.0,7.0,5.0,0.0,0.75,ok,,20260918,20260918
20260918,002752.SZ,昇兴股份,801141.SI,包装印刷,L2,20,20,20,15.0,9.0,6.0,5.0,0.0,0.75,ok,,20260918,20260918
20260918,002846.SZ,英联股份,801141.SI,包装印刷,L2,20,20,20,15.0,8.0,7.0,5.0,0.0,0.75,ok,,20260918,20260918
20260918,002969.SZ,嘉美包装,801141.SI,包装印刷,L2,20,20,20,15.0,7.0,8.0,5.0,0.0,0.75,ok,,20260918,20260918
20260918,003018.SZ,金富科技,801141.SI,包装印刷,L2,20,20,20,15.0,7.0,8.0,5.0,0.0,0.75,ok,,20260918,20260918
20260918,301355.SZ,南王科技,801141.SI,包装印刷,L2,20,20,20,15.0,9.0,6.0,5.0,0.0,0.75,ok,,20260918,20260918
20260918,603058.SH,永吉股份,801141.SI,包装印刷,L2,20,20,20,15.0,7.0,8.0,5.0,0.0,0.75,ok,,20260918,20260918
20260918,920204.BJ,沪江材料,801141.SI,包装印刷,L2,20,20,20,15.0,9.0,6.0,5.0,0.0,0.75,ok,,20260918,20260918
20260918,001221.SZ,悍高集团,801142.SI,家居用品,L2,20,20,20,15.0,7.0,8.0,5.0,0.0,0.75,ok,,20260918,20260918
20260918,002084.SZ,海鸥住工,801142.SI,家居用品,L2,20,20,20,15.0,10.0,5.0,5.0,0.0,0.75,ok,,20260918,20260918
20260918,002162.SZ,悦心健康,801142.SI,家居用品,L2,20,20,20,15.0,10.0,5.0,5.0,0.0,0.75,ok,,20260918,20260918
20260918,003011.SZ,海象新材,801142.SI,家居用品,L2,20,20,20,15.0,7.0,8.0,5.0,0.0,0.75,ok,,20260918,20260918
20260918,920445.BJ,龙竹科,801142.SI,家居用品,L2,20,20,20,15.0,9.0,6.0,5.0,0.0,0.75,ok,,20260918,20260918
20260918,920765.BJ,美之高,801142.SI,家居用品,L2,20,20,20,15.0,8.0,7.0,5.0,0.0,0.75,ok,,20260918,20260918
20260918,002012.SZ,凯恩股份,801143.SI,造纸,L2,20,20,20,15.0,9.0,6.0,5.0,0.0,0.75,ok,,20260918,20260918
20260918,001368.SZ,通达创智,801145.SI,文娱用品,L2,20,20,20,15.0,9.0,6.0,5.0,0.0,0.75,ok,,20260918,20260918
20260918,301101.SZ,明月镜片,801145.SI,文娱用品,L2,20,20,20,15.0,8.0,7.0,5.0,0.0,0.75,ok,,20260918,20260918
20260918,001367.SZ,海森药业,801151.SI,化学制药,L2,20,20,20,15.0,8.0,7.0,5.0,0.0,0.75,ok,,20260918,20260918
20260918,002437.SZ,誉衡药业,801151.SI,化学制药,L2,20,20,20,15.0,8.0,7.0,5.0,0.0,0.75,ok,,20260918,20260918
20260918,002923.SZ,润都股份,801151.SI,化学制药,L2,20,20,20,15.0,8.0,7.0,5.0,0.0,0.75,ok,,20260918,20260918
20260918,300016.SZ,北陆药业,801151.SI,化学制药,L2,20,20,20,15.0,7.0,8.0,5.0,0.0,0.75,ok,,20260918,20260918
20260918,300558.SZ,贝达药业,801151.SI,化学制药,L2,20,20,20,15.0,6.0,9.0,5.0,0.0,0.75,ok,,20260918,20260918
20260918,300705.SZ,九典制药,801151.SI,化学制药,L2,20,20,20,15.0,7.0,8.0,5.0,0.0,0.75,ok,,20260918,20260918
20260918,300723.SZ,一品红,801151.SI,化学制药,L2,20,20,20,15.0,7.0,8.0,5.0,0.0,0.75,ok,,20260918,20260918
20260918,301281.SZ,科源制药,801151.SI,化学制药,L2,20,20,20,15.0,8.0,7.0,5.0,0.0,0.75,ok,,20260918,20260918
20260918,600774.SH,汉商集团,801151.SI,化学制药,L2,20,20,20,15.0,9.0,6.0,5.0,0.0,0.75,ok,,20260918,20260918
20260918,603229.SH,奥翔药业,801151.SI,化学制药,L2,20,20,20,15.0,7.0,8.0,5.0,0.0,0.75,ok,,20260918,20260918
20260918,688062.SH,迈威生物,801151.SI,化学制药,L2,20,20,20,15.0,6.0,9.0,5.0,0.0,0.75,ok,,20260918,20260918
20260918,688221.SH,前沿生物,801151.SI,化学制药,L2,20,20,20,15.0,7.0,8.0,5.0,0.0,0.75,ok,,20260918,20260918
20260918,688302.SH,海创药业,801151.SI,化学制药,L2,20,20,20,15.0,6.0,9.0,5.0,0.0,0.75,ok,,20260918,20260918
20260918,688356.SH,键凯科技,801151.SI,化学制药,L2,20,20,20,15.0,7.0,8.0,5.0,0.0,0.75,ok,,20260918,20260918
20260918,688799.SH,华纳药厂,801151.SI,化学制药,L2,20,20,20,15.0,9.0,6.0,5.0,0.0,0.75,ok,,20260918,20260918
20260918,920566.BJ,梓橦宫,801151.SI,化学制药,L2,20,20,20,15.0,8.0,7.0,5.0,0.0,0.75,ok,,20260918,20260918
20260918,000661.SZ,长春高新,801152.SI,生物制品,L2,20,20,20,15.0,5.0,10.0,5.0,0.0,0.75,ok,,20260918,20260918
20260918,002773.SZ,康弘药业,801152.SI,生物制品,L2,20,20,20,15.0,7.0,8.0,5.0,0.0,0.75,ok,,20260918,20260918
20260918,300142.SZ,沃森生物,801152.SI,生物制品,L2,20,20,20,15.0,8.0,7.0,5.0,0.0,0.75,ok,,20260918,20260918
20260918,301047.SZ,义翘神州,801152.SI,生物制品,L2,20,20,20,15.0,7.0,8.0,5.0,0.0,0.75,ok,,20260918,20260918
20260918,301080.SZ,百普赛斯,801152.SI,生物制品,L2,20,20,20,15.0,7.0,8.0,5.0,0.0,0.75,ok,,20260918,20260918
20260918,301393.SZ,昊帆生物,801152.SI,生物制品,L2,20,20,20,15.0,8.0,7.0,5.0,0.0,0.75,ok,,20260918,20260918
20260918,688293.SH,奥浦迈,801152.SI,生物制品,L2,20,20,20,15.0,8.0,7.0,5.0,0.0,0.75,ok,,20260918,20260918
20260918,688319.SH,欧林生物,801152.SI,生物制品,L2,20,20,20,15.0,7.0,8.0,5.0,0.0,0.75,ok,,20260918,20260918
20260918,688336.SH,三生国健,801152.SI,生物制品,L2,20,20,20,15.0,8.0,7.0,5.0,0.0,0.75,ok,,20260918,20260918
20260918,002022.SZ,科华生物,801153.SI,医疗器械,L2,20,20,20,15.0,8.0,7.0,5.0,0.0,0.75,ok,,20260918,20260918
20260918,002223.SZ,鱼跃医疗,801153.SI,医疗器械,L2,20,20,20,15.0,8.0,7.0,5.0,0.0,0.75,ok,,20260918,20260918
20260918,002551.SZ,尚荣医疗,801153.SI,医疗器械,L2,20,20,20,15.0,7.0,8.0,5.0,0.0,0.75,ok,,20260918,20260918
20260918,002901.SZ,大博医疗,801153.SI,医疗器械,L2,20,20,20,15.0,7.0,8.0,5.0,0.0,0.75,ok,,20260918,20260918
20260918,300314.SZ,戴维医疗,801153.SI,医疗器械,L2,20,20,20,15.0,6.0,9.0,5.0,0.0,0.75,ok,,20260918,20260918
20260918,300439.SZ,美康生物,801153.SI,医疗器械,L2,20,20,20,15.0,7.0,8.0,5.0,0.0,0.75,ok,,20260918,20260918
20260918,300453.SZ,三鑫医疗,801153.SI,医疗器械,L2,20,20,20,15.0,6.0,9.0,5.0,0.0,0.75,ok,,20260918,20260918
20260918,300633.SZ,开立医疗,801153.SI,医疗器械,L2,20,20,20,15.0,7.0,8.0,5.0,0.0,0.75,ok,,20260918,20260918
20260918,300677.SZ,英科医疗,801153.SI,医疗器械,L2,20,20,20,15.0,8.0,7.0,5.0,0.0,0.75,ok,,20260918,20260918
20260918,301290.SZ,东星医疗,801153.SI,医疗器械,L2,20,20,20,15.0,7.0,8.0,5.0,0.0,0.75,ok,,20260918,20260918
20260918,301515.SZ,港通医疗,801153.SI,医疗器械,L2,20,20,20,15.0,8.0,7.0,5.0,0.0,0.75,ok,,20260918,20260918
20260918,600587.SH,新华医疗,801153.SI,医疗器械,L2,20,20,20,15.0,7.0,8.0,5.0,0.0,0.75,ok,,20260918,20260918
20260918,688013.SH,天臣医疗,801153.SI,医疗器械,L2,20,20,20,15.0,6.0,9.0,5.0,0.0,0.75,ok,,20260918,20260918
20260918,688085.SH,三友医疗,801153.SI,医疗器械,L2,20,20,20,15.0,7.0,8.0,5.0,0.0,0.75,ok,,20260918,20260918
20260918,688108.SH,赛诺医疗,801153.SI,医疗器械,L2,20,20,20,15.0,6.0,9.0,5.0,0.0,0.75,ok,,20260918,20260918
20260918,688114.SH,华大智造,801153.SI,医疗器械,L2,20,20,20,15.0,6.0,9.0,5.0,0.0,0.75,ok,,20260918,20260918
20260918,688314.SH,康拓医疗,801153.SI,医疗器械,L2,20,20,20,15.0,7.0,8.0,5.0,0.0,0.75,ok,,20260918,20260918
20260918,688581.SH,安杰思,801153.SI,医疗器械,L2,20,20,20,15.0,8.0,7.0,5.0,0.0,0.75,ok,,20260918,20260918
20260918,688767.SH,博拓生物,801153.SI,医疗器械,L2,20,20,20,15.0,8.0,7.0,5.0,0.0,0.75,ok,,20260918,20260918
20260918,301015.SZ,百洋医药,801154.SI,医药商业,L2,20,20,20,15.0,6.0,9.0,5.0,0.0,0.75,ok,,20260918,20260918
20260918,301584.SZ,建发致新,801154.SI,医药商业,L2,20,20,20,15.0,6.0,9.0,5.0,0.0,0.75,ok,,20260918,20260918
20260918,603108.SH,润达医疗,801154.SI,医药商业,L2,20,20,20,15.0,8.0,7.0,5.0,0.0,0.75,ok,,20260918,20260918
20260918,603122.SH,合富中国,801154.SI,医药商业,L2,20,20,20,15.0,7.0,8.0,5.0,0.0,0.75,ok,,20260918,20260918
20260918,603883.SH,老百姓,801154.SI,医药商业,L2,20,20,20,15.0,6.0,9.0,5.0,0.0,0.75,ok,,20260918,20260918
20260918,000623.SZ,吉林敖东,801155.SI,中药Ⅱ,L2,20,20,20,15.0,7.0,8.0,5.0,0.0,0.75,ok,,20260918,20260918
20260918,600285.SH,羚锐制药,801155.SI,中药Ⅱ,L2,20,20,20,15.0,7.0,8.0,5.0,0.0,0.75,ok,,20260918,20260918
20260918,600479.SH,千金药业,801155.SI,中药Ⅱ,L2,20,20,20,15.0,8.0,7.0,5.0,0.0,0.75,ok,,20260918,20260918
20260918,603998.SH,方盛制药,801155.SI,中药Ⅱ,L2,20,20,20,15.0,7.0,8.0,5.0,0.0,0.75,ok,,20260918,20260918
20260918,300363.SZ,博腾股份,801156.SI,医疗服务,L2,20,20,20,15.0,7.0,8.0,5.0,0.0,0.75,ok,,20260918,20260918
20260918,300404.SZ,博济医药,801156.SI,医疗服务,L2,20,20,20,15.0,6.0,9.0,5.0,0.0,0.75,ok,,20260918,20260918
20260918,300676.SZ,华大基因,801156.SI,医疗服务,L2,20,20,20,15.0,6.0,9.0,5.0,0.0,0.75,ok,,20260918,20260918
20260918,301201.SZ,诚达药业,801156.SI,医疗服务,L2,20,20,20,15.0,7.0,8.0,5.0,0.0,0.75,ok,,20260918,20260918
20260918,301230.SZ,泓博医药,801156.SI,医疗服务,L2,20,20,20,15.0,6.0,9.0,5.0,0.0,0.75,ok,,20260918,20260918
20260918,301333.SZ,诺思格,801156.SI,医疗服务,L2,20,20,20,15.0,7.0,8.0,5.0,0.0,0.75,ok,,20260918,20260918
20260918,688202.SH,美迪西,801156.SI,医疗服务,L2,20,20,20,15.0,7.0,8.0,5.0,0.0,0.75,ok,,20260918,20260918
20260918,688710.SH,益诺思,801156.SI,医疗服务,L2,20,20,20,15.0,6.0,9.0,5.0,0.0,0.75,ok,,20260918,20260918
20260918,300335.SZ,迪森股份,801161.SI,电力,L2,20,20,20,15.0,9.0,6.0,5.0,0.0,0.75,ok,,20260918,20260918
20260918,600021.SH,上海电力,801161.SI,电力,L2,20,20,20,15.0,8.0,7.0,5.0,0.0,0.75,ok,,20260918,20260918
20260918,600025.SH,华能水电,801161.SI,电力,L2,20,20,20,15.0,7.0,8.0,5.0,0.0,0.75,ok,,20260918,20260918
20260918,600032.SH,浙江新能,801161.SI,电力,L2,20,20,20,15.0,8.0,7.0,5.0,0.0,0.75,ok,,20260918,20260918
20260918,600157.SH,永泰能源,801161.SI,电力,L2,20,20,12,9.0,4.0,5.0,3.0,8.0,0.75,ok,,20260918,20260918
20260918,600575.SH,淮河能源,801161.SI,电力,L2,20,20,16,12.0,7.0,5.0,4.0,4.0,0.75,ok,,20260918,20260918
20260918,600644.SH,乐山电力,801161.SI,电力,L2,20,20,20,15.0,9.0,6.0,5.0,0.0,0.75,ok,,20260918,20260918
20260918,601985.SH,中国核电,801161.SI,电力,L2,20,20,20,15.0,8.0,7.0,5.0,0.0,0.75,ok,,20260918,20260918
20260918,603318.SH,水发燃气,801163.SI,燃气Ⅱ,L2,20,20,20,15.0,8.0,7.0,5.0,0.0,0.75,ok,,20260918,20260918
20260918,920014.BJ,特瑞斯,801163.SI,燃气Ⅱ,L2,20,20,20,15.0,8.0,7.0,5.0,0.0,0.75,ok,,20260918,20260918
20260918,600755.SH,厦门国贸,801178.SI,物流,L2,20,20,20,15.0,8.0,7.0,5.0,0.0,0.75,ok,,20260918,20260918
20260918,000002.SZ,万科A,801181.SI,房地产开发,L2,20,20,20,15.0,8.0,7.0,5.0,0.0,0.75,ok,,20260918,20260918
20260918,000029.SZ,深深房A,801181.SI,房地产开发,L2,20,20,20,15.0,8.0,7.0,5.0,0.0,0.75,ok,,20260918,20260918
20260918,600657.SH,信达地产,801181.SI,房地产开发,L2,20,20,20,15.0,9.0,6.0,5.0,0.0,0.75,ok,,20260918,20260918
20260918,002188.SZ,中天服务,801183.SI,房地产服务,L2,20,20,20,15.0,8.0,7.0,5.0,0.0,0.75,ok,,20260918,20260918
20260918,000567.SZ,海德股份,801191.SI,多元金融,L2,20,20,20,15.0,7.0,8.0,5.0,0.0,0.75,ok,,20260918,20260918
20260918,600830.SH,香溢融通,801191.SI,多元金融,L2,20,20,20,15.0,7.0,8.0,5.0,0.0,0.75,ok,,20260918,20260918
20260918,603093.SH,南华期货,801191.SI,多元金融,L2,20,20,20,15.0,9.0,6.0,5.0,0.0,0.75,ok,,20260918,20260918
20260918,002500.SZ,山西证券,801193.SI,证券Ⅱ,L2,20,20,20,15.0,8.0,7.0,5.0,0.0,0.75,ok,,20260918,20260918
20260918,002945.SZ,华林证券,801193.SI,证券Ⅱ,L2,20,20,20,15.0,6.0,9.0,5.0,0.0,0.75,ok,,20260918,20260918
20260918,600906.SH,财达证券,801193.SI,证券Ⅱ,L2,20,20,20,15.0,8.0,7.0,5.0,0.0,0.75,ok,,20260918,20260918
20260918,601555.SH,东吴证券,801193.SI,证券Ⅱ,L2,20,20,20,15.0,9.0,6.0,5.0,0.0,0.75,ok,,20260918,20260918
20260918,601995.SH,中金公司,801193.SI,证券Ⅱ,L2,20,20,16,12.0,5.0,7.0,4.0,4.0,0.75,ok,,20260918,20260918
20260918,601628.SH,中国人寿,801194.SI,保险Ⅱ,L2,20,20,20,15.0,7.0,8.0,5.0,0.0,0.75,ok,,20260918,20260918
20260918,600058.SH,五矿发展,801202.SI,贸易Ⅱ,L2,20,20,20,15.0,6.0,9.0,5.0,0.0,0.75,ok,,20260918,20260918
20260918,002561.SZ,徐家汇,801203.SI,一般零售,L2,20,20,20,15.0,8.0,7.0,5.0,0.0,0.75,ok,,20260918,20260918
20260918,600859.SH,王府井,801203.SI,一般零售,L2,20,20,20,15.0,9.0,6.0,5.0,0.0,0.75,ok,,20260918,20260918
20260918,300860.SZ,锋尚文化,801218.SI,专业服务,L2,20,20,20,15.0,7.0,8.0,5.0,0.0,0.75,ok,,20260918,20260918
20260918,300938.SZ,信测标准,801218.SI,专业服务,L2,20,20,20,15.0,7.0,8.0,5.0,0.0,0.75,ok,,20260918,20260918
20260918,301169.SZ,零点有数,801218.SI,专业服务,L2,20,20,20,15.0,7.0,8.0,5.0,0.0,0.75,ok,,20260918,20260918
20260918,301632.SZ,广东建科,801218.SI,专业服务,L2,20,20,20,15.0,8.0,7.0,5.0,0.0,0.75,ok,,20260918,20260918
20260918,600458.SH,时代新材,801231.SI,综合Ⅱ,L2,20,20,20,15.0,8.0,7.0,5.0,0.0,0.75,ok,,20260918,20260918
20260918,600673.SH,东阳光,801231.SI,综合Ⅱ,L2,20,20,20,15.0,7.0,8.0,5.0,0.0,0.75,ok,,20260918,20260918
20260918,002080.SZ,中材科技,801712.SI,玻璃玻纤,L2,20,20,20,15.0,10.0,5.0,5.0,0.0,0.75,ok,,20260918,20260918
20260918,688119.SH,中钢洛耐,801713.SI,装修建材,L2,20,20,20,15.0,7.0,8.0,5.0,0.0,0.75,ok,,20260918,20260918
20260918,002963.SZ,豪尔赛,801722.SI,装修装饰Ⅱ,L2,20,20,20,15.0,7.0,8.0,5.0,0.0,0.75,ok,,20260918,20260918
20260918,601886.SH,江河集团,801722.SI,装修装饰Ⅱ,L2,20,20,20,15.0,8.0,7.0,5.0,0.0,0.75,ok,,20260918,20260918
20260918,603137.SH,恒尚节能,801722.SI,装修装饰Ⅱ,L2,20,20,20,15.0,6.0,9.0,5.0,0.0,0.75,ok,,20260918,20260918
20260918,603176.SH,汇通集团,801723.SI,基础建设,L2,20,20,20,15.0,9.0,6.0,5.0,0.0,0.75,ok,,20260918,20260918
20260918,002051.SZ,中工国际,801724.SI,专业工程,L2,20,20,20,15.0,9.0,6.0,5.0,0.0,0.75,ok,,20260918,20260918
20260918,002140.SZ,东华科技,801724.SI,专业工程,L2,20,20,20,15.0,8.0,7.0,5.0,0.0,0.75,ok,,20260918,20260918
20260918,300500.SZ,启迪设计,801726.SI,工程咨询服务Ⅱ,L2,20,20,20,15.0,7.0,8.0,5.0,0.0,0.75,ok,,20260918,20260918
20260918,300668.SZ,杰恩股份,801726.SI,工程咨询服务Ⅱ,L2,20,20,20,15.0,7.0,8.0,5.0,0.0,0.75,ok,,20260918,20260918
20260918,301365.SZ,矩阵股份,801726.SI,工程咨询服务Ⅱ,L2,20,20,20,15.0,7.0,8.0,5.0,0.0,0.75,ok,,20260918,20260918
20260918,600667.SH,太极实业,801726.SI,工程咨询服务Ⅱ,L2,20,20,20,15.0,6.0,9.0,5.0,0.0,0.75,ok,,20260918,20260918
20260918,603860.SH,中公高科,801726.SI,工程咨询服务Ⅱ,L2,20,20,20,15.0,8.0,7.0,5.0,0.0,0.75,ok,,20260918,20260918
20260918,300626.SZ,华瑞股份,801731.SI,电机Ⅱ,L2,20,20,20,15.0,7.0,8.0,5.0,0.0,0.75,ok,,20260918,20260918
20260918,300907.SZ,康平科技,801731.SI,电机Ⅱ,L2,20,20,20,15.0,7.0,8.0,5.0,0.0,0.75,ok,,20260918,20260918
20260918,300693.SZ,盛弘股份,801733.SI,其他电源设备Ⅱ,L2,20,20,20,15.0,5.0,10.0,5.0,0.0,0.75,ok,,20260918,20260918
20260918,301157.SZ,华塑科技,801733.SI,其他电源设备Ⅱ,L2,20,20,20,15.0,7.0,8.0,5.0,0.0,0.75,ok,,20260918,20260918
20260918,301590.SZ,优优绿能,801733.SI,其他电源设备Ⅱ,L2,20,20,20,15.0,6.0,9.0,5.0,0.0,0.75,ok,,20260918,20260918
20260918,600482.SH,中国动力,801733.SI,其他电源设备Ⅱ,L2,20,20,20,15.0,7.0,8.0,5.0,0.0,0.75,ok,,20260918,20260918
20260918,002079.SZ,苏州固锝,801735.SI,光伏设备,L2,20,20,20,15.0,4.0,11.0,5.0,0.0,0.75,ok,,20260918,20260918
20260918,002459.SZ,晶澳科技,801735.SI,光伏设备,L2,20,20,20,15.0,5.0,10.0,5.0,0.0,0.75,ok,,20260918,20260918
20260918,002865.SZ,钧达股份,801735.SI,光伏设备,L2,20,20,20,15.0,4.0,11.0,5.0,0.0,0.75,ok,,20260918,20260918
20260918,300763.SZ,锦浪科技,801735.SI,光伏设备,L2,20,20,20,15.0,4.0,11.0,5.0,0.0,0.75,ok,,20260918,20260918
20260918,301278.SZ,快可电子,801735.SI,光伏设备,L2,20,20,20,15.0,5.0,10.0,5.0,0.0,0.75,ok,,20260918,20260918
20260918,600732.SH,爱旭股份,801735.SI,光伏设备,L2,20,20,20,15.0,3.0,12.0,5.0,0.0,0.75,ok,,20260918,20260918
20260918,603185.SH,弘元绿能,801735.SI,光伏设备,L2,20,20,20,15.0,4.0,11.0,5.0,0.0,0.75,ok,,20260918,20260918
20260918,688147.SH,微导纳米,801735.SI,光伏设备,L2,20,20,20,15.0,5.0,10.0,5.0,0.0,0.75,ok,,20260918,20260918
20260918,688408.SH,中信博,801735.SI,光伏设备,L2,20,20,20,15.0,4.0,11.0,5.0,0.0,0.75,ok,,20260918,20260918
20260918,688503.SH,聚和材料,801735.SI,光伏设备,L2,20,20,20,15.0,4.0,11.0,5.0,0.0,0.75,ok,,20260918,20260918
20260918,688726.SH,拉普拉斯,801735.SI,光伏设备,L2,20,20,20,15.0,4.0,11.0,5.0,0.0,0.75,ok,,20260918,20260918
20260918,002202.SZ,金风科技,801736.SI,风电设备,L2,20,20,20,15.0,8.0,7.0,5.0,0.0,0.75,ok,,20260918,20260918
20260918,301456.SZ,盘古智能,801736.SI,风电设备,L2,20,20,20,15.0,9.0,6.0,5.0,0.0,0.75,ok,,20260918,20260918
20260918,601615.SH,明阳智能,801736.SI,风电设备,L2,20,20,20,15.0,8.0,7.0,5.0,0.0,0.75,ok,,20260918,20260918
20260918,603092.SH,德力佳,801736.SI,风电设备,L2,20,20,20,15.0,8.0,7.0,5.0,0.0,0.75,ok,,20260918,20260918
20260918,920200.BJ,振宏股份,801736.SI,风电设备,L2,20,20,20,15.0,9.0,6.0,5.0,0.0,0.75,ok,,20260918,20260918
20260918,300438.SZ,鹏辉能源,801737.SI,电池,L2,20,20,20,15.0,3.0,12.0,5.0,0.0,0.75,ok,,20260918,20260918
20260918,300890.SZ,翔丰华,801737.SI,电池,L2,20,20,20,15.0,4.0,11.0,5.0,0.0,0.75,ok,,20260918,20260918
20260918,301238.SZ,瑞泰新材,801737.SI,电池,L2,20,20,20,15.0,5.0,10.0,5.0,0.0,0.75,ok,,20260918,20260918
20260918,301292.SZ,海科新源,801737.SI,电池,L2,20,20,20,15.0,4.0,11.0,5.0,0.0,0.75,ok,,20260918,20260918
20260918,301358.SZ,湖南裕能,801737.SI,电池,L2,20,20,20,15.0,4.0,11.0,5.0,0.0,0.75,ok,,20260918,20260918
20260918,603032.SH,德新科技,801737.SI,电池,L2,20,20,20,15.0,5.0,10.0,5.0,0.0,0.75,ok,,20260918,20260918
20260918,603659.SH,璞泰来,801737.SI,电池,L2,20,20,20,15.0,4.0,11.0,5.0,0.0,0.75,ok,,20260918,20260918
20260918,603906.SH,龙蟠科技,801737.SI,电池,L2,20,20,20,15.0,5.0,10.0,5.0,0.0,0.75,ok,,20260918,20260918
20260918,688155.SH,先惠技术,801737.SI,电池,L2,20,20,20,15.0,4.0,11.0,5.0,0.0,0.75,ok,,20260918,20260918
20260918,688733.SH,壹石通,801737.SI,电池,L2,20,20,20,15.0,5.0,10.0,5.0,0.0,0.75,ok,,20260918,20260918
20260918,001208.SZ,华菱线缆,801738.SI,电网设备,L2,20,20,20,15.0,7.0,8.0,5.0,0.0,0.75,ok,,20260918,20260918
20260918,002452.SZ,长高电气,801738.SI,电网设备,L2,20,20,20,15.0,7.0,8.0,5.0,0.0,0.75,ok,,20260918,20260918
20260918,002471.SZ,中超控股,801738.SI,电网设备,L2,20,20,20,15.0,7.0,8.0,5.0,0.0,0.75,ok,,20260918,20260918
20260918,002606.SZ,大连电瓷,801738.SI,电网设备,L2,20,20,20,15.0,5.0,10.0,5.0,0.0,0.75,ok,,20260918,20260918
20260918,002980.SZ,华盛昌,801738.SI,电网设备,L2,20,20,20,15.0,6.0,9.0,5.0,0.0,0.75,ok,,20260918,20260918
20260918,300617.SZ,安靠智电,801738.SI,电网设备,L2,20,20,20,15.0,5.0,10.0,5.0,0.0,0.75,ok,,20260918,20260918
20260918,301120.SZ,新特电气,801738.SI,电网设备,L2,20,20,20,15.0,6.0,9.0,5.0,0.0,0.75,ok,,20260918,20260918
20260918,600885.SH,宏发股份,801738.SI,电网设备,L2,20,20,20,15.0,6.0,9.0,5.0,0.0,0.75,ok,,20260918,20260918
20260918,603556.SH,海兴电力,801738.SI,电网设备,L2,20,20,20,15.0,5.0,10.0,5.0,0.0,0.75,ok,,20260918,20260918
20260918,000738.SZ,航发控制,801742.SI,航空装备Ⅱ,L2,20,20,20,15.0,8.0,7.0,5.0,0.0,0.75,ok,,20260918,20260918
20260918,002111.SZ,威海广泰,801742.SI,航空装备Ⅱ,L2,20,20,20,15.0,7.0,8.0,5.0,0.0,0.75,ok,,20260918,20260918
20260918,300581.SZ,晨曦航空,801742.SI,航空装备Ⅱ,L2,20,20,20,15.0,9.0,6.0,5.0,0.0,0.75,ok,,20260918,20260918
20260918,600967.SH,内蒙一机,801743.SI,地面兵装Ⅱ,L2,20,20,20,15.0,10.0,5.0,5.0,0.0,0.75,ok,,20260918,20260918
20260918,300045.SZ,华力创通,801745.SI,军工电子Ⅱ,L2,20,20,20,15.0,6.0,9.0,5.0,0.0,0.75,ok,,20260918,20260918
20260918,300762.SZ,上海瀚讯,801745.SI,军工电子Ⅱ,L2,20,20,20,15.0,5.0,10.0,5.0,0.0,0.75,ok,,20260918,20260918
20260918,301571.SZ,国科天成,801745.SI,军工电子Ⅱ,L2,20,20,20,15.0,7.0,8.0,5.0,0.0,0.75,ok,,20260918,20260918
20260918,301682.SZ,宏明电子,801745.SI,军工电子Ⅱ,L2,20,20,20,15.0,6.0,9.0,5.0,0.0,0.75,ok,,20260918,20260918
20260918,688375.SH,国博电子,801745.SI,军工电子Ⅱ,L2,20,20,20,15.0,5.0,10.0,5.0,0.0,0.75,ok,,20260918,20260918
20260918,688682.SH,霍莱沃,801745.SI,军工电子Ⅱ,L2,20,20,20,15.0,6.0,9.0,5.0,0.0,0.75,ok,,20260918,20260918
20260918,300002.SZ,神州泰岳,801764.SI,游戏Ⅱ,L2,20,20,20,15.0,8.0,7.0,5.0,0.0,0.75,ok,,20260918,20260918
20260918,300052.SZ,中青宝,801764.SI,游戏Ⅱ,L2,20,20,20,15.0,7.0,8.0,5.0,0.0,0.75,ok,,20260918,20260918
20260918,300299.SZ,富春股份,801764.SI,游戏Ⅱ,L2,20,20,20,15.0,6.0,9.0,5.0,0.0,0.75,ok,,20260918,20260918
20260918,300418.SZ,昆仑万维,801764.SI,游戏Ⅱ,L2,20,20,20,15.0,6.0,9.0,5.0,0.0,0.75,ok,,20260918,20260918
20260918,002354.SZ,天娱数科,801765.SI,广告营销,L2,20,20,20,15.0,7.0,8.0,5.0,0.0,0.75,ok,,20260918,20260918
20260918,301171.SZ,易点天下,801765.SI,广告营销,L2,20,20,20,15.0,7.0,8.0,5.0,0.0,0.75,ok,,20260918,20260918
20260918,603602.SH,纵横通信,801765.SI,广告营销,L2,20,20,20,15.0,7.0,8.0,5.0,0.0,0.75,ok,,20260918,20260918
20260918,300413.SZ,芒果超媒,801767.SI,数字媒体,L2,20,20,20,15.0,9.0,6.0,5.0,0.0,0.75,ok,,20260918,20260918
20260918,600640.SH,国脉文化,801767.SI,数字媒体,L2,20,20,20,15.0,8.0,7.0,5.0,0.0,0.75,ok,,20260918,20260918
20260918,603466.SH,风语筑,801767.SI,数字媒体,L2,20,20,20,15.0,10.0,5.0,5.0,0.0,0.75,ok,,20260918,20260918
20260918,600757.SH,长江传媒,801769.SI,出版,L2,20,20,20,15.0,7.0,8.0,5.0,0.0,0.75,ok,,20260918,20260918
20260918,600157.SH,永泰能源,801951.SI,煤炭开采,L2,20,20,12,9.0,4.0,5.0,3.0,8.0,0.75,ok,,20260918,20260918
20260918,600348.SH,华阳股份,801951.SI,煤炭开采,L2,20,20,20,15.0,5.0,10.0,5.0,0.0,0.75,ok,,20260918,20260918
20260918,600403.SH,大有能源,801951.SI,煤炭开采,L2,20,20,20,15.0,6.0,9.0,5.0,0.0,0.75,ok,,20260918,20260918
20260918,600985.SH,淮北矿业,801951.SI,煤炭开采,L2,20,20,20,15.0,5.0,10.0,5.0,0.0,0.75,ok,,20260918,20260918
20260918,601001.SH,晋控煤业,801951.SI,煤炭开采,L2,20,20,20,15.0,5.0,10.0,5.0,0.0,0.75,ok,,20260918,20260918
20260918,300164.SZ,通源石油,801962.SI,油服工程,L2,20,20,20,15.0,7.0,8.0,5.0,0.0,0.75,ok,,20260918,20260918
20260918,000301.SZ,东方盛虹,801963.SI,炼化及贸易,L2,20,20,20,15.0,5.0,10.0,5.0,0.0,0.75,ok,,20260918,20260918
20260918,002408.SZ,齐翔腾达,801963.SI,炼化及贸易,L2,20,20,16,12.0,4.0,8.0,4.0,4.0,0.75,ok,,20260918,20260918
20260918,000546.SZ,金圆股份,801971.SI,环境治理,L2,20,20,20,15.0,7.0,8.0,5.0,0.0,0.75,ok,,20260918,20260918
20260918,000605.SZ,渤海股份,801971.SI,环境治理,L2,20,20,20,15.0,8.0,7.0,5.0,0.0,0.75,ok,,20260918,20260918
20260918,001230.SZ,劲旅环境,801971.SI,环境治理,L2,20,20,20,15.0,7.0,8.0,5.0,0.0,0.75,ok,,20260918,20260918
20260918,300815.SZ,玉禾田,801971.SI,环境治理,L2,20,20,20,15.0,6.0,9.0,5.0,0.0,0.75,ok,,20260918,20260918
20260918,300864.SZ,南大环境,801971.SI,环境治理,L2,20,20,20,15.0,8.0,7.0,5.0,0.0,0.75,ok,,20260918,20260918
20260918,300899.SZ,上海凯鑫,801971.SI,环境治理,L2,20,20,20,15.0,8.0,7.0,5.0,0.0,0.75,ok,,20260918,20260918
20260918,300958.SZ,建工修复,801971.SI,环境治理,L2,20,20,20,15.0,8.0,7.0,5.0,0.0,0.75,ok,,20260918,20260918
20260918,688466.SH,金科环境,801971.SI,环境治理,L2,20,20,20,15.0,8.0,7.0,5.0,0.0,0.75,ok,,20260918,20260918
20260918,688701.SH,卓锦股份,801971.SI,环境治理,L2,20,20,20,15.0,7.0,8.0,5.0,0.0,0.75,ok,,20260918,20260918
20260918,920263.BJ,中航泰达,801971.SI,环境治理,L2,20,20,20,15.0,8.0,7.0,5.0,0.0,0.75,ok,,20260918,20260918
20260918,000967.SZ,盈峰环境,801972.SI,环保设备Ⅱ,L2,20,20,20,15.0,7.0,8.0,5.0,0.0,0.75,ok,,20260918,20260918
20260918,300105.SZ,龙源技术,801972.SI,环保设备Ⅱ,L2,20,20,20,15.0,6.0,9.0,5.0,0.0,0.75,ok,,20260918,20260918
20260918,300800.SZ,力合科技,801972.SI,环保设备Ⅱ,L2,20,20,20,15.0,7.0,8.0,5.0,0.0,0.75,ok,,20260918,20260918
20260918,603324.SH,盛剑科技,801972.SI,环保设备Ⅱ,L2,20,20,20,15.0,6.0,9.0,5.0,0.0,0.75,ok,,20260918,20260918
20260918,688501.SH,青达环保,801972.SI,环保设备Ⅱ,L2,20,20,20,15.0,7.0,8.0,5.0,0.0,0.75,ok,,20260918,20260918
20260918,600249.SH,两面针,801981.SI,个护用品,L2,20,20,20,15.0,8.0,7.0,5.0,0.0,0.75,ok,,20260918,20260918
20260918,603059.SH,倍加洁,801981.SI,个护用品,L2,20,20,20,15.0,8.0,7.0,5.0,0.0,0.75,ok,,20260918,20260918
20260918,002094.SZ,青岛金王,801982.SI,化妆品,L2,20,20,20,15.0,8.0,7.0,5.0,0.0,0.75,ok,,20260918,20260918
20260918,301371.SZ,敷尔佳,801982.SI,化妆品,L2,20,20,20,15.0,7.0,8.0,5.0,0.0,0.75,ok,,20260918,20260918
20260918,603885.SH,吉祥航空,801991.SI,航空机场,L2,20,20,20,15.0,9.0,6.0,5.0,0.0,0.75,ok,,20260918,20260918
20260918,001205.SZ,盛航股份,801992.SI,航运港口,L2,20,20,20,15.0,7.0,8.0,5.0,0.0,0.75,ok,,20260918,20260918
20260918,601018.SH,宁波港,801992.SI,航运港口,L2,20,20,20,15.0,7.0,8.0,5.0,0.0,0.75,ok,,20260918,20260918
20260918,603209.SH,兴通股份,801992.SI,航运港口,L2,20,20,20,15.0,7.0,8.0,5.0,0.0,0.75,ok,,20260918,20260918
20260918,603565.SH,中谷物流,801992.SI,航运港口,L2,20,20,20,15.0,6.0,9.0,5.0,0.0,0.75,ok,,20260918,20260918
20260918,002033.SZ,丽江股份,801993.SI,旅游及景区,L2,20,20,20,15.0,9.0,6.0,5.0,0.0,0.75,ok,,20260918,20260918
20260918,600054.SH,黄山旅游,801993.SI,旅游及景区,L2,20,20,20,15.0,9.0,6.0,5.0,0.0,0.75,ok,,20260918,20260918
20260918,600706.SH,曲江文旅,801993.SI,旅游及景区,L2,20,20,20,15.0,11.0,4.0,5.0,0.0,0.75,ok,,20260918,20260918
20260918,603099.SH,长白山,801993.SI,旅游及景区,L2,20,20,20,15.0,9.0,6.0,5.0,0.0,0.75,ok,,20260918,20260918
20260918,600880.SH,博瑞传播,801994.SI,教育,L2,20,20,20,15.0,13.0,2.0,5.0,0.0,0.75,ok,,20260918,20260918
20260918,920021.BJ,流金科技,801995.SI,电视广播Ⅱ,L2,20,20,20,15.0,8.0,7.0,5.0,0.0,0.75,ok,,20260918,20260918
20260918,300511.SZ,雪榕生物,801016.SI,种植业,L2,20,20,19,14.0,8.0,6.0,5.0,1.0,0.7368421052631579,ok,,20260918,20260918
20260918,002321.SZ,华英农业,801017.SI,养殖业,L2,20,20,19,14.0,7.0,7.0,5.0,1.0,0.7368421052631579,ok,,20260918,20260918
20260918,000936.SZ,华西股份,801032.SI,化学纤维,L2,20,20,19,14.0,6.0,8.0,5.0,1.0,0.7368421052631579,ok,,20260918,20260918
20260918,300876.SZ,蒙泰高新,801032.SI,化学纤维,L2,20,20,19,14.0,5.0,9.0,5.0,1.0,0.7368421052631579,ok,,20260918,20260918
20260918,301057.SZ,汇隆新材,801032.SI,化学纤维,L2,20,20,19,14.0,5.0,9.0,5.0,1.0,0.7368421052631579,ok,,20260918,20260918
20260918,002601.SZ,龙佰集团,801033.SI,化学原料,L2,20,20,19,14.0,8.0,6.0,5.0,1.0,0.7368421052631579,ok,,20260918,20260918
20260918,600989.SH,宝丰能源,801033.SI,化学原料,L2,20,20,19,14.0,8.0,6.0,5.0,1.0,0.7368421052631579,ok,,20260918,20260918
20260918,601216.SH,君正集团,801033.SI,化学原料,L2,20,20,19,14.0,8.0,6.0,5.0,1.0,0.7368421052631579,ok,,20260918,20260918
20260918,603113.SH,金能科技,801033.SI,化学原料,L2,20,20,19,14.0,7.0,7.0,5.0,1.0,0.7368421052631579,ok,,20260918,20260918
20260918,603213.SH,镇洋发展,801033.SI,化学原料,L2,20,20,19,14.0,5.0,9.0,5.0,1.0,0.7368421052631579,ok,,20260918,20260918
20260918,688179.SH,阿拉丁,801034.SI,化学制品,L2,20,20,19,14.0,7.0,7.0,5.0,1.0,0.7368421052631579,ok,,20260918,20260918
20260918,688269.SH,凯立新材,801034.SI,化学制品,L2,20,20,19,14.0,5.0,9.0,5.0,1.0,0.7368421052631579,ok,,20260918,20260918
20260918,001359.SZ,平安电工,801036.SI,塑料,L2,20,20,19,14.0,6.0,8.0,5.0,1.0,0.7368421052631579,ok,,20260918,20260918
20260918,300221.SZ,银禧科技,801036.SI,塑料,L2,20,20,19,14.0,6.0,8.0,5.0,1.0,0.7368421052631579,ok,,20260918,20260918
20260918,300230.SZ,永利股份,801036.SI,塑料,L2,20,20,19,14.0,8.0,6.0,5.0,1.0,0.7368421052631579,ok,,20260918,20260918
20260918,300717.SZ,华信新材,801036.SI,塑料,L2,20,20,19,14.0,8.0,6.0,5.0,1.0,0.7368421052631579,ok,,20260918,20260918
20260918,300806.SZ,斯迪克,801036.SI,塑料,L2,20,20,19,14.0,7.0,7.0,5.0,1.0,0.7368421052631579,ok,,20260918,20260918
20260918,300980.SZ,祥源新材,801036.SI,塑料,L2,20,20,19,14.0,7.0,7.0,5.0,1.0,0.7368421052631579,ok,,20260918,20260918
20260918,300995.SZ,奇德新材,801036.SI,塑料,L2,20,20,19,14.0,7.0,7.0,5.0,1.0,0.7368421052631579,ok,,20260918,20260918
20260918,301131.SZ,聚赛龙,801036.SI,塑料,L2,20,20,19,14.0,7.0,7.0,5.0,1.0,0.7368421052631579,ok,,20260918,20260918
20260918,603580.SH,艾艾精工,801036.SI,塑料,L2,20,20,19,14.0,6.0,8.0,5.0,1.0,0.7368421052631579,ok,,20260918,20260918
20260918,605589.SH,圣泉集团,801036.SI,塑料,L2,20,20,19,14.0,7.0,7.0,5.0,1.0,0.7368421052631579,ok,,20260918,20260918
20260918,688219.SH,会通股份,801036.SI,塑料,L2,20,20,19,14.0,7.0,7.0,5.0,1.0,0.7368421052631579,ok,,20260918,20260918
20260918,688716.SH,中研股份,801036.SI,塑料,L2,20,20,19,14.0,5.0,9.0,5.0,1.0,0.7368421052631579,ok,,20260918,20260918
20260918,688718.SH,唯赛勃,801036.SI,塑料,L2,20,20,19,14.0,6.0,8.0,5.0,1.0,0.7368421052631579,ok,,20260918,20260918
20260918,920028.BJ,新恒泰,801036.SI,塑料,L2,20,20,19,14.0,8.0,6.0,5.0,1.0,0.7368421052631579,ok,,20260918,20260918
20260918,300587.SZ,天铁科技,801037.SI,橡胶,L2,20,20,19,14.0,6.0,8.0,5.0,1.0,0.7368421052631579,ok,,20260918,20260918
20260918,000553.SZ,安道麦A,801038.SI,农化制品,L2,20,20,19,14.0,6.0,8.0,5.0,1.0,0.7368421052631579,ok,,20260918,20260918
20260918,600691.SH,潞化科技,801038.SI,农化制品,L2,20,20,19,14.0,6.0,8.0,5.0,1.0,0.7368421052631579,ok,,20260918,20260918
20260918,301071.SZ,力量钻石,801039.SI,非金属材料Ⅱ,L2,20,20,19,14.0,8.0,6.0,5.0,1.0,0.7368421052631579,ok,,20260918,20260918
20260918,688598.SH,金博股份,801039.SI,非金属材料Ⅱ,L2,20,20,19,14.0,6.0,8.0,5.0,1.0,0.7368421052631579,ok,,20260918,20260918
20260918,920083.BJ,金戈新材,801039.SI,非金属材料Ⅱ,L2,20,20,19,14.0,8.0,6.0,5.0,1.0,0.7368421052631579,ok,,20260918,20260918
20260918,920675.BJ,秉扬科技,801039.SI,非金属材料Ⅱ,L2,20,20,19,14.0,8.0,6.0,5.0,1.0,0.7368421052631579,ok,,20260918,20260918
20260918,920971.BJ,天马新材,801039.SI,非金属材料Ⅱ,L2,20,20,19,14.0,7.0,7.0,5.0,1.0,0.7368421052631579,ok,,20260918,20260918
20260918,603878.SH,武进不锈,801044.SI,普钢,L2,20,20,19,14.0,6.0,8.0,5.0,1.0,0.7368421052631579,ok,,20260918,20260918
20260918,002295.SZ,精艺股份,801055.SI,工业金属,L2,20,20,19,14.0,7.0,7.0,5.0,1.0,0.7368421052631579,ok,,20260918,20260918
20260918,002996.SZ,顺博合金,801055.SI,工业金属,L2,20,20,19,14.0,8.0,6.0,5.0,1.0,0.7368421052631579,ok,,20260918,20260918
20260918,000410.SZ,沈阳机床,801072.SI,通用设备,L2,20,20,19,14.0,7.0,7.0,5.0,1.0,0.7368421052631579,ok,,20260918,20260918
20260918,001237.SZ,惠康科技,801072.SI,通用设备,L2,20,20,19,14.0,6.0,8.0,5.0,1.0,0.7368421052631579,ok,,20260918,20260918
20260918,002131.SZ,利欧股份,801072.SI,通用设备,L2,20,20,19,14.0,7.0,7.0,5.0,1.0,0.7368421052631579,ok,,20260918,20260918
20260918,002164.SZ,宁波东力,801072.SI,通用设备,L2,20,20,19,14.0,5.0,9.0,5.0,1.0,0.7368421052631579,ok,,20260918,20260918
20260918,002559.SZ,亚威股份,801072.SI,通用设备,L2,20,20,19,14.0,6.0,8.0,5.0,1.0,0.7368421052631579,ok,,20260918,20260918
20260918,300349.SZ,金卡智能,801072.SI,通用设备,L2,20,20,19,14.0,6.0,8.0,5.0,1.0,0.7368421052631579,ok,,20260918,20260918
20260918,301032.SZ,新柴股份,801072.SI,通用设备,L2,20,20,19,14.0,6.0,8.0,5.0,1.0,0.7368421052631579,ok,,20260918,20260918
20260918,301160.SZ,翔楼新材,801072.SI,通用设备,L2,20,20,19,14.0,5.0,9.0,5.0,1.0,0.7368421052631579,ok,,20260918,20260918
20260918,603278.SH,大业股份,801072.SI,通用设备,L2,20,20,19,14.0,6.0,8.0,5.0,1.0,0.7368421052631579,ok,,20260918,20260918
20260918,001400.SZ,江顺科技,801074.SI,专用设备,L2,20,20,19,14.0,6.0,8.0,5.0,1.0,0.7368421052631579,ok,,20260918,20260918
20260918,002960.SZ,青鸟智控,801074.SI,专用设备,L2,20,20,19,14.0,7.0,7.0,5.0,1.0,0.7368421052631579,ok,,20260918,20260918
20260918,300159.SZ,新研股份,801074.SI,专用设备,L2,20,20,19,14.0,6.0,8.0,5.0,1.0,0.7368421052631579,ok,,20260918,20260918
20260918,603855.SH,华荣股份,801074.SI,专用设备,L2,20,20,19,14.0,7.0,7.0,5.0,1.0,0.7368421052631579,ok,,20260918,20260918
20260918,688630.SH,芯碁微装,801074.SI,专用设备,L2,20,20,19,14.0,5.0,9.0,5.0,1.0,0.7368421052631579,ok,,20260918,20260918
20260918,001239.SZ,永达股份,801077.SI,工程机械,L2,20,20,19,14.0,7.0,7.0,5.0,1.0,0.7368421052631579,ok,,20260918,20260918
20260918,002698.SZ,博实股份,801078.SI,自动化设备,L2,20,20,19,14.0,7.0,7.0,5.0,1.0,0.7368421052631579,ok,,20260918,20260918
20260918,300278.SZ,华昌达,801078.SI,自动化设备,L2,20,20,19,14.0,6.0,8.0,5.0,1.0,0.7368421052631579,ok,,20260918,20260918
20260918,603203.SH,快克智能,801078.SI,自动化设备,L2,20,20,19,14.0,7.0,7.0,5.0,1.0,0.7368421052631579,ok,,20260918,20260918
20260918,688455.SH,科捷智能,801078.SI,自动化设备,L2,20,20,19,14.0,6.0,8.0,5.0,1.0,0.7368421052631579,ok,,20260918,20260918
20260918,688002.SH,睿创微,801081.SI,半导体,L2,20,20,19,14.0,6.0,8.0,5.0,1.0,0.7368421052631579,ok,,20260918,20260918
20260918,688620.SH,安凯微,801081.SI,半导体,L2,20,20,19,14.0,5.0,9.0,5.0,1.0,0.7368421052631579,ok,,20260918,20260918
20260918,600237.SH,铜峰电子,801083.SI,元件,L2,20,20,19,14.0,9.0,5.0,5.0,1.0,0.7368421052631579,ok,,20260918,20260918
20260918,603936.SH,博敏电子,801083.SI,元件,L2,20,20,19,14.0,7.0,7.0,5.0,1.0,0.7368421052631579,ok,,20260918,20260918
20260918,002449.SZ,国星光电,801084.SI,光学光电子,L2,20,20,19,14.0,7.0,7.0,5.0,1.0,0.7368421052631579,ok,,20260918,20260918
20260918,002587.SZ,奥拓电子,801084.SI,光学光电子,L2,20,20,19,14.0,7.0,7.0,5.0,1.0,0.7368421052631579,ok,,20260918,20260918
20260918,000021.SZ,深科技,801085.SI,消费电子,L2,20,20,19,14.0,6.0,8.0,5.0,1.0,0.7368421052631579,ok,,20260918,20260918
20260918,002426.SZ,胜利精密,801085.SI,消费电子,L2,20,20,19,14.0,7.0,7.0,5.0,1.0,0.7368421052631579,ok,,20260918,20260918
20260918,301383.SZ,天键股份,801085.SI,消费电子,L2,20,20,19,14.0,7.0,7.0,5.0,1.0,0.7368421052631579,ok,,20260918,20260918
20260918,300429.SZ,强力新材,801086.SI,电子化学品Ⅱ,L2,20,20,19,14.0,7.0,7.0,5.0,1.0,0.7368421052631579,ok,,20260918,20260918
20260918,001380.SZ,华纬科技,801093.SI,汽车零部件,L2,20,20,19,14.0,9.0,5.0,5.0,1.0,0.7368421052631579,ok,,20260918,20260918
20260918,301221.SZ,光庭信息,801093.SI,汽车零部件,L2,20,20,19,14.0,7.0,7.0,5.0,1.0,0.7368421052631579,ok,,20260918,20260918
20260918,603179.SH,新泉股份,801093.SI,汽车零部件,L2,20,20,19,14.0,7.0,7.0,5.0,1.0,0.7368421052631579,ok,,20260918,20260918
20260918,603997.SH,继峰股份,801093.SI,汽车零部件,L2,20,20,19,14.0,7.0,7.0,5.0,1.0,0.7368421052631579,ok,,20260918,20260918
20260918,605005.SH,合兴股份,801093.SI,汽车零部件,L2,20,20,19,14.0,8.0,6.0,5.0,1.0,0.7368421052631579,ok,,20260918,20260918
20260918,688280.SH,精进电动-W,801093.SI,汽车零部件,L2,20,20,19,14.0,6.0,8.0,5.0,1.0,0.7368421052631579,ok,,20260918,20260918
20260918,003004.SZ,声迅股份,801101.SI,计算机设备,L2,20,20,19,14.0,6.0,8.0,5.0,1.0,0.7368421052631579,ok,,20260918,20260918
20260918,600100.SH,同方股份,801101.SI,计算机设备,L2,20,20,19,14.0,6.0,8.0,5.0,1.0,0.7368421052631579,ok,,20260918,20260918
20260918,002902.SZ,铭普光磁,801102.SI,通信设备,L2,20,20,19,14.0,6.0,8.0,5.0,1.0,0.7368421052631579,ok,,20260918,20260918
20260918,300308.SZ,中际旭创,801102.SI,通信设备,L2,20,20,19,14.0,6.0,8.0,5.0,1.0,0.7368421052631579,ok,,20260918,20260918
20260918,300414.SZ,中光防雷,801102.SI,通信设备,L2,20,20,19,14.0,7.0,7.0,5.0,1.0,0.7368421052631579,ok,,20260918,20260918
20260918,300548.SZ,长芯博创,801102.SI,通信设备,L2,20,20,19,14.0,5.0,9.0,5.0,1.0,0.7368421052631579,ok,,20260918,20260918
20260918,300563.SZ,神宇股份,801102.SI,通信设备,L2,20,20,19,14.0,7.0,7.0,5.0,1.0,0.7368421052631579,ok,,20260918,20260918
20260918,300689.SZ,澄天伟业,801102.SI,通信设备,L2,20,20,19,14.0,7.0,7.0,5.0,1.0,0.7368421052631579,ok,,20260918,20260918
20260918,301577.SZ,美信科技,801102.SI,通信设备,L2,20,20,19,14.0,6.0,8.0,5.0,1.0,0.7368421052631579,ok,,20260918,20260918
20260918,600105.SH,永鼎股份,801102.SI,通信设备,L2,20,20,19,14.0,7.0,7.0,5.0,1.0,0.7368421052631579,ok,,20260918,20260918
20260918,688080.SH,映翰通,801102.SI,通信设备,L2,20,20,19,14.0,7.0,7.0,5.0,1.0,0.7368421052631579,ok,,20260918,20260918
20260918,688313.SH,仕佳光子,801102.SI,通信设备,L2,20,20,19,14.0,5.0,9.0,5.0,1.0,0.7368421052631579,ok,,20260918,20260918
20260918,688418.SH,震有科技,801102.SI,通信设备,L2,20,20,19,14.0,5.0,9.0,5.0,1.0,0.7368421052631579,ok,,20260918,20260918
20260918,002380.SZ,科远智慧,801103.SI,IT服务Ⅱ,L2,20,20,19,14.0,6.0,8.0,5.0,1.0,0.7368421052631579,ok,,20260918,20260918
20260918,002657.SZ,中科金财,801103.SI,IT服务Ⅱ,L2,20,20,19,14.0,5.0,9.0,5.0,1.0,0.7368421052631579,ok,,20260918,20260918
20260918,003005.SZ,竞业达,801103.SI,IT服务Ⅱ,L2,20,20,19,14.0,6.0,8.0,5.0,1.0,0.7368421052631579,ok,,20260918,20260918
20260918,300339.SZ,润和软件,801103.SI,IT服务Ⅱ,L2,20,20,19,14.0,6.0,8.0,5.0,1.0,0.7368421052631579,ok,,20260918,20260918
20260918,300523.SZ,辰安科技,801103.SI,IT服务Ⅱ,L2,20,20,19,14.0,6.0,8.0,5.0,1.0,0.7368421052631579,ok,,20260918,20260918
20260918,300846.SZ,首都在线,801103.SI,IT服务Ⅱ,L2,20,20,19,14.0,6.0,8.0,5.0,1.0,0.7368421052631579,ok,,20260918,20260918
20260918,301396.SZ,宏景科技,801103.SI,IT服务Ⅱ,L2,20,20,19,14.0,5.0,9.0,5.0,1.0,0.7368421052631579,ok,,20260918,20260918
20260918,603171.SH,税友股份,801103.SI,IT服务Ⅱ,L2,20,20,19,14.0,5.0,9.0,5.0,1.0,0.7368421052631579,ok,,20260918,20260918
20260918,603859.SH,能科科技,801103.SI,IT服务Ⅱ,L2,20,20,19,14.0,6.0,8.0,5.0,1.0,0.7368421052631579,ok,,20260918,20260918
20260918,688051.SH,佳华科技,801103.SI,IT服务Ⅱ,L2,20,20,19,14.0,6.0,8.0,5.0,1.0,0.7368421052631579,ok,,20260918,20260918
20260918,688365.SH,光云科技,801103.SI,IT服务Ⅱ,L2,20,20,19,14.0,6.0,8.0,5.0,1.0,0.7368421052631579,ok,,20260918,20260918
20260918,688562.SH,航天软件,801103.SI,IT服务Ⅱ,L2,20,20,19,14.0,6.0,8.0,5.0,1.0,0.7368421052631579,ok,,20260918,20260918
20260918,920130.BJ,立方控股,801103.SI,IT服务Ⅱ,L2,20,20,19,14.0,5.0,9.0,5.0,1.0,0.7368421052631579,ok,,20260918,20260918
20260918,920953.BJ,国子软件,801103.SI,IT服务Ⅱ,L2,20,20,19,14.0,6.0,8.0,5.0,1.0,0.7368421052631579,ok,,20260918,20260918
20260918,300311.SZ,任子行,801104.SI,软件开发,L2,20,20,19,14.0,7.0,7.0,5.0,1.0,0.7368421052631579,ok,,20260918,20260918
20260918,688692.SH,达梦数据,801104.SI,软件开发,L2,20,20,19,14.0,7.0,7.0,5.0,1.0,0.7368421052631579,ok,,20260918,20260918
20260918,920932.BJ,科达自控,801104.SI,软件开发,L2,20,20,19,14.0,6.0,8.0,5.0,1.0,0.7368421052631579,ok,,20260918,20260918
20260918,000995.SZ,皇台酒业,801125.SI,白酒Ⅱ,L2,20,20,19,14.0,5.0,9.0,5.0,1.0,0.7368421052631579,ok,,20260918,20260918
20260918,600779.SH,水井坊,801125.SI,白酒Ⅱ,L2,20,20,19,14.0,4.0,10.0,5.0,1.0,0.7368421052631579,ok,,20260918,20260918
20260918,000729.SZ,燕京啤酒,801126.SI,非白酒,L2,20,20,19,14.0,8.0,6.0,5.0,1.0,0.7368421052631579,ok,,20260918,20260918
20260918,600600.SH,青岛啤酒,801126.SI,非白酒,L2,20,20,19,14.0,7.0,7.0,5.0,1.0,0.7368421052631579,ok,,20260918,20260918
20260918,603027.SH,千禾味业,801129.SI,调味发酵品Ⅱ,L2,20,20,19,14.0,8.0,6.0,5.0,1.0,0.7368421052631579,ok,,20260918,20260918
20260918,300918.SZ,南山智尚,801131.SI,纺织制造,L2,20,20,19,14.0,8.0,6.0,5.0,1.0,0.7368421052631579,ok,,20260918,20260918
20260918,601339.SH,百隆东方,801131.SI,纺织制造,L2,20,20,19,14.0,7.0,7.0,5.0,1.0,0.7368421052631579,ok,,20260918,20260918
20260918,001209.SZ,洪兴股份,801132.SI,服装家纺,L2,20,20,19,14.0,9.0,5.0,5.0,1.0,0.7368421052631579,ok,,20260918,20260918
20260918,001234.SZ,泰慕士,801132.SI,服装家纺,L2,20,20,19,14.0,10.0,4.0,5.0,1.0,0.7368421052631579,ok,,20260918,20260918
20260918,002374.SZ,中锐股份,801141.SI,包装印刷,L2,20,20,19,14.0,8.0,6.0,5.0,1.0,0.7368421052631579,ok,,20260918,20260918
20260918,301223.SZ,中荣股份,801141.SI,包装印刷,L2,20,20,19,14.0,9.0,5.0,5.0,1.0,0.7368421052631579,ok,,20260918,20260918
20260918,301296.SZ,新巨丰,801141.SI,包装印刷,L2,20,20,19,14.0,7.0,7.0,5.0,1.0,0.7368421052631579,ok,,20260918,20260918
20260918,002235.SZ,安妮股份,801143.SI,造纸,L2,20,20,19,14.0,6.0,8.0,5.0,1.0,0.7368421052631579,ok,,20260918,20260918
20260918,000908.SZ,石药景峰,801151.SI,化学制药,L2,20,20,19,14.0,7.0,7.0,5.0,1.0,0.7368421052631579,ok,,20260918,20260918
20260918,002742.SZ,冀衡医药,801151.SI,化学制药,L2,20,20,19,14.0,7.0,7.0,5.0,1.0,0.7368421052631579,ok,,20260918,20260918
20260918,300254.SZ,仟源医药,801151.SI,化学制药,L2,20,20,19,14.0,7.0,7.0,5.0,1.0,0.7368421052631579,ok,,20260918,20260918
20260918,600613.SH,神奇制药,801151.SI,化学制药,L2,20,20,19,14.0,7.0,7.0,5.0,1.0,0.7368421052631579,ok,,20260918,20260918
20260918,603669.SH,灵康药业,801151.SI,化学制药,L2,20,20,19,14.0,8.0,6.0,5.0,1.0,0.7368421052631579,ok,,20260918,20260918
20260918,600211.SH,西藏药业,801152.SI,生物制品,L2,20,20,19,14.0,6.0,8.0,5.0,1.0,0.7368421052631579,ok,,20260918,20260918
20260918,002950.SZ,奥美医疗,801153.SI,医疗器械,L2,20,20,19,14.0,6.0,8.0,5.0,1.0,0.7368421052631579,ok,,20260918,20260918
20260918,300341.SZ,麦克奥迪,801153.SI,医疗器械,L2,20,20,19,14.0,7.0,7.0,5.0,1.0,0.7368421052631579,ok,,20260918,20260918
20260918,688358.SH,祥生医疗,801153.SI,医疗器械,L2,20,20,19,14.0,7.0,7.0,5.0,1.0,0.7368421052631579,ok,,20260918,20260918
20260918,688580.SH,伟思医疗,801153.SI,医疗器械,L2,20,20,19,14.0,7.0,7.0,5.0,1.0,0.7368421052631579,ok,,20260918,20260918
20260918,688712.SH,北芯生命,801153.SI,医疗器械,L2,20,20,19,14.0,5.0,9.0,5.0,1.0,0.7368421052631579,ok,,20260918,20260918
20260918,920925.BJ,锦好医疗,801153.SI,医疗器械,L2,20,20,19,14.0,7.0,7.0,5.0,1.0,0.7368421052631579,ok,,20260918,20260918
20260918,002107.SZ,沃华医药,801155.SI,中药Ⅱ,L2,20,20,19,14.0,7.0,7.0,5.0,1.0,0.7368421052631579,ok,,20260918,20260918
20260918,600085.SH,同仁堂,801155.SI,中药Ⅱ,L2,20,20,19,14.0,7.0,7.0,5.0,1.0,0.7368421052631579,ok,,20260918,20260918
20260918,600594.SH,益佰制药,801155.SI,中药Ⅱ,L2,20,20,19,14.0,6.0,8.0,5.0,1.0,0.7368421052631579,ok,,20260918,20260918
20260918,600750.SH,华润江中,801155.SI,中药Ⅱ,L2,20,20,19,14.0,6.0,8.0,5.0,1.0,0.7368421052631579,ok,,20260918,20260918
20260918,000037.SZ,深南电A,801161.SI,电力,L2,20,20,19,14.0,7.0,7.0,5.0,1.0,0.7368421052631579,ok,,20260918,20260918
20260918,000692.SZ,惠天热电,801161.SI,电力,L2,20,20,19,14.0,7.0,7.0,5.0,1.0,0.7368421052631579,ok,,20260918,20260918
20260918,600011.SH,华能国际,801161.SI,电力,L2,20,20,19,14.0,8.0,6.0,5.0,1.0,0.7368421052631579,ok,,20260918,20260918
20260918,600027.SH,华电国际,801161.SI,电力,L2,20,20,19,14.0,9.0,5.0,5.0,1.0,0.7368421052631579,ok,,20260918,20260918
20260918,600475.SH,华光环能,801161.SI,电力,L2,20,20,19,14.0,7.0,7.0,5.0,1.0,0.7368421052631579,ok,,20260918,20260918
20260918,600821.SH,金开新能,801161.SI,电力,L2,20,20,19,14.0,8.0,6.0,5.0,1.0,0.7368421052631579,ok,,20260918,20260918
20260918,600863.SH,华能蒙电,801161.SI,电力,L2,20,20,19,14.0,7.0,7.0,5.0,1.0,0.7368421052631579,ok,,20260918,20260918
20260918,600900.SH,长江电力,801161.SI,电力,L2,20,20,19,14.0,8.0,6.0,5.0,1.0,0.7368421052631579,ok,,20260918,20260918
20260918,603105.SH,芯能科技,801161.SI,电力,L2,20,20,19,14.0,7.0,7.0,5.0,1.0,0.7368421052631579,ok,,20260918,20260918
20260918,002911.SZ,佛燃能源,801163.SI,燃气Ⅱ,L2,20,20,19,14.0,9.0,5.0,5.0,1.0,0.7368421052631579,ok,,20260918,20260918
20260918,600333.SH,长春燃气,801163.SI,燃气Ⅱ,L2,20,20,19,14.0,8.0,6.0,5.0,1.0,0.7368421052631579,ok,,20260918,20260918
20260918,603053.SH,成都燃气,801163.SI,燃气Ⅱ,L2,20,20,19,14.0,8.0,6.0,5.0,1.0,0.7368421052631579,ok,,20260918,20260918
20260918,001391.SZ,国货航,801178.SI,物流,L2,20,20,19,14.0,8.0,6.0,5.0,1.0,0.7368421052631579,ok,,20260918,20260918
20260918,600153.SH,建发股份,801178.SI,物流,L2,20,20,19,14.0,6.0,8.0,5.0,1.0,0.7368421052631579,ok,,20260918,20260918
20260918,001965.SZ,招商公路,801179.SI,铁路公路,L2,20,20,19,14.0,9.0,5.0,5.0,1.0,0.7368421052631579,ok,,20260918,20260918
20260918,600269.SH,赣粤高速,801179.SI,铁路公路,L2,20,20,19,14.0,7.0,7.0,5.0,1.0,0.7368421052631579,ok,,20260918,20260918
20260918,600159.SH,大龙地产,801181.SI,房地产开发,L2,20,20,19,14.0,8.0,6.0,5.0,1.0,0.7368421052631579,ok,,20260918,20260918
20260918,600266.SH,城建发展,801181.SI,房地产开发,L2,20,20,19,14.0,8.0,6.0,5.0,1.0,0.7368421052631579,ok,,20260918,20260918
20260918,600325.SH,华发股份,801181.SI,房地产开发,L2,20,20,19,14.0,7.0,7.0,5.0,1.0,0.7368421052631579,ok,,20260918,20260918
20260918,600463.SH,空港股份,801181.SI,房地产开发,L2,20,20,19,14.0,9.0,5.0,5.0,1.0,0.7368421052631579,ok,,20260918,20260918
20260918,600736.SH,苏州高新,801181.SI,房地产开发,L2,20,20,19,14.0,7.0,7.0,5.0,1.0,0.7368421052631579,ok,,20260918,20260918
20260918,600864.SH,哈投股份,801193.SI,证券Ⅱ,L2,20,20,19,14.0,8.0,6.0,5.0,1.0,0.7368421052631579,ok,,20260918,20260918
20260918,002419.SZ,天虹股份,801203.SI,一般零售,L2,20,20,19,14.0,8.0,6.0,5.0,1.0,0.7368421052631579,ok,,20260918,20260918
20260918,600814.SH,杭州解百,801203.SI,一般零售,L2,20,20,19,14.0,8.0,6.0,5.0,1.0,0.7368421052631579,ok,,20260918,20260918
20260918,600828.SH,茂业商业,801203.SI,一般零售,L2,20,20,19,14.0,7.0,7.0,5.0,1.0,0.7368421052631579,ok,,20260918,20260918
20260918,002640.SZ,跨境通,801206.SI,互联网电商,L2,20,20,19,14.0,8.0,6.0,5.0,1.0,0.7368421052631579,ok,,20260918,20260918
20260918,002967.SZ,广电计量,801218.SI,专业服务,L2,20,20,19,14.0,5.0,9.0,5.0,1.0,0.7368421052631579,ok,,20260918,20260918
20260918,300962.SZ,中金辐照,801218.SI,专业服务,L2,20,20,19,14.0,5.0,9.0,5.0,1.0,0.7368421052631579,ok,,20260918,20260918
20260918,002544.SZ,普天科技,801223.SI,通信服务,L2,20,20,19,14.0,5.0,9.0,5.0,1.0,0.7368421052631579,ok,,20260918,20260918
20260918,300571.SZ,平治信息,801223.SI,通信服务,L2,20,20,19,14.0,4.0,10.0,5.0,1.0,0.7368421052631579,ok,,20260918,20260918
20260918,300959.SZ,线上线下,801223.SI,通信服务,L2,20,20,19,14.0,5.0,9.0,5.0,1.0,0.7368421052631579,ok,,20260918,20260918
20260918,603881.SH,数据港,801223.SI,通信服务,L2,20,20,19,14.0,5.0,9.0,5.0,1.0,0.7368421052631579,ok,,20260918,20260918
20260918,002372.SZ,伟星新材,801713.SI,装修建材,L2,20,20,19,14.0,7.0,7.0,5.0,1.0,0.7368421052631579,ok,,20260918,20260918
20260918,920792.BJ,东和新材,801713.SI,装修建材,L2,20,20,19,14.0,6.0,8.0,5.0,1.0,0.7368421052631579,ok,,20260918,20260918
20260918,001396.SZ,誉帆科技,801723.SI,基础建设,L2,20,20,19,14.0,8.0,6.0,5.0,1.0,0.7368421052631579,ok,,20260918,20260918
20260918,002307.SZ,北新路桥,801723.SI,基础建设,L2,20,20,19,14.0,9.0,5.0,5.0,1.0,0.7368421052631579,ok,,20260918,20260918
20260918,300197.SZ,节能铁汉,801723.SI,基础建设,L2,20,20,19,14.0,8.0,6.0,5.0,1.0,0.7368421052631579,ok,,20260918,20260918
20260918,600820.SH,隧道股,801723.SI,基础建设,L2,20,20,19,14.0,7.0,7.0,5.0,1.0,0.7368421052631579,ok,,20260918,20260918
20260918,000922.SZ,佳电股份,801731.SI,电机Ⅱ,L2,20,20,19,14.0,7.0,7.0,5.0,1.0,0.7368421052631579,ok,,20260918,20260918
20260918,002518.SZ,科士达,801733.SI,其他电源设备Ⅱ,L2,20,20,19,14.0,8.0,6.0,5.0,1.0,0.7368421052631579,ok,,20260918,20260918
20260918,300393.SZ,中来股份,801735.SI,光伏设备,L2,20,20,19,14.0,4.0,10.0,5.0,1.0,0.7368421052631579,ok,,20260918,20260918
20260918,301155.SZ,海力风电,801736.SI,风电设备,L2,20,20,19,14.0,7.0,7.0,5.0,1.0,0.7368421052631579,ok,,20260918,20260918
20260918,688349.SH,三一重能,801736.SI,风电设备,L2,20,20,19,14.0,6.0,8.0,5.0,1.0,0.7368421052631579,ok,,20260918,20260918
20260918,002358.SZ,森源电气,801738.SI,电网设备,L2,20,20,19,14.0,6.0,8.0,5.0,1.0,0.7368421052631579,ok,,20260918,20260918
20260918,002533.SZ,金杯电工,801738.SI,电网设备,L2,20,20,19,14.0,5.0,9.0,5.0,1.0,0.7368421052631579,ok,,20260918,20260918
20260918,600468.SH,百利电气,801738.SI,电网设备,L2,20,20,19,14.0,6.0,8.0,5.0,1.0,0.7368421052631579,ok,,20260918,20260918
20260918,600577.SH,精达股份,801738.SI,电网设备,L2,20,20,19,14.0,5.0,9.0,5.0,1.0,0.7368421052631579,ok,,20260918,20260918
20260918,601877.SH,正泰电器,801738.SI,电网设备,L2,20,20,19,14.0,5.0,9.0,5.0,1.0,0.7368421052631579,ok,,20260918,20260918
20260918,603861.SH,白云电器,801738.SI,电网设备,L2,20,20,19,14.0,4.0,10.0,5.0,1.0,0.7368421052631579,ok,,20260918,20260918
20260918,920642.BJ,通易航天,801742.SI,航空装备Ⅱ,L2,20,20,19,14.0,7.0,7.0,5.0,1.0,0.7368421052631579,ok,,20260918,20260918
20260918,300008.SZ,天海防务,801744.SI,航海装备Ⅱ,L2,20,20,19,14.0,9.0,5.0,5.0,1.0,0.7368421052631579,ok,,20260918,20260918
20260918,002179.SZ,中航光电,801745.SI,军工电子Ⅱ,L2,20,20,19,14.0,7.0,7.0,5.0,1.0,0.7368421052631579,ok,,20260918,20260918
20260918,300397.SZ,天和防务,801745.SI,军工电子Ⅱ,L2,20,20,19,14.0,6.0,8.0,5.0,1.0,0.7368421052631579,ok,,20260918,20260918
20260918,002739.SZ,儒意电影,801766.SI,影视院线,L2,20,20,19,14.0,8.0,6.0,5.0,1.0,0.7368421052631579,ok,,20260918,20260918
20260918,600088.SH,中视传媒,801766.SI,影视院线,L2,20,20,19,14.0,8.0,6.0,5.0,1.0,0.7368421052631579,ok,,20260918,20260918
20260918,002095.SZ,生意宝,801767.SI,数字媒体,L2,20,20,19,14.0,8.0,6.0,5.0,1.0,0.7368421052631579,ok,,20260918,20260918
20260918,601921.SH,浙版传媒,801769.SI,出版,L2,20,20,19,14.0,7.0,7.0,5.0,1.0,0.7368421052631579,ok,,20260918,20260918
20260918,600121.SH,郑州煤电,801951.SI,煤炭开采,L2,20,20,19,14.0,6.0,8.0,5.0,1.0,0.7368421052631579,ok,,20260918,20260918
20260918,600971.SH,恒源煤电,801951.SI,煤炭开采,L2,20,20,19,14.0,6.0,8.0,5.0,1.0,0.7368421052631579,ok,,20260918,20260918
20260918,600408.SH,安泰集团,801952.SI,焦炭Ⅱ,L2,20,20,19,14.0,8.0,6.0,5.0,1.0,0.7368421052631579,ok,,20260918,20260918
20260918,600740.SH,山西焦化,801952.SI,焦炭Ⅱ,L2,20,20,19,14.0,8.0,6.0,5.0,1.0,0.7368421052631579,ok,,20260918,20260918
20260918,002986.SZ,宇新股份,801963.SI,炼化及贸易,L2,20,20,19,14.0,5.0,9.0,5.0,1.0,0.7368421052631579,ok,,20260918,20260918
20260918,000711.SZ,京蓝科技,801971.SI,环境治理,L2,20,20,19,14.0,6.0,8.0,5.0,1.0,0.7368421052631579,ok,,20260918,20260918
20260918,002573.SZ,清新环境,801971.SI,环境治理,L2,20,20,19,14.0,6.0,8.0,5.0,1.0,0.7368421052631579,ok,,20260918,20260918
20260918,300334.SZ,津膜科技,801971.SI,环境治理,L2,20,20,19,14.0,7.0,7.0,5.0,1.0,0.7368421052631579,ok,,20260918,20260918
20260918,688335.SH,复洁科技,801971.SI,环境治理,L2,20,20,19,14.0,5.0,9.0,5.0,1.0,0.7368421052631579,ok,,20260918,20260918
20260918,301288.SZ,清研环境,801972.SI,环保设备Ⅱ,L2,20,20,19,14.0,6.0,8.0,5.0,1.0,0.7368421052631579,ok,,20260918,20260918
20260918,001328.SZ,登康口腔,801981.SI,个护用品,L2,20,20,19,14.0,8.0,6.0,5.0,1.0,0.7368421052631579,ok,,20260918,20260918
20260918,600897.SH,厦门空港,801991.SI,航空机场,L2,20,20,19,14.0,8.0,6.0,5.0,1.0,0.7368421052631579,ok,,20260918,20260918
20260918,002607.SZ,中公教育,801994.SI,教育,L2,20,20,19,14.0,9.0,5.0,5.0,1.0,0.7368421052631579,ok,,20260918,20260918
20260918,600905.SH,三峡能源,801161.SI,电力,L2,20,20,15,11.0,6.0,5.0,4.0,5.0,0.7333333333333333,ok,,20260918,20260918
20260918,605077.SH,华康股份,801034.SI,化学制品,L2,20,20,18,13.0,8.0,5.0,5.0,2.0,0.7222222222222222,ok,,20260918,20260918
20260918,600143.SH,金发科技,801036.SI,塑料,L2,20,20,18,13.0,5.0,8.0,5.0,2.0,0.7222222222222222,ok,,20260918,20260918
20260918,600227.SH,赤天化,801038.SI,农化制品,L2,20,20,18,13.0,5.0,8.0,5.0,2.0,0.7222222222222222,ok,,20260918,20260918
20260918,000778.SZ,新兴铸管,801044.SI,普钢,L2,20,20,18,13.0,6.0,7.0,5.0,2.0,0.7222222222222222,ok,,20260918,20260918
20260918,002786.SZ,银宝山新,801074.SI,专用设备,L2,20,20,18,13.0,6.0,7.0,5.0,2.0,0.7222222222222222,ok,,20260918,20260918
20260918,688092.SH,爱科科技,801074.SI,专用设备,L2,20,20,18,13.0,5.0,8.0,5.0,2.0,0.7222222222222222,ok,,20260918,20260918
20260918,300327.SZ,中颖电子,801081.SI,半导体,L2,20,20,18,13.0,5.0,8.0,5.0,2.0,0.7222222222222222,ok,,20260918,20260918
20260918,002922.SZ,伊戈尔,801082.SI,其他电子Ⅱ,L2,20,20,18,13.0,4.0,9.0,5.0,2.0,0.7222222222222222,ok,,20260918,20260918
20260918,000050.SZ,深天马A,801084.SI,光学光电子,L2,20,20,18,13.0,8.0,5.0,5.0,2.0,0.7222222222222222,ok,,20260918,20260918
20260918,688055.SH,龙腾光电,801084.SI,光学光电子,L2,20,20,18,13.0,6.0,7.0,5.0,2.0,0.7222222222222222,ok,,20260918,20260918
20260918,300256.SZ,星星科技,801085.SI,消费电子,L2,20,20,18,13.0,6.0,7.0,5.0,2.0,0.7222222222222222,ok,,20260918,20260918
20260918,920136.BJ,永励精密,801093.SI,汽车零部件,L2,20,20,18,13.0,6.0,7.0,5.0,2.0,0.7222222222222222,ok,,20260918,20260918
20260918,000034.SZ,神州数码,801103.SI,IT服务Ⅱ,L2,20,20,18,13.0,6.0,7.0,5.0,2.0,0.7222222222222222,ok,,20260918,20260918
20260918,002373.SZ,千方科技,801103.SI,IT服务Ⅱ,L2,20,20,18,13.0,5.0,8.0,5.0,2.0,0.7222222222222222,ok,,20260918,20260918
20260918,002609.SZ,捷顺科技,801103.SI,IT服务Ⅱ,L2,20,20,18,13.0,5.0,8.0,5.0,2.0,0.7222222222222222,ok,,20260918,20260918
20260918,002642.SZ,荣联科技,801103.SI,IT服务Ⅱ,L2,20,20,18,13.0,5.0,8.0,5.0,2.0,0.7222222222222222,ok,,20260918,20260918
20260918,002777.SZ,久远银海,801103.SI,IT服务Ⅱ,L2,20,20,18,13.0,5.0,8.0,5.0,2.0,0.7222222222222222,ok,,20260918,20260918
20260918,300150.SZ,世纪瑞尔,801103.SI,IT服务Ⅱ,L2,20,20,18,13.0,5.0,8.0,5.0,2.0,0.7222222222222222,ok,,20260918,20260918
20260918,301185.SZ,鸥玛软件,801103.SI,IT服务Ⅱ,L2,20,20,18,13.0,6.0,7.0,5.0,2.0,0.7222222222222222,ok,,20260918,20260918
20260918,600728.SH,佳都科技,801103.SI,IT服务Ⅱ,L2,20,20,18,13.0,6.0,7.0,5.0,2.0,0.7222222222222222,ok,,20260918,20260918
20260918,920171.BJ,志晟信息,801103.SI,IT服务Ⅱ,L2,20,20,18,13.0,5.0,8.0,5.0,2.0,0.7222222222222222,ok,,20260918,20260918
20260918,002253.SZ,川大智胜,801104.SI,软件开发,L2,20,20,18,13.0,6.0,7.0,5.0,2.0,0.7222222222222222,ok,,20260918,20260918
20260918,002568.SZ,百润股份,801126.SI,非白酒,L2,20,20,18,13.0,8.0,5.0,5.0,2.0,0.7222222222222222,ok,,20260918,20260918
20260918,603886.SH,元祖股份,801128.SI,休闲食品,L2,20,20,18,13.0,6.0,7.0,5.0,2.0,0.7222222222222222,ok,,20260918,20260918
20260918,601599.SH,浙文影业,801131.SI,纺织制造,L2,20,20,18,13.0,7.0,6.0,5.0,2.0,0.7222222222222222,ok,,20260918,20260918
20260918,601607.SH,上海医,801154.SI,医药商业,L2,20,20,18,13.0,6.0,7.0,5.0,2.0,0.7222222222222222,ok,,20260918,20260918
20260918,000507.SZ,珠海港,801161.SI,电力,L2,20,20,18,13.0,6.0,7.0,5.0,2.0,0.7222222222222222,ok,,20260918,20260918
20260918,000958.SZ,电投产融,801161.SI,电力,L2,20,20,18,13.0,6.0,7.0,5.0,2.0,0.7222222222222222,ok,,20260918,20260918
20260918,001248.SZ,华润新能,801161.SI,电力,L2,20,20,18,13.0,4.0,9.0,5.0,2.0,0.7222222222222222,ok,,20260918,20260918
20260918,002053.SZ,云南能投,801161.SI,电力,L2,20,20,18,13.0,8.0,5.0,5.0,2.0,0.7222222222222222,ok,,20260918,20260918
20260918,002256.SZ,兆新股份,801161.SI,电力,L2,20,20,18,13.0,7.0,6.0,5.0,2.0,0.7222222222222222,ok,,20260918,20260918
20260918,300350.SZ,华鹏飞,801178.SI,物流,L2,20,20,18,13.0,7.0,6.0,5.0,2.0,0.7222222222222222,ok,,20260918,20260918
20260918,000042.SZ,中洲控股,801181.SI,房地产开发,L2,20,20,18,13.0,7.0,6.0,5.0,2.0,0.7222222222222222,ok,,20260918,20260918
20260918,002316.SZ,亚联发展,801191.SI,多元金融,L2,20,20,18,13.0,5.0,8.0,5.0,2.0,0.7222222222222222,ok,,20260918,20260918
20260918,601211.SH,国泰海通,801193.SI,证券Ⅱ,L2,20,20,18,13.0,8.0,5.0,5.0,2.0,0.7222222222222222,ok,,20260918,20260918
20260918,601375.SH,中原证券,801193.SI,证券Ⅱ,L2,20,20,18,13.0,7.0,6.0,5.0,2.0,0.7222222222222222,ok,,20260918,20260918
20260918,002183.SZ,怡亚通,801202.SI,贸易Ⅱ,L2,20,20,18,13.0,6.0,7.0,5.0,2.0,0.7222222222222222,ok,,20260918,20260918
20260918,600738.SH,丽尚国潮,801203.SI,一般零售,L2,20,20,18,13.0,8.0,5.0,5.0,2.0,0.7222222222222222,ok,,20260918,20260918
20260918,600824.SH,益民集团,801203.SI,一般零售,L2,20,20,18,13.0,8.0,5.0,5.0,2.0,0.7222222222222222,ok,,20260918,20260918
20260918,002467.SZ,二六三,801223.SI,通信服务,L2,20,20,18,13.0,5.0,8.0,5.0,2.0,0.7222222222222222,ok,,20260918,20260918
20260918,603206.SH,嘉环科技,801223.SI,通信服务,L2,20,20,18,13.0,5.0,8.0,5.0,2.0,0.7222222222222222,ok,,20260918,20260918
20260918,002641.SZ,公元股份,801713.SI,装修建材,L2,20,20,18,13.0,4.0,9.0,5.0,2.0,0.7222222222222222,ok,,20260918,20260918
20260918,600248.SH,陕建股份,801721.SI,房屋建设Ⅱ,L2,20,20,18,13.0,8.0,5.0,5.0,2.0,0.7222222222222222,ok,,20260918,20260918
20260918,600284.SH,浦东建设,801723.SI,基础建设,L2,20,20,18,13.0,7.0,6.0,5.0,2.0,0.7222222222222222,ok,,20260918,20260918
20260918,600502.SH,安徽建工,801723.SI,基础建设,L2,20,20,18,13.0,9.0,4.0,5.0,2.0,0.7222222222222222,ok,,20260918,20260918
20260918,300284.SZ,苏交科,801726.SI,工程咨询服务Ⅱ,L2,20,20,18,13.0,7.0,6.0,5.0,2.0,0.7222222222222222,ok,,20260918,20260918
20260918,002249.SZ,大洋电机,801731.SI,电机Ⅱ,L2,20,20,18,13.0,5.0,8.0,5.0,2.0,0.7222222222222222,ok,,20260918,20260918
20260918,600884.SH,杉杉股份,801737.SI,电池,L2,20,20,18,13.0,3.0,10.0,5.0,2.0,0.7222222222222222,ok,,20260918,20260918
20260918,600973.SH,宝胜股份,801738.SI,电网设备,L2,20,20,18,13.0,5.0,8.0,5.0,2.0,0.7222222222222222,ok,,20260918,20260918
20260918,300459.SZ,汤姆猫,801764.SI,游戏Ⅱ,L2,20,20,18,13.0,7.0,6.0,5.0,2.0,0.7222222222222222,ok,,20260918,20260918
20260918,600715.SH,文投控股,801764.SI,游戏Ⅱ,L2,20,20,18,13.0,7.0,6.0,5.0,2.0,0.7222222222222222,ok,,20260918,20260918
20260918,601098.SH,中南传媒,801769.SI,出版,L2,20,20,18,13.0,7.0,6.0,5.0,2.0,0.7222222222222222,ok,,20260918,20260918
20260918,600758.SH,辽宁能源,801951.SI,煤炭开采,L2,20,20,18,13.0,6.0,7.0,5.0,2.0,0.7222222222222222,ok,,20260918,20260918
20260918,300187.SZ,永清环保,801971.SI,环境治理,L2,20,20,18,13.0,7.0,6.0,5.0,2.0,0.7222222222222222,ok,,20260918,20260918
20260918,301175.SZ,中科环保,801971.SI,环境治理,L2,20,20,18,13.0,8.0,5.0,5.0,2.0,0.7222222222222222,ok,,20260918,20260918
20260918,300849.SZ,锦盛新材,801982.SI,化妆品,L2,20,20,18,13.0,6.0,7.0,5.0,2.0,0.7222222222222222,ok,,20260918,20260918
20260918,002320.SZ,海峡股份,801992.SI,航运港口,L2,20,20,18,13.0,6.0,7.0,5.0,2.0,0.7222222222222222,ok,,20260918,20260918
20260918,000157.SZ,中联重科,801077.SI,工程机械,L2,20,20,17,12.0,5.0,7.0,5.0,3.0,0.7058823529411765,ok,,20260918,20260918
20260918,688425.SH,铁建重工,801077.SI,工程机械,L2,20,20,17,12.0,4.0,8.0,5.0,3.0,0.7058823529411765,ok,,20260918,20260918
20260918,300296.SZ,利亚德,801084.SI,光学光电子,L2,20,20,17,12.0,5.0,7.0,5.0,3.0,0.7058823529411765,ok,,20260918,20260918
20260918,300264.SZ,佳创视讯,801103.SI,IT服务Ⅱ,L2,20,20,17,12.0,4.0,8.0,5.0,3.0,0.7058823529411765,ok,,20260918,20260918
20260918,300532.SZ,今天国际,801103.SI,IT服务Ⅱ,L2,20,20,17,12.0,5.0,7.0,5.0,3.0,0.7058823529411765,ok,,20260918,20260918
20260918,920806.BJ,云星宇,801103.SI,IT服务Ⅱ,L2,20,20,17,12.0,6.0,6.0,5.0,3.0,0.7058823529411765,ok,,20260918,20260918
20260918,300365.SZ,恒华科技,801104.SI,软件开发,L2,20,20,17,12.0,6.0,6.0,5.0,3.0,0.7058823529411765,ok,,20260918,20260918
20260918,000596.SZ,古井贡酒,801125.SI,白酒Ⅱ,L2,20,20,17,12.0,3.0,9.0,5.0,3.0,0.7058823529411765,ok,,20260918,20260918
20260918,603589.SH,口子窖,801125.SI,白酒Ⅱ,L2,20,20,17,12.0,3.0,9.0,5.0,3.0,0.7058823529411765,ok,,20260918,20260918
20260918,600235.SH,民丰特纸,801143.SI,造纸,L2,20,20,17,12.0,6.0,6.0,5.0,3.0,0.7058823529411765,ok,,20260918,20260918
20260918,000027.SZ,深圳能源,801161.SI,电力,L2,20,20,17,12.0,7.0,5.0,5.0,3.0,0.7058823529411765,ok,,20260918,20260918
20260918,000591.SZ,太阳能,801161.SI,电力,L2,20,20,17,12.0,7.0,5.0,5.0,3.0,0.7058823529411765,ok,,20260918,20260918
20260918,601518.SH,吉林高速,801179.SI,铁路公路,L2,20,20,17,12.0,6.0,6.0,5.0,3.0,0.7058823529411765,ok,,20260918,20260918
20260918,600648.SH,外高桥,801181.SI,房地产开发,L2,20,20,17,12.0,9.0,3.0,5.0,3.0,0.7058823529411765,ok,,20260918,20260918
20260918,603060.SH,国检集团,801218.SI,专业服务,L2,20,20,17,12.0,5.0,7.0,5.0,3.0,0.7058823529411765,ok,,20260918,20260918
20260918,002027.SZ,分众传媒,801765.SI,广告营销,L2,20,20,17,12.0,4.0,8.0,5.0,3.0,0.7058823529411765,ok,,20260918,20260918
20260918,600133.SH,东湖高新,801971.SI,环境治理,L2,20,20,17,12.0,5.0,7.0,5.0,3.0,0.7058823529411765,ok,,20260918,20260918
20260918,000089.SZ,深圳机场,801991.SI,航空机场,L2,20,20,17,12.0,6.0,6.0,5.0,3.0,0.7058823529411765,ok,,20260918,20260918
20260918,601866.SH,中远海发,801992.SI,航运港口,L2,20,20,17,12.0,7.0,5.0,5.0,3.0,0.7058823529411765,ok,,20260918,20260918
20260918,002852.SZ,道道全,801012.SI,农产品加工,L2,20,20,20,14.0,8.0,6.0,6.0,0.0,0.7,ok,,20260918,20260918
20260918,300138.SZ,晨光生物,801012.SI,农产品加工,L2,20,20,20,14.0,7.0,7.0,6.0,0.0,0.7,ok,,20260918,20260918
20260918,600191.SH,华资实业,801012.SI,农产品加工,L2,20,20,20,14.0,9.0,5.0,6.0,0.0,0.7,ok,,20260918,20260918
20260918,920371.BJ,欧福蛋业,801012.SI,农产品加工,L2,20,20,20,14.0,8.0,6.0,6.0,0.0,0.7,ok,,20260918,20260918
20260918,001366.SZ,播恩集团,801014.SI,饲料,L2,20,20,20,14.0,8.0,6.0,6.0,0.0,0.7,ok,,20260918,20260918
20260918,603151.SH,邦基科技,801014.SI,饲料,L2,20,20,20,14.0,6.0,8.0,6.0,0.0,0.7,ok,,20260918,20260918
20260918,600354.SH,敦煌种业,801016.SI,种植业,L2,20,20,20,14.0,10.0,4.0,6.0,0.0,0.7,ok,,20260918,20260918
20260918,300498.SZ,温氏股份,801017.SI,养殖业,L2,20,20,20,14.0,7.0,7.0,6.0,0.0,0.7,ok,,20260918,20260918
20260918,300967.SZ,晓鸣股份,801017.SI,养殖业,L2,20,20,20,14.0,7.0,7.0,6.0,0.0,0.7,ok,,20260918,20260918
20260918,301116.SZ,益客食品,801017.SI,养殖业,L2,20,20,20,14.0,7.0,7.0,6.0,0.0,0.7,ok,,20260918,20260918
20260918,605296.SH,神农集团,801017.SI,养殖业,L2,20,20,20,14.0,8.0,6.0,6.0,0.0,0.7,ok,,20260918,20260918
20260918,002141.SZ,贤丰控股,801018.SI,动物保健Ⅱ,L2,20,20,20,14.0,6.0,8.0,6.0,0.0,0.7,ok,,20260918,20260918
20260918,000782.SZ,恒申新材,801032.SI,化学纤维,L2,20,20,20,14.0,6.0,8.0,6.0,0.0,0.7,ok,,20260918,20260918
20260918,000949.SZ,新乡化纤,801032.SI,化学纤维,L2,20,20,20,14.0,8.0,6.0,6.0,0.0,0.7,ok,,20260918,20260918
20260918,001369.SZ,双欣材料,801032.SI,化学纤维,L2,20,20,20,14.0,6.0,8.0,6.0,0.0,0.7,ok,,20260918,20260918
20260918,002427.SZ,尤夫股份,801032.SI,化学纤维,L2,20,20,20,14.0,6.0,8.0,6.0,0.0,0.7,ok,,20260918,20260918
20260918,688295.SH,中复神鹰,801032.SI,化学纤维,L2,20,20,20,14.0,6.0,8.0,6.0,0.0,0.7,ok,,20260918,20260918
20260918,000691.SZ,亚太实业,801033.SI,化学原料,L2,20,20,20,14.0,8.0,6.0,6.0,0.0,0.7,ok,,20260918,20260918
20260918,301118.SZ,恒光股份,801033.SI,化学原料,L2,20,20,20,14.0,7.0,7.0,6.0,0.0,0.7,ok,,20260918,20260918
20260918,600610.SH,中毅达,801033.SI,化学原料,L2,20,20,20,14.0,8.0,6.0,6.0,0.0,0.7,ok,,20260918,20260918
20260918,600618.SH,氯碱化工,801033.SI,化学原料,L2,20,20,20,14.0,8.0,6.0,6.0,0.0,0.7,ok,,20260918,20260918
20260918,603067.SH,振华股份,801033.SI,化学原料,L2,20,20,20,14.0,7.0,7.0,6.0,0.0,0.7,ok,,20260918,20260918
20260918,001358.SZ,兴欣新材,801034.SI,化学制品,L2,20,20,20,14.0,6.0,8.0,6.0,0.0,0.7,ok,,20260918,20260918
20260918,002637.SZ,赞宇科技,801034.SI,化学制品,L2,20,20,20,14.0,7.0,7.0,6.0,0.0,0.7,ok,,20260918,20260918
20260918,002810.SZ,山东赫达,801034.SI,化学制品,L2,20,20,20,14.0,7.0,7.0,6.0,0.0,0.7,ok,,20260918,20260918
20260918,300019.SZ,硅宝科技,801034.SI,化学制品,L2,20,20,20,14.0,7.0,7.0,6.0,0.0,0.7,ok,,20260918,20260918
20260918,300214.SZ,日科化学,801034.SI,化学制品,L2,20,20,20,14.0,5.0,9.0,6.0,0.0,0.7,ok,,20260918,20260918
20260918,301149.SZ,隆华新材,801034.SI,化学制品,L2,20,20,20,14.0,8.0,6.0,6.0,0.0,0.7,ok,,20260918,20260918
20260918,301209.SZ,联合化学,801034.SI,化学制品,L2,20,20,20,14.0,6.0,8.0,6.0,0.0,0.7,ok,,20260918,20260918
20260918,301373.SZ,凌玮科技,801034.SI,化学制品,L2,20,20,20,14.0,6.0,8.0,6.0,0.0,0.7,ok,,20260918,20260918
20260918,600273.SH,嘉化能源,801034.SI,化学制品,L2,20,20,20,14.0,6.0,8.0,6.0,0.0,0.7,ok,,20260918,20260918
20260918,600866.SH,星湖科技,801034.SI,化学制品,L2,20,20,20,14.0,7.0,7.0,6.0,0.0,0.7,ok,,20260918,20260918
20260918,603004.SH,鼎龙科技,801034.SI,化学制品,L2,20,20,20,14.0,7.0,7.0,6.0,0.0,0.7,ok,,20260918,20260918
20260918,603823.SH,百合花,801034.SI,化学制品,L2,20,20,20,14.0,5.0,9.0,6.0,0.0,0.7,ok,,20260918,20260918
20260918,603977.SH,国泰集团,801034.SI,化学制品,L2,20,20,20,14.0,7.0,7.0,6.0,0.0,0.7,ok,,20260918,20260918
20260918,688133.SH,泰坦科技,801034.SI,化学制品,L2,20,20,20,14.0,6.0,8.0,6.0,0.0,0.7,ok,,20260918,20260918
20260918,688199.SH,久日新材,801034.SI,化学制品,L2,20,20,20,14.0,7.0,7.0,6.0,0.0,0.7,ok,,20260918,20260918
20260918,688625.SH,呈和科技,801034.SI,化学制品,L2,20,20,20,14.0,8.0,6.0,6.0,0.0,0.7,ok,,20260918,20260918
20260918,920422.BJ,润普食品,801034.SI,化学制品,L2,20,20,20,14.0,8.0,6.0,6.0,0.0,0.7,ok,,20260918,20260918
20260918,002753.SZ,永东股份,801037.SI,橡胶,L2,20,20,20,14.0,7.0,7.0,6.0,0.0,0.7,ok,,20260918,20260918
20260918,300121.SZ,阳谷华泰,801037.SI,橡胶,L2,20,20,20,14.0,7.0,7.0,6.0,0.0,0.7,ok,,20260918,20260918
20260918,000731.SZ,四川美丰,801038.SI,农化制品,L2,20,20,20,14.0,7.0,7.0,6.0,0.0,0.7,ok,,20260918,20260918
20260918,000902.SZ,新洋丰,801038.SI,农化制品,L2,20,20,20,14.0,6.0,8.0,6.0,0.0,0.7,ok,,20260918,20260918
20260918,002539.SZ,云图控股,801038.SI,农化制品,L2,20,20,20,14.0,7.0,7.0,6.0,0.0,0.7,ok,,20260918,20260918
20260918,003042.SZ,中农联合,801038.SI,农化制品,L2,20,20,20,14.0,6.0,8.0,6.0,0.0,0.7,ok,,20260918,20260918
20260918,600389.SH,江山股份,801038.SI,农化制品,L2,20,20,20,14.0,7.0,7.0,6.0,0.0,0.7,ok,,20260918,20260918
20260918,600486.SH,扬农化工,801038.SI,农化制品,L2,20,20,20,14.0,6.0,8.0,6.0,0.0,0.7,ok,,20260918,20260918
20260918,603970.SH,中农立华,801038.SI,农化制品,L2,20,20,20,14.0,6.0,8.0,6.0,0.0,0.7,ok,,20260918,20260918
20260918,000923.SZ,河钢资源,801043.SI,冶钢原料,L2,20,20,20,14.0,8.0,6.0,6.0,0.0,0.7,ok,,20260918,20260918
20260918,600295.SH,鄂尔多斯,801043.SI,冶钢原料,L2,20,20,20,14.0,8.0,6.0,6.0,0.0,0.7,ok,,20260918,20260918
20260918,301323.SZ,新莱福,801051.SI,金属新材料,L2,20,20,20,14.0,6.0,8.0,6.0,0.0,0.7,ok,,20260918,20260918
20260918,601137.SH,博威合金,801051.SI,金属新材料,L2,20,20,20,14.0,7.0,7.0,6.0,0.0,0.7,ok,,20260918,20260918
20260918,603072.SH,天和磁材,801051.SI,金属新材料,L2,20,20,20,14.0,5.0,9.0,6.0,0.0,0.7,ok,,20260918,20260918
20260918,600547.SH,山东黄金,801053.SI,贵金属,L2,20,20,20,14.0,4.0,10.0,6.0,0.0,0.7,ok,,20260918,20260918
20260918,001280.SZ,中国铀业,801054.SI,小金属,L2,20,20,20,14.0,6.0,8.0,6.0,0.0,0.7,ok,,20260918,20260918
20260918,301026.SZ,浩通科技,801054.SI,小金属,L2,20,20,20,14.0,7.0,7.0,6.0,0.0,0.7,ok,,20260918,20260918
20260918,002540.SZ,亚太科技,801055.SI,工业金属,L2,20,20,20,14.0,6.0,8.0,6.0,0.0,0.7,ok,,20260918,20260918
20260918,300328.SZ,宜安科技,801055.SI,工业金属,L2,20,20,20,14.0,5.0,9.0,6.0,0.0,0.7,ok,,20260918,20260918
20260918,300337.SZ,银邦股份,801055.SI,工业金属,L2,20,20,20,14.0,7.0,7.0,6.0,0.0,0.7,ok,,20260918,20260918
20260918,603271.SH,永杰新材,801055.SI,工业金属,L2,20,20,20,14.0,6.0,8.0,6.0,0.0,0.7,ok,,20260918,20260918
20260918,603399.SH,永杉锂业,801056.SI,能源金属,L2,20,20,20,14.0,7.0,7.0,6.0,0.0,0.7,ok,,20260918,20260918
20260918,002849.SZ,威星智能,801072.SI,通用设备,L2,20,20,20,14.0,7.0,7.0,6.0,0.0,0.7,ok,,20260918,20260918
20260918,003025.SZ,思进智能,801072.SI,通用设备,L2,20,20,20,14.0,5.0,9.0,6.0,0.0,0.7,ok,,20260918,20260918
20260918,300112.SZ,万讯自控,801072.SI,通用设备,L2,20,20,20,14.0,6.0,8.0,6.0,0.0,0.7,ok,,20260918,20260918
20260918,300165.SZ,天瑞仪器,801072.SI,通用设备,L2,20,20,20,14.0,6.0,8.0,6.0,0.0,0.7,ok,,20260918,20260918
20260918,300417.SZ,南华仪器,801072.SI,通用设备,L2,20,20,20,14.0,7.0,7.0,6.0,0.0,0.7,ok,,20260918,20260918
20260918,300700.SZ,岱勒新材,801072.SI,通用设备,L2,20,20,20,14.0,5.0,9.0,6.0,0.0,0.7,ok,,20260918,20260918
20260918,300861.SZ,美畅股份,801072.SI,通用设备,L2,20,20,20,14.0,6.0,8.0,6.0,0.0,0.7,ok,,20260918,20260918
20260918,301070.SZ,开勒股份,801072.SI,通用设备,L2,20,20,20,14.0,7.0,7.0,6.0,0.0,0.7,ok,,20260918,20260918
20260918,301255.SZ,通力科技,801072.SI,通用设备,L2,20,20,20,14.0,6.0,8.0,6.0,0.0,0.7,ok,,20260918,20260918
20260918,301272.SZ,英华特,801072.SI,通用设备,L2,20,20,20,14.0,5.0,9.0,6.0,0.0,0.7,ok,,20260918,20260918
20260918,301309.SZ,万得凯,801072.SI,通用设备,L2,20,20,20,14.0,6.0,8.0,6.0,0.0,0.7,ok,,20260918,20260918
20260918,301377.SZ,鼎泰高科,801072.SI,通用设备,L2,20,20,20,14.0,6.0,8.0,6.0,0.0,0.7,ok,,20260918,20260918
20260918,301399.SZ,英特科技,801072.SI,通用设备,L2,20,20,20,14.0,6.0,8.0,6.0,0.0,0.7,ok,,20260918,20260918
20260918,301616.SZ,浙江华业,801072.SI,通用设备,L2,20,20,20,14.0,8.0,6.0,6.0,0.0,0.7,ok,,20260918,20260918
20260918,600172.SH,黄河旋风,801072.SI,通用设备,L2,20,20,20,14.0,7.0,7.0,6.0,0.0,0.7,ok,,20260918,20260918
20260918,600592.SH,龙溪股份,801072.SI,通用设备,L2,20,20,20,14.0,7.0,7.0,6.0,0.0,0.7,ok,,20260918,20260918
20260918,601002.SH,晋亿实业,801072.SI,通用设备,L2,20,20,20,14.0,6.0,8.0,6.0,0.0,0.7,ok,,20260918,20260918
20260918,605060.SH,联德股份,801072.SI,通用设备,L2,20,20,20,14.0,6.0,8.0,6.0,0.0,0.7,ok,,20260918,20260918
20260918,688305.SH,科德数控,801072.SI,通用设备,L2,20,20,20,14.0,6.0,8.0,6.0,0.0,0.7,ok,,20260918,20260918
20260918,688355.SH,明志科技,801072.SI,通用设备,L2,20,20,20,14.0,7.0,7.0,6.0,0.0,0.7,ok,,20260918,20260918
20260918,688433.SH,华曙高科,801072.SI,通用设备,L2,20,20,20,14.0,5.0,9.0,6.0,0.0,0.7,ok,,20260918,20260918
20260918,688528.SH,秦川物联,801072.SI,通用设备,L2,20,20,20,14.0,6.0,8.0,6.0,0.0,0.7,ok,,20260918,20260918
20260918,688697.SH,纽威数控,801072.SI,通用设备,L2,20,20,20,14.0,7.0,7.0,6.0,0.0,0.7,ok,,20260918,20260918
20260918,688768.SH,容知日新,801072.SI,通用设备,L2,20,20,20,14.0,6.0,8.0,6.0,0.0,0.7,ok,,20260918,20260918
20260918,920238.BJ,长鹰硬科,801072.SI,通用设备,L2,20,20,20,14.0,6.0,8.0,6.0,0.0,0.7,ok,,20260918,20260918
20260918,920662.BJ,方盛股份,801072.SI,通用设备,L2,20,20,20,14.0,6.0,8.0,6.0,0.0,0.7,ok,,20260918,20260918
20260918,920693.BJ,阿为特,801072.SI,通用设备,L2,20,20,20,14.0,7.0,7.0,6.0,0.0,0.7,ok,,20260918,20260918
20260918,001277.SZ,速达股份,801074.SI,专用设备,L2,20,20,20,14.0,6.0,8.0,6.0,0.0,0.7,ok,,20260918,20260918
20260918,001288.SZ,运机集团,801074.SI,专用设备,L2,20,20,20,14.0,5.0,9.0,6.0,0.0,0.7,ok,,20260918,20260918
20260918,002890.SZ,弘宇股份,801074.SI,专用设备,L2,20,20,20,14.0,6.0,8.0,6.0,0.0,0.7,ok,,20260918,20260918
20260918,003036.SZ,泰坦股份,801074.SI,专用设备,L2,20,20,20,14.0,6.0,8.0,6.0,0.0,0.7,ok,,20260918,20260918
20260918,300092.SZ,科新机电,801074.SI,专用设备,L2,20,20,20,14.0,6.0,8.0,6.0,0.0,0.7,ok,,20260918,20260918
20260918,300412.SZ,迦南科技,801074.SI,专用设备,L2,20,20,20,14.0,6.0,8.0,6.0,0.0,0.7,ok,,20260918,20260918
20260918,300499.SZ,高澜股份,801074.SI,专用设备,L2,20,20,20,14.0,7.0,7.0,6.0,0.0,0.7,ok,,20260918,20260918
20260918,300865.SZ,大宏立,801074.SI,专用设备,L2,20,20,20,14.0,7.0,7.0,6.0,0.0,0.7,ok,,20260918,20260918
20260918,300902.SZ,国安达,801074.SI,专用设备,L2,20,20,20,14.0,5.0,9.0,6.0,0.0,0.7,ok,,20260918,20260918
20260918,300931.SZ,通用电梯,801074.SI,专用设备,L2,20,20,20,14.0,7.0,7.0,6.0,0.0,0.7,ok,,20260918,20260918
20260918,600835.SH,上海机电,801074.SI,专用设备,L2,20,20,20,14.0,7.0,7.0,6.0,0.0,0.7,ok,,20260918,20260918
20260918,600843.SH,上工申贝,801074.SI,专用设备,L2,20,20,20,14.0,6.0,8.0,6.0,0.0,0.7,ok,,20260918,20260918
20260918,603076.SH,乐惠国际,801074.SI,专用设备,L2,20,20,20,14.0,6.0,8.0,6.0,0.0,0.7,ok,,20260918,20260918
20260918,603337.SH,杰克科技,801074.SI,专用设备,L2,20,20,20,14.0,6.0,8.0,6.0,0.0,0.7,ok,,20260918,20260918
20260918,603895.SH,天永智能,801074.SI,专用设备,L2,20,20,20,14.0,7.0,7.0,6.0,0.0,0.7,ok,,20260918,20260918
20260918,603901.SH,永创智能,801074.SI,专用设备,L2,20,20,20,14.0,5.0,9.0,6.0,0.0,0.7,ok,,20260918,20260918
20260918,688529.SH,豪森智能,801074.SI,专用设备,L2,20,20,20,14.0,6.0,8.0,6.0,0.0,0.7,ok,,20260918,20260918
20260918,920091.BJ,大鹏工业,801074.SI,专用设备,L2,20,20,20,14.0,6.0,8.0,6.0,0.0,0.7,ok,,20260918,20260918
20260918,920112.BJ,巴兰仕,801074.SI,专用设备,L2,20,20,20,14.0,5.0,9.0,6.0,0.0,0.7,ok,,20260918,20260918
20260918,920177.BJ,恒道科技,801074.SI,专用设备,L2,20,20,20,14.0,5.0,9.0,6.0,0.0,0.7,ok,,20260918,20260918
20260918,605298.SH,必得科技,801076.SI,轨交设备Ⅱ,L2,20,20,20,14.0,8.0,6.0,6.0,0.0,0.7,ok,,20260918,20260918
20260918,688187.SH,时代电气,801076.SI,轨交设备Ⅱ,L2,20,20,20,14.0,7.0,7.0,6.0,0.0,0.7,ok,,20260918,20260918
20260918,688285.SH,高铁电气,801076.SI,轨交设备Ⅱ,L2,20,20,20,14.0,10.0,4.0,6.0,0.0,0.7,ok,,20260918,20260918
20260918,688367.SH,工大高科,801076.SI,轨交设备Ⅱ,L2,20,20,20,14.0,9.0,5.0,6.0,0.0,0.7,ok,,20260918,20260918
20260918,920541.BJ,铁大科技,801076.SI,轨交设备Ⅱ,L2,20,20,20,14.0,9.0,5.0,6.0,0.0,0.7,ok,,20260918,20260918
20260918,301446.SZ,福事特,801077.SI,工程机械,L2,20,20,20,14.0,7.0,7.0,6.0,0.0,0.7,ok,,20260918,20260918
20260918,601100.SH,恒立液压,801077.SI,工程机械,L2,20,20,20,14.0,5.0,9.0,6.0,0.0,0.7,ok,,20260918,20260918
20260918,603638.SH,艾迪精密,801077.SI,工程机械,L2,20,20,20,14.0,7.0,7.0,6.0,0.0,0.7,ok,,20260918,20260918
20260918,300124.SZ,汇川技术,801078.SI,自动化设备,L2,20,20,20,14.0,5.0,9.0,6.0,0.0,0.7,ok,,20260918,20260918
20260918,300757.SZ,罗博特科,801078.SI,自动化设备,L2,20,20,20,14.0,6.0,8.0,6.0,0.0,0.7,ok,,20260918,20260918
20260918,301633.SZ,港迪技术,801078.SI,自动化设备,L2,20,20,20,14.0,7.0,7.0,6.0,0.0,0.7,ok,,20260918,20260918
20260918,603283.SH,赛腾股份,801078.SI,自动化设备,L2,20,20,20,14.0,6.0,8.0,6.0,0.0,0.7,ok,,20260918,20260918
20260918,688559.SH,海目星,801078.SI,自动化设备,L2,20,20,20,14.0,6.0,8.0,6.0,0.0,0.7,ok,,20260918,20260918
20260918,688623.SH,双元科技,801078.SI,自动化设备,L2,20,20,20,14.0,6.0,8.0,6.0,0.0,0.7,ok,,20260918,20260918
20260918,688836.SH,宇树科技-W,801078.SI,自动化设备,L2,20,20,20,14.0,5.0,9.0,6.0,0.0,0.7,ok,,20260918,20260918
20260918,003043.SZ,华亚智能,801081.SI,半导体,L2,20,20,20,14.0,6.0,8.0,6.0,0.0,0.7,ok,,20260918,20260918
20260918,300077.SZ,国民技术,801081.SI,半导体,L2,20,20,20,14.0,6.0,8.0,6.0,0.0,0.7,ok,,20260918,20260918
20260918,300373.SZ,扬杰科技,801081.SI,半导体,L2,20,20,20,14.0,5.0,9.0,6.0,0.0,0.7,ok,,20260918,20260918
20260918,300661.SZ,圣邦股份,801081.SI,半导体,L2,20,20,20,14.0,5.0,9.0,6.0,0.0,0.7,ok,,20260918,20260918
20260918,301629.SZ,矽电股份,801081.SI,半导体,L2,20,20,20,14.0,6.0,8.0,6.0,0.0,0.7,ok,,20260918,20260918
20260918,301717.SZ,超纯应材,801081.SI,半导体,L2,20,20,20,14.0,6.0,8.0,6.0,0.0,0.7,ok,,20260918,20260918
20260918,603501.SH,豪威集团,801081.SI,半导体,L2,20,20,20,14.0,5.0,9.0,6.0,0.0,0.7,ok,,20260918,20260918
20260918,688045.SH,必易微,801081.SI,半导体,L2,20,20,20,14.0,4.0,10.0,6.0,0.0,0.7,ok,,20260918,20260918
20260918,688262.SH,国芯科技,801081.SI,半导体,L2,20,20,20,14.0,4.0,10.0,6.0,0.0,0.7,ok,,20260918,20260918
20260918,688279.SH,峰岹科技,801081.SI,半导体,L2,20,20,20,14.0,6.0,8.0,6.0,0.0,0.7,ok,,20260918,20260918
20260918,688385.SH,复旦微电,801081.SI,半导体,L2,20,20,20,14.0,5.0,9.0,6.0,0.0,0.7,ok,,20260918,20260918
20260918,688401.SH,路维光电,801081.SI,半导体,L2,20,20,20,14.0,6.0,8.0,6.0,0.0,0.7,ok,,20260918,20260918
20260918,688458.SH,美芯晟,801081.SI,半导体,L2,20,20,20,14.0,5.0,9.0,6.0,0.0,0.7,ok,,20260918,20260918
20260918,688530.SH,欧莱新材,801081.SI,半导体,L2,20,20,20,14.0,5.0,9.0,6.0,0.0,0.7,ok,,20260918,20260918
20260918,688601.SH,力芯微,801081.SI,半导体,L2,20,20,20,14.0,6.0,8.0,6.0,0.0,0.7,ok,,20260918,20260918
20260918,688798.SH,艾为电子,801081.SI,半导体,L2,20,20,20,14.0,4.0,10.0,6.0,0.0,0.7,ok,,20260918,20260918
20260918,920012.BJ,创达新材,801081.SI,半导体,L2,20,20,20,14.0,5.0,9.0,6.0,0.0,0.7,ok,,20260918,20260918
20260918,920189.BJ,康美特,801081.SI,半导体,L2,20,20,20,14.0,6.0,8.0,6.0,0.0,0.7,ok,,20260918,20260918
20260918,301275.SZ,汉朔科技,801082.SI,其他电子Ⅱ,L2,20,20,20,14.0,6.0,8.0,6.0,0.0,0.7,ok,,20260918,20260918
20260918,688800.SH,瑞可达,801082.SI,其他电子Ⅱ,L2,20,20,20,14.0,5.0,9.0,6.0,0.0,0.7,ok,,20260918,20260918
20260918,002436.SZ,兴森科技,801083.SI,元件,L2,20,20,20,14.0,9.0,5.0,6.0,0.0,0.7,ok,,20260918,20260918
20260918,002484.SZ,江海股份,801083.SI,元件,L2,20,20,20,14.0,8.0,6.0,6.0,0.0,0.7,ok,,20260918,20260918
20260918,002938.SZ,鹏鼎控股,801083.SI,元件,L2,20,20,20,14.0,7.0,7.0,6.0,0.0,0.7,ok,,20260918,20260918
20260918,301041.SZ,金百泽,801083.SI,元件,L2,20,20,20,14.0,9.0,5.0,6.0,0.0,0.7,ok,,20260918,20260918
20260918,301282.SZ,金禄电子,801083.SI,元件,L2,20,20,20,14.0,7.0,7.0,6.0,0.0,0.7,ok,,20260918,20260918
20260918,301458.SZ,钧崴电子,801083.SI,元件,L2,20,20,20,14.0,8.0,6.0,6.0,0.0,0.7,ok,,20260918,20260918
20260918,603328.SH,依顿电子,801083.SI,元件,L2,20,20,20,14.0,7.0,7.0,6.0,0.0,0.7,ok,,20260918,20260918
20260918,603738.SH,泰晶科技,801083.SI,元件,L2,20,20,20,14.0,8.0,6.0,6.0,0.0,0.7,ok,,20260918,20260918
20260918,688020.SH,方邦股份,801083.SI,元件,L2,20,20,20,14.0,9.0,5.0,6.0,0.0,0.7,ok,,20260918,20260918
20260918,920821.BJ,则成电子,801083.SI,元件,L2,20,20,20,14.0,8.0,6.0,6.0,0.0,0.7,ok,,20260918,20260918
20260918,001373.SZ,翔腾新材,801084.SI,光学光电子,L2,20,20,20,14.0,7.0,7.0,6.0,0.0,0.7,ok,,20260918,20260918
20260918,002222.SZ,福晶科技,801084.SI,光学光电子,L2,20,20,20,14.0,7.0,7.0,6.0,0.0,0.7,ok,,20260918,20260918
20260918,002983.SZ,芯瑞达,801084.SI,光学光电子,L2,20,20,20,14.0,7.0,7.0,6.0,0.0,0.7,ok,,20260918,20260918
20260918,300303.SZ,聚飞光电,801084.SI,光学光电子,L2,20,20,20,14.0,6.0,8.0,6.0,0.0,0.7,ok,,20260918,20260918
20260918,300545.SZ,联得装备,801084.SI,光学光电子,L2,20,20,20,14.0,5.0,9.0,6.0,0.0,0.7,ok,,20260918,20260918
20260918,300582.SZ,英飞特,801084.SI,光学光电子,L2,20,20,20,14.0,5.0,9.0,6.0,0.0,0.7,ok,,20260918,20260918
20260918,300752.SZ,隆利科技,801084.SI,光学光电子,L2,20,20,20,14.0,7.0,7.0,6.0,0.0,0.7,ok,,20260918,20260918
20260918,300909.SZ,汇创达,801084.SI,光学光电子,L2,20,20,20,14.0,7.0,7.0,6.0,0.0,0.7,ok,,20260918,20260918
20260918,300940.SZ,南极光,801084.SI,光学光电子,L2,20,20,20,14.0,7.0,7.0,6.0,0.0,0.7,ok,,20260918,20260918
20260918,301321.SZ,翰博高新,801084.SI,光学光电子,L2,20,20,20,14.0,9.0,5.0,6.0,0.0,0.7,ok,,20260918,20260918
20260918,603685.SH,晨丰科技,801084.SI,光学光电子,L2,20,20,20,14.0,7.0,7.0,6.0,0.0,0.7,ok,,20260918,20260918
20260918,688195.SH,腾景科技,801084.SI,光学光电子,L2,20,20,20,14.0,6.0,8.0,6.0,0.0,0.7,ok,,20260918,20260918
20260918,688299.SH,长阳科技,801084.SI,光学光电子,L2,20,20,20,14.0,7.0,7.0,6.0,0.0,0.7,ok,,20260918,20260918
20260918,688378.SH,奥来德,801084.SI,光学光电子,L2,20,20,20,14.0,7.0,7.0,6.0,0.0,0.7,ok,,20260918,20260918
20260918,920001.BJ,纬达光电,801084.SI,光学光电子,L2,20,20,20,14.0,7.0,7.0,6.0,0.0,0.7,ok,,20260918,20260918
20260918,001314.SZ,亿道信息,801085.SI,消费电子,L2,20,20,20,14.0,6.0,8.0,6.0,0.0,0.7,ok,,20260918,20260918
20260918,002660.SZ,茂硕电源,801085.SI,消费电子,L2,20,20,20,14.0,6.0,8.0,6.0,0.0,0.7,ok,,20260918,20260918
20260918,002861.SZ,瀛通通讯,801085.SI,消费电子,L2,20,20,20,14.0,7.0,7.0,6.0,0.0,0.7,ok,,20260918,20260918
20260918,300916.SZ,朗特智能,801085.SI,消费电子,L2,20,20,20,14.0,6.0,8.0,6.0,0.0,0.7,ok,,20260918,20260918
20260918,301086.SZ,鸿富瀚,801085.SI,消费电子,L2,20,20,20,14.0,6.0,8.0,6.0,0.0,0.7,ok,,20260918,20260918
20260918,301285.SZ,鸿日达,801085.SI,消费电子,L2,20,20,20,14.0,7.0,7.0,6.0,0.0,0.7,ok,,20260918,20260918
20260918,301326.SZ,捷邦科技,801085.SI,消费电子,L2,20,20,20,14.0,7.0,7.0,6.0,0.0,0.7,ok,,20260918,20260918
20260918,301567.SZ,贝隆精密,801085.SI,消费电子,L2,20,20,20,14.0,6.0,8.0,6.0,0.0,0.7,ok,,20260918,20260918
20260918,600130.SH,波导股份,801085.SI,消费电子,L2,20,20,20,14.0,7.0,7.0,6.0,0.0,0.7,ok,,20260918,20260918
20260918,601138.SH,工业富联,801085.SI,消费电子,L2,20,20,20,14.0,7.0,7.0,6.0,0.0,0.7,ok,,20260918,20260918
20260918,603296.SH,华勤技术,801085.SI,消费电子,L2,20,20,20,14.0,7.0,7.0,6.0,0.0,0.7,ok,,20260918,20260918
20260918,605277.SH,新亚电子,801085.SI,消费电子,L2,20,20,20,14.0,7.0,7.0,6.0,0.0,0.7,ok,,20260918,20260918
20260918,688775.SH,影石创新,801085.SI,消费电子,L2,20,20,20,14.0,4.0,10.0,6.0,0.0,0.7,ok,,20260918,20260918
20260918,920357.BJ,雅葆轩,801085.SI,消费电子,L2,20,20,20,14.0,6.0,8.0,6.0,0.0,0.7,ok,,20260918,20260918
20260918,920876.BJ,慧为智能,801085.SI,消费电子,L2,20,20,20,14.0,7.0,7.0,6.0,0.0,0.7,ok,,20260918,20260918
20260918,000757.SZ,浩物股份,801092.SI,汽车服务,L2,20,20,20,14.0,8.0,6.0,6.0,0.0,0.7,ok,,20260918,20260918
20260918,300825.SZ,阿尔特,801092.SI,汽车服务,L2,20,20,20,14.0,10.0,4.0,6.0,0.0,0.7,ok,,20260918,20260918
20260918,000338.SZ,潍柴动力,801093.SI,汽车零部件,L2,20,20,20,14.0,7.0,7.0,6.0,0.0,0.7,ok,,20260918,20260918
20260918,000880.SZ,潍柴重机,801093.SI,汽车零部件,L2,20,20,20,14.0,7.0,7.0,6.0,0.0,0.7,ok,,20260918,20260918
20260918,000887.SZ,中鼎股份,801093.SI,汽车零部件,L2,20,20,20,14.0,6.0,8.0,6.0,0.0,0.7,ok,,20260918,20260918
20260918,001282.SZ,三联锻造,801093.SI,汽车零部件,L2,20,20,20,14.0,8.0,6.0,6.0,0.0,0.7,ok,,20260918,20260918
20260918,001311.SZ,多利科技,801093.SI,汽车零部件,L2,20,20,20,14.0,6.0,8.0,6.0,0.0,0.7,ok,,20260918,20260918
20260918,002472.SZ,双环传动,801093.SI,汽车零部件,L2,20,20,20,14.0,6.0,8.0,6.0,0.0,0.7,ok,,20260918,20260918
20260918,300304.SZ,云意电气,801093.SI,汽车零部件,L2,20,20,20,14.0,7.0,7.0,6.0,0.0,0.7,ok,,20260918,20260918
20260918,300681.SZ,英搏尔,801093.SI,汽车零部件,L2,20,20,20,14.0,7.0,7.0,6.0,0.0,0.7,ok,,20260918,20260918
20260918,300969.SZ,恒帅股份,801093.SI,汽车零部件,L2,20,20,20,14.0,8.0,6.0,6.0,0.0,0.7,ok,,20260918,20260918
20260918,301005.SZ,超捷股份,801093.SI,汽车零部件,L2,20,20,20,14.0,5.0,9.0,6.0,0.0,0.7,ok,,20260918,20260918
20260918,301119.SZ,正强股份,801093.SI,汽车零部件,L2,20,20,20,14.0,8.0,6.0,6.0,0.0,0.7,ok,,20260918,20260918
20260918,301192.SZ,泰祥股份,801093.SI,汽车零部件,L2,20,20,20,14.0,7.0,7.0,6.0,0.0,0.7,ok,,20260918,20260918
20260918,301225.SZ,恒勃股份,801093.SI,汽车零部件,L2,20,20,20,14.0,6.0,8.0,6.0,0.0,0.7,ok,,20260918,20260918
20260918,301529.SZ,福赛科技,801093.SI,汽车零部件,L2,20,20,20,14.0,7.0,7.0,6.0,0.0,0.7,ok,,20260918,20260918
20260918,600480.SH,凌云股份,801093.SI,汽车零部件,L2,20,20,20,14.0,6.0,8.0,6.0,0.0,0.7,ok,,20260918,20260918
20260918,600651.SH,飞乐音响,801093.SI,汽车零部件,L2,20,20,20,14.0,7.0,7.0,6.0,0.0,0.7,ok,,20260918,20260918
20260918,603009.SH,北特科技,801093.SI,汽车零部件,L2,20,20,20,14.0,6.0,8.0,6.0,0.0,0.7,ok,,20260918,20260918
20260918,603119.SH,浙江荣泰,801093.SI,汽车零部件,L2,20,20,20,14.0,7.0,7.0,6.0,0.0,0.7,ok,,20260918,20260918
20260918,603201.SH,常润股份,801093.SI,汽车零部件,L2,20,20,20,14.0,7.0,7.0,6.0,0.0,0.7,ok,,20260918,20260918
20260918,603239.SH,浙江仙通,801093.SI,汽车零部件,L2,20,20,20,14.0,7.0,7.0,6.0,0.0,0.7,ok,,20260918,20260918
20260918,603293.SH,埃泰克,801093.SI,汽车零部件,L2,20,20,20,14.0,6.0,8.0,6.0,0.0,0.7,ok,,20260918,20260918
20260918,603655.SH,朗博科技,801093.SI,汽车零部件,L2,20,20,20,14.0,5.0,9.0,6.0,0.0,0.7,ok,,20260918,20260918
20260918,603788.SH,宁波高发,801093.SI,汽车零部件,L2,20,20,20,14.0,7.0,7.0,6.0,0.0,0.7,ok,,20260918,20260918
20260918,605018.SH,长华集团,801093.SI,汽车零部件,L2,20,20,20,14.0,7.0,7.0,6.0,0.0,0.7,ok,,20260918,20260918
20260918,605068.SH,明新旭腾,801093.SI,汽车零部件,L2,20,20,20,14.0,7.0,7.0,6.0,0.0,0.7,ok,,20260918,20260918
20260918,605133.SH,嵘泰股份,801093.SI,汽车零部件,L2,20,20,20,14.0,5.0,9.0,6.0,0.0,0.7,ok,,20260918,20260918
20260918,688533.SH,上声电子,801093.SI,汽车零部件,L2,20,20,20,14.0,6.0,8.0,6.0,0.0,0.7,ok,,20260918,20260918
20260918,688667.SH,菱电电控,801093.SI,汽车零部件,L2,20,20,20,14.0,8.0,6.0,6.0,0.0,0.7,ok,,20260918,20260918
20260918,000572.SZ,海马汽车,801095.SI,乘用车,L2,20,20,20,14.0,7.0,7.0,6.0,0.0,0.7,ok,,20260918,20260918
20260918,000977.SZ,浪潮信息,801101.SI,计算机设备,L2,20,20,20,14.0,5.0,9.0,6.0,0.0,0.7,ok,,20260918,20260918
20260918,002180.SZ,奔图科技,801101.SI,计算机设备,L2,20,20,20,14.0,5.0,9.0,6.0,0.0,0.7,ok,,20260918,20260918
20260918,002236.SZ,大华股份,801101.SI,计算机设备,L2,20,20,20,14.0,5.0,9.0,6.0,0.0,0.7,ok,,20260918,20260918
20260918,002835.SZ,同为股份,801101.SI,计算机设备,L2,20,20,20,14.0,6.0,8.0,6.0,0.0,0.7,ok,,20260918,20260918
20260918,300130.SZ,新国都,801101.SI,计算机设备,L2,20,20,20,14.0,5.0,9.0,6.0,0.0,0.7,ok,,20260918,20260918
20260918,300531.SZ,优博讯,801101.SI,计算机设备,L2,20,20,20,14.0,5.0,9.0,6.0,0.0,0.7,ok,,20260918,20260918
20260918,300790.SZ,宇瞳光学,801101.SI,计算机设备,L2,20,20,20,14.0,5.0,9.0,6.0,0.0,0.7,ok,,20260918,20260918
20260918,300884.SZ,狄耐克,801101.SI,计算机设备,L2,20,20,20,14.0,5.0,9.0,6.0,0.0,0.7,ok,,20260918,20260918
20260918,301330.SZ,熵基科技,801101.SI,计算机设备,L2,20,20,20,14.0,5.0,9.0,6.0,0.0,0.7,ok,,20260918,20260918
20260918,301503.SZ,智迪科技,801101.SI,计算机设备,L2,20,20,20,14.0,5.0,9.0,6.0,0.0,0.7,ok,,20260918,20260918
20260918,603496.SH,恒为科技,801101.SI,计算机设备,L2,20,20,20,14.0,4.0,10.0,6.0,0.0,0.7,ok,,20260918,20260918
20260918,603660.SH,苏州科达,801101.SI,计算机设备,L2,20,20,20,14.0,4.0,10.0,6.0,0.0,0.7,ok,,20260918,20260918
20260918,688208.SH,道通科技,801101.SI,计算机设备,L2,20,20,20,14.0,5.0,9.0,6.0,0.0,0.7,ok,,20260918,20260918
20260918,688475.SH,萤石网络,801101.SI,计算机设备,L2,20,20,20,14.0,4.0,10.0,6.0,0.0,0.7,ok,,20260918,20260918
20260918,920976.BJ,视声智能,801101.SI,计算机设备,L2,20,20,20,14.0,6.0,8.0,6.0,0.0,0.7,ok,,20260918,20260918
20260918,000948.SZ,南天信息,801104.SI,软件开发,L2,20,20,20,14.0,7.0,7.0,6.0,0.0,0.7,ok,,20260918,20260918
20260918,002362.SZ,汉王科技,801104.SI,软件开发,L2,20,20,20,14.0,6.0,8.0,6.0,0.0,0.7,ok,,20260918,20260918
20260918,002987.SZ,京北方,801104.SI,软件开发,L2,20,20,20,14.0,6.0,8.0,6.0,0.0,0.7,ok,,20260918,20260918
20260918,300226.SZ,上海钢联,801104.SI,软件开发,L2,20,20,20,14.0,8.0,6.0,6.0,0.0,0.7,ok,,20260918,20260918
20260918,300235.SZ,方直科技,801104.SI,软件开发,L2,20,20,20,14.0,7.0,7.0,6.0,0.0,0.7,ok,,20260918,20260918
20260918,300454.SZ,深信服,801104.SI,软件开发,L2,20,20,20,14.0,7.0,7.0,6.0,0.0,0.7,ok,,20260918,20260918
20260918,300468.SZ,四方精创,801104.SI,软件开发,L2,20,20,20,14.0,5.0,9.0,6.0,0.0,0.7,ok,,20260918,20260918
20260918,300550.SZ,和仁科技,801104.SI,软件开发,L2,20,20,20,14.0,8.0,6.0,6.0,0.0,0.7,ok,,20260918,20260918
20260918,300803.SZ,指南针,801104.SI,软件开发,L2,20,20,20,14.0,6.0,8.0,6.0,0.0,0.7,ok,,20260918,20260918
20260918,300830.SZ,金现代,801104.SI,软件开发,L2,20,20,20,14.0,6.0,8.0,6.0,0.0,0.7,ok,,20260918,20260918
20260918,300935.SZ,盈建科,801104.SI,软件开发,L2,20,20,20,14.0,5.0,9.0,6.0,0.0,0.7,ok,,20260918,20260918
20260918,600602.SH,云赛智联,801104.SI,软件开发,L2,20,20,20,14.0,7.0,7.0,6.0,0.0,0.7,ok,,20260918,20260918
20260918,603990.SH,麦迪科技,801104.SI,软件开发,L2,20,20,20,14.0,6.0,8.0,6.0,0.0,0.7,ok,,20260918,20260918
20260918,688561.SH,奇安信,801104.SI,软件开发,L2,20,20,20,14.0,8.0,6.0,6.0,0.0,0.7,ok,,20260918,20260918
20260918,002668.SZ,TCL智家,801111.SI,白色家电,L2,20,20,20,14.0,6.0,8.0,6.0,0.0,0.7,ok,,20260918,20260918
20260918,301578.SZ,辰奕智能,801112.SI,黑色家电,L2,20,20,20,14.0,8.0,6.0,6.0,0.0,0.7,ok,,20260918,20260918
20260918,600060.SH,海信视像,801112.SI,黑色家电,L2,20,20,20,14.0,8.0,6.0,6.0,0.0,0.7,ok,,20260918,20260918
20260918,002959.SZ,小熊电器,801113.SI,小家电,L2,20,20,20,14.0,6.0,8.0,6.0,0.0,0.7,ok,,20260918,20260918
20260918,301187.SZ,欧圣电气,801113.SI,小家电,L2,20,20,20,14.0,5.0,9.0,6.0,0.0,0.7,ok,,20260918,20260918
20260918,001326.SZ,联域股份,801115.SI,照明设备Ⅱ,L2,20,20,20,14.0,8.0,6.0,6.0,0.0,0.7,ok,,20260918,20260918
20260918,002638.SZ,勤上股份,801115.SI,照明设备Ⅱ,L2,20,20,20,14.0,8.0,6.0,6.0,0.0,0.7,ok,,20260918,20260918
20260918,001268.SZ,联合精密,801116.SI,家电零部件Ⅱ,L2,20,20,20,14.0,6.0,8.0,6.0,0.0,0.7,ok,,20260918,20260918
20260918,300403.SZ,汉宇集团,801116.SI,家电零部件Ⅱ,L2,20,20,20,14.0,6.0,8.0,6.0,0.0,0.7,ok,,20260918,20260918
20260918,301135.SZ,瑞德智能,801116.SI,家电零部件Ⅱ,L2,20,20,20,14.0,7.0,7.0,6.0,0.0,0.7,ok,,20260918,20260918
20260918,000529.SZ,广弘控股,801124.SI,食品加工,L2,20,20,20,14.0,6.0,8.0,6.0,0.0,0.7,ok,,20260918,20260918
20260918,603102.SH,百合股份,801124.SI,食品加工,L2,20,20,20,14.0,6.0,8.0,6.0,0.0,0.7,ok,,20260918,20260918
20260918,002461.SZ,珠江啤酒,801126.SI,非白酒,L2,20,20,20,14.0,9.0,5.0,6.0,0.0,0.7,ok,,20260918,20260918
20260918,600132.SH,重庆啤酒,801126.SI,非白酒,L2,20,20,20,14.0,8.0,6.0,6.0,0.0,0.7,ok,,20260918,20260918
20260918,300908.SZ,仲景食品,801129.SI,调味发酵品Ⅱ,L2,20,20,20,14.0,7.0,7.0,6.0,0.0,0.7,ok,,20260918,20260918
20260918,920726.BJ,朱老六,801129.SI,调味发酵品Ⅱ,L2,20,20,20,14.0,8.0,6.0,6.0,0.0,0.7,ok,,20260918,20260918
20260918,002674.SZ,兴业科技,801131.SI,纺织制造,L2,20,20,20,14.0,5.0,9.0,6.0,0.0,0.7,ok,,20260918,20260918
20260918,920527.BJ,夜光明,801131.SI,纺织制造,L2,20,20,20,14.0,9.0,5.0,6.0,0.0,0.7,ok,,20260918,20260918
20260918,002687.SZ,乔治白,801132.SI,服装家纺,L2,20,20,20,14.0,9.0,5.0,6.0,0.0,0.7,ok,,20260918,20260918
20260918,002763.SZ,汇洁股份,801132.SI,服装家纺,L2,20,20,20,14.0,9.0,5.0,6.0,0.0,0.7,ok,,20260918,20260918
20260918,301276.SZ,嘉曼服饰,801132.SI,服装家纺,L2,20,20,20,14.0,8.0,6.0,6.0,0.0,0.7,ok,,20260918,20260918
20260918,603608.SH,天创时尚,801132.SI,服装家纺,L2,20,20,20,14.0,8.0,6.0,6.0,0.0,0.7,ok,,20260918,20260918
20260918,002867.SZ,周大生,801133.SI,饰品,L2,20,20,20,14.0,6.0,8.0,6.0,0.0,0.7,ok,,20260918,20260918
20260918,600612.SH,老凤祥,801133.SI,饰品,L2,20,20,20,14.0,7.0,7.0,6.0,0.0,0.7,ok,,20260918,20260918
20260918,002229.SZ,鸿博股份,801141.SI,包装印刷,L2,20,20,20,14.0,7.0,7.0,6.0,0.0,0.7,ok,,20260918,20260918
20260918,002303.SZ,美盈森,801141.SI,包装印刷,L2,20,20,20,14.0,8.0,6.0,6.0,0.0,0.7,ok,,20260918,20260918
20260918,301198.SZ,喜悦智行,801141.SI,包装印刷,L2,20,20,20,14.0,6.0,8.0,6.0,0.0,0.7,ok,,20260918,20260918
20260918,600076.SH,康欣新材,801141.SI,包装印刷,L2,20,20,20,14.0,6.0,8.0,6.0,0.0,0.7,ok,,20260918,20260918
20260918,603022.SH,新通联,801141.SI,包装印刷,L2,20,20,20,14.0,8.0,6.0,6.0,0.0,0.7,ok,,20260918,20260918
20260918,603687.SH,大胜达,801141.SI,包装印刷,L2,20,20,20,14.0,9.0,5.0,6.0,0.0,0.7,ok,,20260918,20260918
20260918,001211.SZ,双枪科技,801142.SI,家居用品,L2,20,20,20,14.0,7.0,7.0,6.0,0.0,0.7,ok,,20260918,20260918
20260918,002571.SZ,德力股份,801142.SI,家居用品,L2,20,20,20,14.0,7.0,7.0,6.0,0.0,0.7,ok,,20260918,20260918
20260918,301061.SZ,匠心家居,801142.SI,家居用品,L2,20,20,20,14.0,8.0,6.0,6.0,0.0,0.7,ok,,20260918,20260918
20260918,603610.SH,麒盛科技,801142.SI,家居用品,L2,20,20,20,14.0,7.0,7.0,6.0,0.0,0.7,ok,,20260918,20260918
20260918,603725.SH,天安新材,801142.SI,家居用品,L2,20,20,20,14.0,7.0,7.0,6.0,0.0,0.7,ok,,20260918,20260918
20260918,605268.SH,王力安防,801142.SI,家居用品,L2,20,20,20,14.0,10.0,4.0,6.0,0.0,0.7,ok,,20260918,20260918
20260918,920132.BJ,泰鹏智能,801142.SI,家居用品,L2,20,20,20,14.0,8.0,6.0,6.0,0.0,0.7,ok,,20260918,20260918
20260918,600356.SH,恒丰纸业,801143.SI,造纸,L2,20,20,20,14.0,7.0,7.0,6.0,0.0,0.7,ok,,20260918,20260918
20260918,002899.SZ,英派斯,801145.SI,文娱用品,L2,20,20,20,14.0,8.0,6.0,6.0,0.0,0.7,ok,,20260918,20260918
20260918,000788.SZ,北大医药,801151.SI,化学制药,L2,20,20,20,14.0,7.0,7.0,6.0,0.0,0.7,ok,,20260918,20260918
20260918,002004.SZ,华邦健康,801151.SI,化学制药,L2,20,20,20,14.0,7.0,7.0,6.0,0.0,0.7,ok,,20260918,20260918
20260918,002262.SZ,恩华药业,801151.SI,化学制药,L2,20,20,20,14.0,6.0,8.0,6.0,0.0,0.7,ok,,20260918,20260918
20260918,002365.SZ,永安药业,801151.SI,化学制药,L2,20,20,20,14.0,6.0,8.0,6.0,0.0,0.7,ok,,20260918,20260918
20260918,002826.SZ,易明医药,801151.SI,化学制药,L2,20,20,20,14.0,8.0,6.0,6.0,0.0,0.7,ok,,20260918,20260918
20260918,002940.SZ,昂利康,801151.SI,化学制药,L2,20,20,20,14.0,7.0,7.0,6.0,0.0,0.7,ok,,20260918,20260918
20260918,301075.SZ,多瑞医药,801151.SI,化学制药,L2,20,20,20,14.0,9.0,5.0,6.0,0.0,0.7,ok,,20260918,20260918
20260918,301263.SZ,泰恩康,801151.SI,化学制药,L2,20,20,20,14.0,7.0,7.0,6.0,0.0,0.7,ok,,20260918,20260918
20260918,600062.SH,华润双鹤,801151.SI,化学制药,L2,20,20,20,14.0,8.0,6.0,6.0,0.0,0.7,ok,,20260918,20260918
20260918,600420.SH,国药现,801151.SI,化学制药,L2,20,20,20,14.0,7.0,7.0,6.0,0.0,0.7,ok,,20260918,20260918
20260918,603351.SH,威尔药业,801151.SI,化学制药,L2,20,20,20,14.0,7.0,7.0,6.0,0.0,0.7,ok,,20260918,20260918
20260918,603707.SH,健友股份,801151.SI,化学制药,L2,20,20,20,14.0,6.0,8.0,6.0,0.0,0.7,ok,,20260918,20260918
20260918,688506.SH,百利天恒,801151.SI,化学制药,L2,20,20,20,14.0,6.0,8.0,6.0,0.0,0.7,ok,,20260918,20260918
20260918,688578.SH,艾力斯,801151.SI,化学制药,L2,20,20,20,14.0,6.0,8.0,6.0,0.0,0.7,ok,,20260918,20260918
20260918,920478.BJ,峆一药业,801151.SI,化学制药,L2,20,20,20,14.0,7.0,7.0,6.0,0.0,0.7,ok,,20260918,20260918
20260918,688136.SH,科兴制药,801152.SI,生物制品,L2,20,20,20,14.0,6.0,8.0,6.0,0.0,0.7,ok,,20260918,20260918
20260918,688137.SH,近岸蛋白,801152.SI,生物制品,L2,20,20,20,14.0,7.0,7.0,6.0,0.0,0.7,ok,,20260918,20260918
20260918,688163.SH,赛伦生物,801152.SI,生物制品,L2,20,20,20,14.0,8.0,6.0,6.0,0.0,0.7,ok,,20260918,20260918
20260918,688278.SH,特宝生物,801152.SI,生物制品,L2,20,20,20,14.0,6.0,8.0,6.0,0.0,0.7,ok,,20260918,20260918
20260918,301093.SZ,华兰股份,801153.SI,医疗器械,L2,20,20,20,14.0,5.0,9.0,6.0,0.0,0.7,ok,,20260918,20260918
20260918,301367.SZ,瑞迈特,801153.SI,医疗器械,L2,20,20,20,14.0,8.0,6.0,6.0,0.0,0.7,ok,,20260918,20260918
20260918,603392.SH,万泰生物,801153.SI,医疗器械,L2,20,20,20,14.0,6.0,8.0,6.0,0.0,0.7,ok,,20260918,20260918
20260918,603976.SH,正川股份,801153.SI,医疗器械,L2,20,20,20,14.0,8.0,6.0,6.0,0.0,0.7,ok,,20260918,20260918
20260918,688068.SH,热景生物,801153.SI,医疗器械,L2,20,20,20,14.0,5.0,9.0,6.0,0.0,0.7,ok,,20260918,20260918
20260918,688151.SH,华强科技,801153.SI,医疗器械,L2,20,20,20,14.0,8.0,6.0,6.0,0.0,0.7,ok,,20260918,20260918
20260918,688193.SH,仁度生物,801153.SI,医疗器械,L2,20,20,20,14.0,6.0,8.0,6.0,0.0,0.7,ok,,20260918,20260918
20260918,688273.SH,麦澜德,801153.SI,医疗器械,L2,20,20,20,14.0,6.0,8.0,6.0,0.0,0.7,ok,,20260918,20260918
20260918,688399.SH,硕世生物,801153.SI,医疗器械,L2,20,20,20,14.0,5.0,9.0,6.0,0.0,0.7,ok,,20260918,20260918
20260918,688626.SH,翔宇医疗,801153.SI,医疗器械,L2,20,20,20,14.0,6.0,8.0,6.0,0.0,0.7,ok,,20260918,20260918
20260918,920069.BJ,普昂医疗,801153.SI,医疗器械,L2,20,20,20,14.0,7.0,7.0,6.0,0.0,0.7,ok,,20260918,20260918
20260918,920072.BJ,科莱瑞迪,801153.SI,医疗器械,L2,20,20,20,14.0,7.0,7.0,6.0,0.0,0.7,ok,,20260918,20260918
20260918,600272.SH,开开实业,801154.SI,医药商业,L2,20,20,20,14.0,7.0,7.0,6.0,0.0,0.7,ok,,20260918,20260918
20260918,301331.SZ,恩威医药,801155.SI,中药Ⅱ,L2,20,20,20,14.0,6.0,8.0,6.0,0.0,0.7,ok,,20260918,20260918
20260918,600222.SH,太龙药业,801155.SI,中药Ⅱ,L2,20,20,20,14.0,7.0,7.0,6.0,0.0,0.7,ok,,20260918,20260918
20260918,600535.SH,天士力,801155.SI,中药Ⅱ,L2,20,20,20,14.0,5.0,9.0,6.0,0.0,0.7,ok,,20260918,20260918
20260918,000504.SZ,南华生物,801156.SI,医疗服务,L2,20,20,20,14.0,6.0,8.0,6.0,0.0,0.7,ok,,20260918,20260918
20260918,002173.SZ,创新医疗,801156.SI,医疗服务,L2,20,20,20,14.0,6.0,8.0,6.0,0.0,0.7,ok,,20260918,20260918
20260918,600721.SH,百花医药,801156.SI,医疗服务,L2,20,20,20,14.0,7.0,7.0,6.0,0.0,0.7,ok,,20260918,20260918
20260918,688073.SH,毕得医药,801156.SI,医疗服务,L2,20,20,20,14.0,6.0,8.0,6.0,0.0,0.7,ok,,20260918,20260918
20260918,920670.BJ,数字人,801156.SI,医疗服务,L2,20,20,20,14.0,7.0,7.0,6.0,0.0,0.7,ok,,20260918,20260918
20260918,000601.SZ,韶能股份,801161.SI,电力,L2,20,20,20,14.0,7.0,7.0,6.0,0.0,0.7,ok,,20260918,20260918
20260918,001258.SZ,立新能源,801161.SI,电力,L2,20,20,20,14.0,6.0,8.0,6.0,0.0,0.7,ok,,20260918,20260918
20260918,001289.SZ,龙源电力,801161.SI,电力,L2,20,20,20,14.0,6.0,8.0,6.0,0.0,0.7,ok,,20260918,20260918
20260918,002616.SZ,长青集团,801161.SI,电力,L2,20,20,20,14.0,8.0,6.0,6.0,0.0,0.7,ok,,20260918,20260918
20260918,600310.SH,广西能源,801161.SI,电力,L2,20,20,20,14.0,9.0,5.0,6.0,0.0,0.7,ok,,20260918,20260918
20260918,600396.SH,华电辽能,801161.SI,电力,L2,20,20,20,14.0,7.0,7.0,6.0,0.0,0.7,ok,,20260918,20260918
20260918,600674.SH,川投能源,801161.SI,电力,L2,20,20,20,14.0,7.0,7.0,6.0,0.0,0.7,ok,,20260918,20260918
20260918,600995.SH,南网储能,801161.SI,电力,L2,20,20,20,14.0,7.0,7.0,6.0,0.0,0.7,ok,,20260918,20260918
20260918,601778.SH,晶科科技,801161.SI,电力,L2,20,20,20,14.0,7.0,7.0,6.0,0.0,0.7,ok,,20260918,20260918
20260918,001299.SZ,美能能源,801163.SI,燃气Ⅱ,L2,20,20,20,14.0,9.0,5.0,6.0,0.0,0.7,ok,,20260918,20260918
20260918,002267.SZ,陕天然气,801163.SI,燃气Ⅱ,L2,20,20,20,14.0,9.0,5.0,6.0,0.0,0.7,ok,,20260918,20260918
20260918,300332.SZ,天壕能源,801163.SI,燃气Ⅱ,L2,20,20,20,14.0,7.0,7.0,6.0,0.0,0.7,ok,,20260918,20260918
20260918,000626.SZ,远大控股,801178.SI,物流,L2,20,20,20,14.0,7.0,7.0,6.0,0.0,0.7,ok,,20260918,20260918
20260918,603535.SH,嘉诚国际,801178.SI,物流,L2,20,20,20,14.0,7.0,7.0,6.0,0.0,0.7,ok,,20260918,20260918
20260918,603871.SH,嘉友国际,801178.SI,物流,L2,20,20,20,14.0,6.0,8.0,6.0,0.0,0.7,ok,,20260918,20260918
20260918,600377.SH,宁沪高速,801179.SI,铁路公路,L2,20,20,20,14.0,8.0,6.0,6.0,0.0,0.7,ok,,20260918,20260918
20260918,600548.SH,深高速,801179.SI,铁路公路,L2,20,20,20,14.0,7.0,7.0,6.0,0.0,0.7,ok,,20260918,20260918
20260918,002208.SZ,合肥城建,801181.SI,房地产开发,L2,20,20,20,14.0,7.0,7.0,6.0,0.0,0.7,ok,,20260918,20260918
20260918,600641.SH,先导基电,801181.SI,房地产开发,L2,20,20,20,14.0,7.0,7.0,6.0,0.0,0.7,ok,,20260918,20260918
20260918,600095.SH,湘财股份,801193.SI,证券Ⅱ,L2,20,20,20,14.0,7.0,7.0,6.0,0.0,0.7,ok,,20260918,20260918
20260918,601236.SH,红塔证券,801193.SI,证券Ⅱ,L2,20,20,20,14.0,8.0,6.0,6.0,0.0,0.7,ok,,20260918,20260918
20260918,601901.SH,方正证券,801193.SI,证券Ⅱ,L2,20,20,20,14.0,8.0,6.0,6.0,0.0,0.7,ok,,20260918,20260918
20260918,002072.SZ,凯瑞德,801202.SI,贸易Ⅱ,L2,20,20,20,14.0,6.0,8.0,6.0,0.0,0.7,ok,,20260918,20260918
20260918,002277.SZ,友阿股份,801203.SI,一般零售,L2,20,20,20,14.0,7.0,7.0,6.0,0.0,0.7,ok,,20260918,20260918
20260918,300947.SZ,德必集团,801203.SI,一般零售,L2,20,20,20,14.0,7.0,7.0,6.0,0.0,0.7,ok,,20260918,20260918
20260918,600415.SH,小商品城,801203.SI,一般零售,L2,20,20,20,14.0,7.0,7.0,6.0,0.0,0.7,ok,,20260918,20260918
20260918,600628.SH,新世界,801203.SI,一般零售,L2,20,20,20,14.0,8.0,6.0,6.0,0.0,0.7,ok,,20260918,20260918
20260918,600729.SH,重百集团,801203.SI,一般零售,L2,20,20,20,14.0,7.0,7.0,6.0,0.0,0.7,ok,,20260918,20260918
20260918,600790.SH,轻纺城,801203.SI,一般零售,L2,20,20,20,14.0,9.0,5.0,6.0,0.0,0.7,ok,,20260918,20260918
20260918,601086.SH,国芳集团,801203.SI,一般零售,L2,20,20,20,14.0,10.0,4.0,6.0,0.0,0.7,ok,,20260918,20260918
20260918,603101.SH,汇嘉时代,801203.SI,一般零售,L2,20,20,20,14.0,9.0,5.0,6.0,0.0,0.7,ok,,20260918,20260918
20260918,300022.SZ,吉峰科技,801204.SI,专业连锁Ⅱ,L2,20,20,20,14.0,8.0,6.0,6.0,0.0,0.7,ok,,20260918,20260918
20260918,300795.SZ,米奥会展,801218.SI,专业服务,L2,20,20,20,14.0,5.0,9.0,6.0,0.0,0.7,ok,,20260918,20260918
20260918,688334.SH,西高院,801218.SI,专业服务,L2,20,20,20,14.0,7.0,7.0,6.0,0.0,0.7,ok,,20260918,20260918
20260918,600754.SH,锦江酒店,801219.SI,酒店餐饮,L2,20,20,20,14.0,6.0,8.0,6.0,0.0,0.7,ok,,20260918,20260918
20260918,000025.SZ,特力A,801231.SI,综合Ⅱ,L2,20,20,20,14.0,7.0,7.0,6.0,0.0,0.7,ok,,20260918,20260918
20260918,000833.SZ,粤桂股份,801231.SI,综合Ⅱ,L2,20,20,20,14.0,5.0,9.0,6.0,0.0,0.7,ok,,20260918,20260918
20260918,600770.SH,综艺股份,801231.SI,综合Ⅱ,L2,20,20,20,14.0,7.0,7.0,6.0,0.0,0.7,ok,,20260918,20260918
20260918,600293.SH,三峡新材,801712.SI,玻璃玻纤,L2,20,20,20,14.0,10.0,4.0,6.0,0.0,0.7,ok,,20260918,20260918
20260918,603256.SH,宏和科技,801712.SI,玻璃玻纤,L2,20,20,20,14.0,10.0,4.0,6.0,0.0,0.7,ok,,20260918,20260918
20260918,000619.SZ,海螺新材,801713.SI,装修建材,L2,20,20,20,14.0,8.0,6.0,6.0,0.0,0.7,ok,,20260918,20260918
20260918,001212.SZ,中旗新材,801713.SI,装修建材,L2,20,20,20,14.0,7.0,7.0,6.0,0.0,0.7,ok,,20260918,20260918
20260918,002398.SZ,垒知集团,801713.SI,装修建材,L2,20,20,20,14.0,7.0,7.0,6.0,0.0,0.7,ok,,20260918,20260918
20260918,603737.SH,三棵树,801713.SI,装修建材,L2,20,20,20,14.0,5.0,9.0,6.0,0.0,0.7,ok,,20260918,20260918
20260918,002761.SZ,浙江建投,801721.SI,房屋建设Ⅱ,L2,20,20,20,14.0,8.0,6.0,6.0,0.0,0.7,ok,,20260918,20260918
20260918,002989.SZ,中天精装,801722.SI,装修装饰Ⅱ,L2,20,20,20,14.0,7.0,7.0,6.0,0.0,0.7,ok,,20260918,20260918
20260918,300621.SZ,维业股份,801722.SI,装修装饰Ⅱ,L2,20,20,20,14.0,7.0,7.0,6.0,0.0,0.7,ok,,20260918,20260918
20260918,603030.SH,全筑股份,801722.SI,装修装饰Ⅱ,L2,20,20,20,14.0,7.0,7.0,6.0,0.0,0.7,ok,,20260918,20260918
20260918,300949.SZ,奥雅股份,801723.SI,基础建设,L2,20,20,20,14.0,9.0,5.0,6.0,0.0,0.7,ok,,20260918,20260918
20260918,603955.SH,大千生态,801723.SI,基础建设,L2,20,20,20,14.0,10.0,4.0,6.0,0.0,0.7,ok,,20260918,20260918
20260918,000032.SZ,深桑达A,801724.SI,专业工程,L2,20,20,20,14.0,6.0,8.0,6.0,0.0,0.7,ok,,20260918,20260918
20260918,002116.SZ,中国海诚,801724.SI,专业工程,L2,20,20,20,14.0,7.0,7.0,6.0,0.0,0.7,ok,,20260918,20260918
20260918,605178.SH,时空科技,801724.SI,专业工程,L2,20,20,20,14.0,7.0,7.0,6.0,0.0,0.7,ok,,20260918,20260918
20260918,300635.SZ,中达安,801726.SI,工程咨询服务Ⅱ,L2,20,20,20,14.0,7.0,7.0,6.0,0.0,0.7,ok,,20260918,20260918
20260918,300778.SZ,新城市,801726.SI,工程咨询服务Ⅱ,L2,20,20,20,14.0,7.0,7.0,6.0,0.0,0.7,ok,,20260918,20260918
20260918,300983.SZ,尤安设计,801726.SI,工程咨询服务Ⅱ,L2,20,20,20,14.0,6.0,8.0,6.0,0.0,0.7,ok,,20260918,20260918
20260918,301091.SZ,深城交,801726.SI,工程咨询服务Ⅱ,L2,20,20,20,14.0,7.0,7.0,6.0,0.0,0.7,ok,,20260918,20260918
20260918,603909.SH,建发合诚,801726.SI,工程咨询服务Ⅱ,L2,20,20,20,14.0,7.0,7.0,6.0,0.0,0.7,ok,,20260918,20260918
20260918,920427.BJ,华维设计,801726.SI,工程咨询服务Ⅱ,L2,20,20,20,14.0,7.0,7.0,6.0,0.0,0.7,ok,,20260918,20260918
20260918,002801.SZ,微光股份,801731.SI,电机Ⅱ,L2,20,20,20,14.0,7.0,7.0,6.0,0.0,0.7,ok,,20260918,20260918
20260918,603320.SH,迪贝电气,801731.SI,电机Ⅱ,L2,20,20,20,14.0,8.0,6.0,6.0,0.0,0.7,ok,,20260918,20260918
20260918,603344.SH,星德胜,801731.SI,电机Ⅱ,L2,20,20,20,14.0,7.0,7.0,6.0,0.0,0.7,ok,,20260918,20260918
20260918,603370.SH,华新精科,801731.SI,电机Ⅱ,L2,20,20,20,14.0,6.0,8.0,6.0,0.0,0.7,ok,,20260918,20260918
20260918,603489.SH,八方股份,801731.SI,电机Ⅱ,L2,20,20,20,14.0,7.0,7.0,6.0,0.0,0.7,ok,,20260918,20260918
20260918,002366.SZ,融发核电,801733.SI,其他电源设备Ⅱ,L2,20,20,20,14.0,6.0,8.0,6.0,0.0,0.7,ok,,20260918,20260918
20260918,002534.SZ,西子洁能,801733.SI,其他电源设备Ⅱ,L2,20,20,20,14.0,6.0,8.0,6.0,0.0,0.7,ok,,20260918,20260918
20260918,002951.SZ,金时科技,801733.SI,其他电源设备Ⅱ,L2,20,20,20,14.0,6.0,8.0,6.0,0.0,0.7,ok,,20260918,20260918
20260918,600590.SH,泰豪科技,801733.SI,其他电源设备Ⅱ,L2,20,20,20,14.0,8.0,6.0,6.0,0.0,0.7,ok,,20260918,20260918
20260918,688411.SH,海博思创,801733.SI,其他电源设备Ⅱ,L2,20,20,20,14.0,4.0,10.0,6.0,0.0,0.7,ok,,20260918,20260918
20260918,688719.SH,爱科赛博,801733.SI,其他电源设备Ⅱ,L2,20,20,20,14.0,6.0,8.0,6.0,0.0,0.7,ok,,20260918,20260918
20260918,300093.SZ,金刚光伏,801735.SI,光伏设备,L2,20,20,20,14.0,4.0,10.0,6.0,0.0,0.7,ok,,20260918,20260918
20260918,300345.SZ,华民股份,801735.SI,光伏设备,L2,20,20,20,14.0,3.0,11.0,6.0,0.0,0.7,ok,,20260918,20260918
20260918,301168.SZ,通灵股份,801735.SI,光伏设备,L2,20,20,20,14.0,4.0,10.0,6.0,0.0,0.7,ok,,20260918,20260918
20260918,603396.SH,金辰股份,801735.SI,光伏设备,L2,20,20,20,14.0,4.0,10.0,6.0,0.0,0.7,ok,,20260918,20260918
20260918,603628.SH,清源股份,801735.SI,光伏设备,L2,20,20,20,14.0,4.0,10.0,6.0,0.0,0.7,ok,,20260918,20260918
20260918,688348.SH,昱能科技,801735.SI,光伏设备,L2,20,20,20,14.0,4.0,10.0,6.0,0.0,0.7,ok,,20260918,20260918
20260918,688429.SH,时创能源,801735.SI,光伏设备,L2,20,20,20,14.0,3.0,11.0,6.0,0.0,0.7,ok,,20260918,20260918
20260918,688680.SH,海优新材,801735.SI,光伏设备,L2,20,20,20,14.0,4.0,10.0,6.0,0.0,0.7,ok,,20260918,20260918
20260918,002487.SZ,大金重工,801736.SI,风电设备,L2,20,20,20,14.0,8.0,6.0,6.0,0.0,0.7,ok,,20260918,20260918
20260918,300772.SZ,运达股份,801736.SI,风电设备,L2,20,20,20,14.0,7.0,7.0,6.0,0.0,0.7,ok,,20260918,20260918
20260918,000049.SZ,德赛电池,801737.SI,电池,L2,20,20,20,14.0,3.0,11.0,6.0,0.0,0.7,ok,,20260918,20260918
20260918,002805.SZ,丰元股份,801737.SI,电池,L2,20,20,20,14.0,4.0,10.0,6.0,0.0,0.7,ok,,20260918,20260918
20260918,300037.SZ,新宙邦,801737.SI,电池,L2,20,20,20,14.0,6.0,8.0,6.0,0.0,0.7,ok,,20260918,20260918
20260918,300073.SZ,当升科技,801737.SI,电池,L2,20,20,20,14.0,4.0,10.0,6.0,0.0,0.7,ok,,20260918,20260918
20260918,300409.SZ,道氏技术,801737.SI,电池,L2,20,20,20,14.0,5.0,9.0,6.0,0.0,0.7,ok,,20260918,20260918
20260918,300648.SZ,星云股份,801737.SI,电池,L2,20,20,20,14.0,5.0,9.0,6.0,0.0,0.7,ok,,20260918,20260918
20260918,300919.SZ,中伟新材,801737.SI,电池,L2,20,20,20,14.0,5.0,9.0,6.0,0.0,0.7,ok,,20260918,20260918
20260918,300953.SZ,震裕科技,801737.SI,电池,L2,20,20,20,14.0,4.0,10.0,6.0,0.0,0.7,ok,,20260918,20260918
20260918,301150.SZ,中一科技,801737.SI,电池,L2,20,20,20,14.0,6.0,8.0,6.0,0.0,0.7,ok,,20260918,20260918
20260918,301662.SZ,宏工科技,801737.SI,电池,L2,20,20,20,14.0,4.0,10.0,6.0,0.0,0.7,ok,,20260918,20260918
20260918,688005.SH,容百科技,801737.SI,电池,L2,20,20,20,14.0,5.0,9.0,6.0,0.0,0.7,ok,,20260918,20260918
20260918,688353.SH,华盛锂电,801737.SI,电池,L2,20,20,20,14.0,5.0,9.0,6.0,0.0,0.7,ok,,20260918,20260918
20260918,688499.SH,利元亨,801737.SI,电池,L2,20,20,20,14.0,4.0,10.0,6.0,0.0,0.7,ok,,20260918,20260918
20260918,000682.SZ,东方电子,801738.SI,电网设备,L2,20,20,20,14.0,5.0,9.0,6.0,0.0,0.7,ok,,20260918,20260918
20260918,001382.SZ,新亚电缆,801738.SI,电网设备,L2,20,20,20,14.0,5.0,9.0,6.0,0.0,0.7,ok,,20260918,20260918
20260918,002028.SZ,思源电气,801738.SI,电网设备,L2,20,20,20,14.0,4.0,10.0,6.0,0.0,0.7,ok,,20260918,20260918
20260918,300069.SZ,金利华电,801738.SI,电网设备,L2,20,20,20,14.0,4.0,10.0,6.0,0.0,0.7,ok,,20260918,20260918
20260918,300265.SZ,通光线缆,801738.SI,电网设备,L2,20,20,20,14.0,5.0,9.0,6.0,0.0,0.7,ok,,20260918,20260918
20260918,300407.SZ,凯发电气,801738.SI,电网设备,L2,20,20,20,14.0,3.0,11.0,6.0,0.0,0.7,ok,,20260918,20260918
20260918,301295.SZ,美硕科技,801738.SI,电网设备,L2,20,20,20,14.0,4.0,10.0,6.0,0.0,0.7,ok,,20260918,20260918
20260918,603191.SH,望变电气,801738.SI,电网设备,L2,20,20,20,14.0,5.0,9.0,6.0,0.0,0.7,ok,,20260918,20260918
20260918,688681.SH,科汇股份,801738.SI,电网设备,L2,20,20,20,14.0,3.0,11.0,6.0,0.0,0.7,ok,,20260918,20260918
20260918,920037.BJ,广信科技,801738.SI,电网设备,L2,20,20,20,14.0,4.0,10.0,6.0,0.0,0.7,ok,,20260918,20260918
20260918,920375.BJ,派诺科技,801738.SI,电网设备,L2,20,20,20,14.0,5.0,9.0,6.0,0.0,0.7,ok,,20260918,20260918
20260918,920639.BJ,晨光电缆,801738.SI,电网设备,L2,20,20,20,14.0,6.0,8.0,6.0,0.0,0.7,ok,,20260918,20260918
20260918,920682.BJ,球冠电缆,801738.SI,电网设备,L2,20,20,20,14.0,6.0,8.0,6.0,0.0,0.7,ok,,20260918,20260918
20260918,002625.SZ,光启技术,801742.SI,航空装备Ⅱ,L2,20,20,20,14.0,7.0,7.0,6.0,0.0,0.7,ok,,20260918,20260918
20260918,002985.SZ,北摩高科,801742.SI,航空装备Ⅱ,L2,20,20,20,14.0,8.0,6.0,6.0,0.0,0.7,ok,,20260918,20260918
20260918,300395.SZ,菲利华,801742.SI,航空装备Ⅱ,L2,20,20,20,14.0,8.0,6.0,6.0,0.0,0.7,ok,,20260918,20260918
20260918,301586.SZ,佳力奇,801742.SI,航空装备Ⅱ,L2,20,20,20,14.0,8.0,6.0,6.0,0.0,0.7,ok,,20260918,20260918
20260918,600372.SH,中航机载,801742.SI,航空装备Ⅱ,L2,20,20,20,14.0,9.0,5.0,6.0,0.0,0.7,ok,,20260918,20260918
20260918,600765.SH,中航重机,801742.SI,航空装备Ⅱ,L2,20,20,20,14.0,8.0,6.0,6.0,0.0,0.7,ok,,20260918,20260918
20260918,605123.SH,派克新材,801742.SI,航空装备Ⅱ,L2,20,20,20,14.0,7.0,7.0,6.0,0.0,0.7,ok,,20260918,20260918
20260918,688237.SH,超卓航科,801742.SI,航空装备Ⅱ,L2,20,20,20,14.0,8.0,6.0,6.0,0.0,0.7,ok,,20260918,20260918
20260918,688510.SH,航亚科技,801742.SI,航空装备Ⅱ,L2,20,20,20,14.0,7.0,7.0,6.0,0.0,0.7,ok,,20260918,20260918
20260918,688563.SH,航材股份,801742.SI,航空装备Ⅱ,L2,20,20,20,14.0,10.0,4.0,6.0,0.0,0.7,ok,,20260918,20260918
20260918,600685.SH,中船防务,801744.SI,航海装备Ⅱ,L2,20,20,20,14.0,10.0,4.0,6.0,0.0,0.7,ok,,20260918,20260918
20260918,603268.SH,松发股份,801744.SI,航海装备Ⅱ,L2,20,20,20,14.0,9.0,5.0,6.0,0.0,0.7,ok,,20260918,20260918
20260918,001270.SZ,铖昌科技,801745.SI,军工电子Ⅱ,L2,20,20,20,14.0,7.0,7.0,6.0,0.0,0.7,ok,,20260918,20260918
20260918,002383.SZ,合众思壮,801745.SI,军工电子Ⅱ,L2,20,20,20,14.0,7.0,7.0,6.0,0.0,0.7,ok,,20260918,20260918
20260918,300629.SZ,新劲刚,801745.SI,军工电子Ⅱ,L2,20,20,20,14.0,7.0,7.0,6.0,0.0,0.7,ok,,20260918,20260918
20260918,301306.SZ,西测测试,801745.SI,军工电子Ⅱ,L2,20,20,20,14.0,7.0,7.0,6.0,0.0,0.7,ok,,20260918,20260918
20260918,600590.SH,泰豪科技,801745.SI,军工电子Ⅱ,L2,20,20,20,14.0,8.0,6.0,6.0,0.0,0.7,ok,,20260918,20260918
20260918,688084.SH,晶品特装,801745.SI,军工电子Ⅱ,L2,20,20,20,14.0,6.0,8.0,6.0,0.0,0.7,ok,,20260918,20260918
20260918,688175.SH,高凌信息,801745.SI,军工电子Ⅱ,L2,20,20,20,14.0,5.0,9.0,6.0,0.0,0.7,ok,,20260918,20260918
20260918,688629.SH,华丰科技,801745.SI,军工电子Ⅱ,L2,20,20,20,14.0,6.0,8.0,6.0,0.0,0.7,ok,,20260918,20260918
20260918,688776.SH,国光电气,801745.SI,军工电子Ⅱ,L2,20,20,20,14.0,5.0,9.0,6.0,0.0,0.7,ok,,20260918,20260918
20260918,688788.SH,科思科技,801745.SI,军工电子Ⅱ,L2,20,20,20,14.0,6.0,8.0,6.0,0.0,0.7,ok,,20260918,20260918
20260918,600633.SH,浙数文化,801764.SI,游戏Ⅱ,L2,20,20,20,14.0,7.0,7.0,6.0,0.0,0.7,ok,,20260918,20260918
20260918,603444.SH,吉比特,801764.SI,游戏Ⅱ,L2,20,20,20,14.0,6.0,8.0,6.0,0.0,0.7,ok,,20260918,20260918
20260918,605168.SH,三人行,801765.SI,广告营销,L2,20,20,20,14.0,9.0,5.0,6.0,0.0,0.7,ok,,20260918,20260918
20260918,001330.SZ,博纳影业,801766.SI,影视院线,L2,20,20,20,14.0,8.0,6.0,6.0,0.0,0.7,ok,,20260918,20260918
20260918,301299.SZ,卓创资讯,801767.SI,数字媒体,L2,20,20,20,14.0,9.0,5.0,6.0,0.0,0.7,ok,,20260918,20260918
20260918,600825.SH,新华传媒,801769.SI,出版,L2,20,20,10,7.0,4.0,3.0,3.0,10.0,0.7,ok,,20260918,20260918
20260918,601019.SH,山东出版,801769.SI,出版,L2,20,20,20,14.0,7.0,7.0,6.0,0.0,0.7,ok,,20260918,20260918
20260918,601949.SH,中国出版,801769.SI,出版,L2,20,20,20,14.0,9.0,5.0,6.0,0.0,0.7,ok,,20260918,20260918
20260918,000913.SZ,钱江摩托,801881.SI,摩托车及其他,L2,20,20,20,14.0,6.0,8.0,6.0,0.0,0.7,ok,,20260918,20260918
20260918,301345.SZ,涛涛车业,801881.SI,摩托车及其他,L2,20,20,20,14.0,6.0,8.0,6.0,0.0,0.7,ok,,20260918,20260918
20260918,603129.SH,春风动力,801881.SI,摩托车及其他,L2,20,20,20,14.0,6.0,8.0,6.0,0.0,0.7,ok,,20260918,20260918
20260918,601918.SH,新集能源,801951.SI,煤炭开采,L2,20,20,20,14.0,5.0,9.0,6.0,0.0,0.7,ok,,20260918,20260918
20260918,300191.SZ,潜能恒信,801962.SI,油服工程,L2,20,20,20,14.0,7.0,7.0,6.0,0.0,0.7,ok,,20260918,20260918
20260918,600583.SH,海油工程,801962.SI,油服工程,L2,20,20,20,14.0,7.0,7.0,6.0,0.0,0.7,ok,,20260918,20260918
20260918,000059.SZ,华锦股份,801963.SI,炼化及贸易,L2,20,20,20,14.0,4.0,10.0,6.0,0.0,0.7,ok,,20260918,20260918
20260918,002778.SZ,中晟高科,801971.SI,环境治理,L2,20,20,20,14.0,7.0,7.0,6.0,0.0,0.7,ok,,20260918,20260918
20260918,002887.SZ,绿茵生态,801971.SI,环境治理,L2,20,20,20,14.0,6.0,8.0,6.0,0.0,0.7,ok,,20260918,20260918
20260918,300614.SZ,百川畅银,801971.SI,环境治理,L2,20,20,20,14.0,6.0,8.0,6.0,0.0,0.7,ok,,20260918,20260918
20260918,300929.SZ,华骐环保,801971.SI,环境治理,L2,20,20,20,14.0,7.0,7.0,6.0,0.0,0.7,ok,,20260918,20260918
20260918,301127.SZ,武汉天源,801971.SI,环境治理,L2,20,20,20,14.0,7.0,7.0,6.0,0.0,0.7,ok,,20260918,20260918
20260918,301148.SZ,嘉戎技术,801971.SI,环境治理,L2,20,20,20,14.0,8.0,6.0,6.0,0.0,0.7,ok,,20260918,20260918
20260918,301500.SZ,飞南资源,801971.SI,环境治理,L2,20,20,20,14.0,8.0,6.0,6.0,0.0,0.7,ok,,20260918,20260918
20260918,600217.SH,中再资环,801971.SI,环境治理,L2,20,20,20,14.0,7.0,7.0,6.0,0.0,0.7,ok,,20260918,20260918
20260918,600292.SH,电投水电,801971.SI,环境治理,L2,20,20,20,14.0,7.0,7.0,6.0,0.0,0.7,ok,,20260918,20260918
20260918,600769.SH,祥龙电业,801971.SI,环境治理,L2,20,20,20,14.0,8.0,6.0,6.0,0.0,0.7,ok,,20260918,20260918
20260918,601200.SH,上海环境,801971.SI,环境治理,L2,20,20,20,14.0,7.0,7.0,6.0,0.0,0.7,ok,,20260918,20260918
20260918,601368.SH,绿城水务,801971.SI,环境治理,L2,20,20,20,14.0,6.0,8.0,6.0,0.0,0.7,ok,,20260918,20260918
20260918,603200.SH,上海洗霸,801971.SI,环境治理,L2,20,20,20,14.0,7.0,7.0,6.0,0.0,0.7,ok,,20260918,20260918
20260918,603568.SH,伟明环保,801971.SI,环境治理,L2,20,20,20,14.0,6.0,8.0,6.0,0.0,0.7,ok,,20260918,20260918
20260918,603588.SH,高能环境,801971.SI,环境治理,L2,20,20,20,14.0,7.0,7.0,6.0,0.0,0.7,ok,,20260918,20260918
20260918,688565.SH,力源科技,801971.SI,环境治理,L2,20,20,20,14.0,7.0,7.0,6.0,0.0,0.7,ok,,20260918,20260918
20260918,002658.SZ,雪迪龙,801972.SI,环保设备Ⅱ,L2,20,20,20,14.0,6.0,8.0,6.0,0.0,0.7,ok,,20260918,20260918
20260918,600388.SH,紫金龙净,801972.SI,环保设备Ⅱ,L2,20,20,20,14.0,6.0,8.0,6.0,0.0,0.7,ok,,20260918,20260918
20260918,600223.SH,福瑞达,801982.SI,化妆品,L2,20,20,20,14.0,7.0,7.0,6.0,0.0,0.7,ok,,20260918,20260918
20260918,600315.SH,上海家化,801982.SI,化妆品,L2,20,20,20,14.0,7.0,7.0,6.0,0.0,0.7,ok,,20260918,20260918
20260918,603983.SH,丸美生物,801982.SI,化妆品,L2,20,20,20,14.0,8.0,6.0,6.0,0.0,0.7,ok,,20260918,20260918
20260918,920165.BJ,珈凯生物,801982.SI,化妆品,L2,20,20,20,14.0,5.0,9.0,6.0,0.0,0.7,ok,,20260918,20260918
20260918,920176.BJ,维琪科,801982.SI,化妆品,L2,20,20,20,14.0,6.0,8.0,6.0,0.0,0.7,ok,,20260918,20260918
20260918,002040.SZ,南京港,801992.SI,航运港口,L2,20,20,20,14.0,6.0,8.0,6.0,0.0,0.7,ok,,20260918,20260918
20260918,600428.SH,中远海特,801992.SI,航运港口,L2,20,20,20,14.0,6.0,8.0,6.0,0.0,0.7,ok,,20260918,20260918
20260918,601083.SH,锦江航运,801992.SI,航运港口,L2,20,20,20,14.0,6.0,8.0,6.0,0.0,0.7,ok,,20260918,20260918
20260918,601919.SH,中远海控,801992.SI,航运港口,L2,20,20,20,14.0,5.0,9.0,6.0,0.0,0.7,ok,,20260918,20260918
20260918,601975.SH,招商南油,801992.SI,航运港口,L2,20,20,20,14.0,8.0,6.0,6.0,0.0,0.7,ok,,20260918,20260918
20260918,603162.SH,海通发展,801992.SI,航运港口,L2,20,20,20,14.0,5.0,9.0,6.0,0.0,0.7,ok,,20260918,20260918
20260918,920571.BJ,国航远洋,801992.SI,航运港口,L2,20,20,20,14.0,6.0,8.0,6.0,0.0,0.7,ok,,20260918,20260918
20260918,000524.SZ,岭南控股,801993.SI,旅游及景区,L2,20,20,20,14.0,8.0,6.0,6.0,0.0,0.7,ok,,20260918,20260918
20260918,600749.SH,西藏旅游,801993.SI,旅游及景区,L2,20,20,20,14.0,8.0,6.0,6.0,0.0,0.7,ok,,20260918,20260918
20260918,603199.SH,九华旅游,801993.SI,旅游及景区,L2,20,20,20,14.0,9.0,5.0,6.0,0.0,0.7,ok,,20260918,20260918
20260918,000526.SZ,学大教育,801994.SI,教育,L2,20,20,20,14.0,9.0,5.0,6.0,0.0,0.7,ok,,20260918,20260918
20260918,300359.SZ,全通教育,801994.SI,教育,L2,20,20,20,14.0,9.0,5.0,6.0,0.0,0.7,ok,,20260918,20260918
20260918,600661.SH,昂立教育,801994.SI,教育,L2,20,20,20,14.0,9.0,5.0,6.0,0.0,0.7,ok,,20260918,20260918
20260918,301390.SZ,经纬股份,801726.SI,工程咨询服务Ⅱ,L2,20,20,16,11.0,8.0,3.0,5.0,4.0,0.6875,ok,,20260918,20260918
20260918,603357.SH,设计总院,801726.SI,工程咨询服务Ⅱ,L2,20,20,16,11.0,5.0,6.0,5.0,4.0,0.6875,ok,,20260918,20260918
20260918,002255.SZ,海陆重工,801733.SI,其他电源设备Ⅱ,L2,20,20,16,11.0,4.0,7.0,5.0,4.0,0.6875,ok,,20260918,20260918
20260918,600725.SH,云维股份,801952.SI,焦炭Ⅱ,L2,20,20,16,11.0,6.0,5.0,5.0,4.0,0.6875,ok,,20260918,20260918
20260918,002286.SZ,保龄宝,801012.SI,农产品加工,L2,20,20,19,13.0,8.0,5.0,6.0,1.0,0.6842105263157895,ok,,20260918,20260918
20260918,603717.SH,天域生物,801017.SI,养殖业,L2,20,20,19,13.0,7.0,6.0,6.0,1.0,0.6842105263157895,ok,,20260918,20260918
20260918,600319.SH,亚星化学,801033.SI,化学原料,L2,20,20,19,13.0,8.0,5.0,6.0,1.0,0.6842105263157895,ok,,20260918,20260918
20260918,600727.SH,鲁北化工,801033.SI,化学原料,L2,20,20,19,13.0,7.0,6.0,6.0,1.0,0.6842105263157895,ok,,20260918,20260918
20260918,002453.SZ,华软科技,801034.SI,化学制品,L2,20,20,19,13.0,7.0,6.0,6.0,1.0,0.6842105263157895,ok,,20260918,20260918
20260918,301100.SZ,风光股份,801034.SI,化学制品,L2,20,20,19,13.0,6.0,7.0,6.0,1.0,0.6842105263157895,ok,,20260918,20260918
20260918,600352.SH,浙江龙盛,801034.SI,化学制品,L2,20,20,19,13.0,7.0,6.0,6.0,1.0,0.6842105263157895,ok,,20260918,20260918
20260918,603172.SH,万丰股份,801034.SI,化学制品,L2,20,20,19,13.0,6.0,7.0,6.0,1.0,0.6842105263157895,ok,,20260918,20260918
20260918,603722.SH,阿科力,801034.SI,化学制品,L2,20,20,19,13.0,6.0,7.0,6.0,1.0,0.6842105263157895,ok,,20260918,20260918
20260918,688602.SH,康鹏科技,801034.SI,化学制品,L2,20,20,19,13.0,6.0,7.0,6.0,1.0,0.6842105263157895,ok,,20260918,20260918
20260918,000920.SZ,沃顿科技,801036.SI,塑料,L2,20,20,19,13.0,7.0,6.0,6.0,1.0,0.6842105263157895,ok,,20260918,20260918
20260918,002263.SZ,大东南,801036.SI,塑料,L2,20,20,19,13.0,7.0,6.0,6.0,1.0,0.6842105263157895,ok,,20260918,20260918
20260918,002522.SZ,浙江众成,801036.SI,塑料,L2,20,20,19,13.0,8.0,5.0,6.0,1.0,0.6842105263157895,ok,,20260918,20260918
20260918,301019.SZ,宁波色母,801036.SI,塑料,L2,20,20,19,13.0,7.0,6.0,6.0,1.0,0.6842105263157895,ok,,20260918,20260918
20260918,301092.SZ,争光股份,801036.SI,塑料,L2,20,20,19,13.0,5.0,8.0,6.0,1.0,0.6842105263157895,ok,,20260918,20260918
20260918,301216.SZ,万凯新材,801036.SI,塑料,L2,20,20,19,13.0,6.0,7.0,6.0,1.0,0.6842105263157895,ok,,20260918,20260918
20260918,301565.SZ,中仑新材,801036.SI,塑料,L2,20,20,19,13.0,6.0,7.0,6.0,1.0,0.6842105263157895,ok,,20260918,20260918
20260918,300320.SZ,海达股份,801037.SI,橡胶,L2,20,20,19,13.0,5.0,8.0,6.0,1.0,0.6842105263157895,ok,,20260918,20260918
20260918,920098.BJ,科隆新材,801037.SI,橡胶,L2,20,20,19,13.0,6.0,7.0,6.0,1.0,0.6842105263157895,ok,,20260918,20260918
20260918,000525.SZ,红太阳,801038.SI,农化制品,L2,20,20,19,13.0,7.0,6.0,6.0,1.0,0.6842105263157895,ok,,20260918,20260918
20260918,002391.SZ,长青股份,801038.SI,农化制品,L2,20,20,19,13.0,6.0,7.0,6.0,1.0,0.6842105263157895,ok,,20260918,20260918
20260918,002496.SZ,辉丰股份,801038.SI,农化制品,L2,20,20,19,13.0,6.0,7.0,6.0,1.0,0.6842105263157895,ok,,20260918,20260918
20260918,002513.SZ,蓝丰生化,801038.SI,农化制品,L2,20,20,19,13.0,6.0,7.0,6.0,1.0,0.6842105263157895,ok,,20260918,20260918
20260918,603599.SH,广信股份,801038.SI,农化制品,L2,20,20,19,13.0,6.0,7.0,6.0,1.0,0.6842105263157895,ok,,20260918,20260918
20260918,300306.SZ,远方信息,801072.SI,通用设备,L2,20,20,19,13.0,6.0,7.0,6.0,1.0,0.6842105263157895,ok,,20260918,20260918
20260918,300466.SZ,赛摩智能,801072.SI,通用设备,L2,20,20,19,13.0,5.0,8.0,6.0,1.0,0.6842105263157895,ok,,20260918,20260918
20260918,002209.SZ,达意隆,801074.SI,专用设备,L2,20,20,19,13.0,6.0,7.0,6.0,1.0,0.6842105263157895,ok,,20260918,20260918
20260918,002757.SZ,南兴股份,801074.SI,专用设备,L2,20,20,19,13.0,7.0,6.0,6.0,1.0,0.6842105263157895,ok,,20260918,20260918
20260918,301598.SZ,博科测试,801074.SI,专用设备,L2,20,20,19,13.0,6.0,7.0,6.0,1.0,0.6842105263157895,ok,,20260918,20260918
20260918,600444.SH,国机通用,801074.SI,专用设备,L2,20,20,19,13.0,5.0,8.0,6.0,1.0,0.6842105263157895,ok,,20260918,20260918
20260918,603391.SH,力聚热能,801074.SI,专用设备,L2,20,20,19,13.0,5.0,8.0,6.0,1.0,0.6842105263157895,ok,,20260918,20260918
20260918,603488.SH,展鹏科技,801074.SI,专用设备,L2,20,20,19,13.0,5.0,8.0,6.0,1.0,0.6842105263157895,ok,,20260918,20260918
20260918,603956.SH,威派格,801074.SI,专用设备,L2,20,20,19,13.0,6.0,7.0,6.0,1.0,0.6842105263157895,ok,,20260918,20260918
20260918,920553.BJ,凯腾精工,801074.SI,专用设备,L2,20,20,19,13.0,5.0,8.0,6.0,1.0,0.6842105263157895,ok,,20260918,20260918
20260918,301048.SZ,金鹰重工,801076.SI,轨交设备Ⅱ,L2,20,20,19,13.0,8.0,5.0,6.0,1.0,0.6842105263157895,ok,,20260918,20260918
20260918,601766.SH,中国中车,801076.SI,轨交设备Ⅱ,L2,20,20,19,13.0,8.0,5.0,6.0,1.0,0.6842105263157895,ok,,20260918,20260918
20260918,300484.SZ,蓝海华腾,801078.SI,自动化设备,L2,20,20,19,13.0,6.0,7.0,6.0,1.0,0.6842105263157895,ok,,20260918,20260918
20260918,600215.SH,派斯林,801078.SI,自动化设备,L2,20,20,19,13.0,5.0,8.0,6.0,1.0,0.6842105263157895,ok,,20260918,20260918
20260918,688230.SH,芯导科技,801081.SI,半导体,L2,20,20,19,13.0,5.0,8.0,6.0,1.0,0.6842105263157895,ok,,20260918,20260918
20260918,688593.SH,新相微,801081.SI,半导体,L2,20,20,19,13.0,4.0,9.0,6.0,1.0,0.6842105263157895,ok,,20260918,20260918
20260918,688608.SH,恒玄科技,801081.SI,半导体,L2,20,20,19,13.0,5.0,8.0,6.0,1.0,0.6842105263157895,ok,,20260918,20260918
20260918,688711.SH,宏微科技,801081.SI,半导体,L2,20,20,19,13.0,5.0,8.0,6.0,1.0,0.6842105263157895,ok,,20260918,20260918
20260918,920138.BJ,杰理科技,801081.SI,半导体,L2,20,20,19,13.0,5.0,8.0,6.0,1.0,0.6842105263157895,ok,,20260918,20260918
20260918,920139.BJ,华岭股份,801081.SI,半导体,L2,20,20,19,13.0,5.0,8.0,6.0,1.0,0.6842105263157895,ok,,20260918,20260918
20260918,300991.SZ,创益通,801082.SI,其他电子Ⅱ,L2,20,20,19,13.0,5.0,8.0,6.0,1.0,0.6842105263157895,ok,,20260918,20260918
20260918,002387.SZ,维信诺,801084.SI,光学光电子,L2,20,20,19,13.0,5.0,8.0,6.0,1.0,0.6842105263157895,ok,,20260918,20260918
20260918,002952.SZ,亚世光电,801084.SI,光学光电子,L2,20,20,19,13.0,5.0,8.0,6.0,1.0,0.6842105263157895,ok,,20260918,20260918
20260918,002351.SZ,漫步者,801085.SI,消费电子,L2,20,20,19,13.0,6.0,7.0,6.0,1.0,0.6842105263157895,ok,,20260918,20260918
20260918,300784.SZ,利安科技,801085.SI,消费电子,L2,20,20,19,13.0,7.0,6.0,6.0,1.0,0.6842105263157895,ok,,20260918,20260918
20260918,000030.SZ,富奥股份,801093.SI,汽车零部件,L2,20,20,19,13.0,5.0,8.0,6.0,1.0,0.6842105263157895,ok,,20260918,20260918
20260918,001365.SZ,天海电子,801093.SI,汽车零部件,L2,20,20,19,13.0,7.0,6.0,6.0,1.0,0.6842105263157895,ok,,20260918,20260918
20260918,002328.SZ,新朋股份,801093.SI,汽车零部件,L2,20,20,19,13.0,6.0,7.0,6.0,1.0,0.6842105263157895,ok,,20260918,20260918
20260918,002434.SZ,万里扬,801093.SI,汽车零部件,L2,20,20,19,13.0,6.0,7.0,6.0,1.0,0.6842105263157895,ok,,20260918,20260918
20260918,300707.SZ,威唐工业,801093.SI,汽车零部件,L2,20,20,19,13.0,6.0,7.0,6.0,1.0,0.6842105263157895,ok,,20260918,20260918
20260918,300926.SZ,博俊科技,801093.SI,汽车零部件,L2,20,20,19,13.0,5.0,8.0,6.0,1.0,0.6842105263157895,ok,,20260918,20260918
20260918,603121.SH,华培动力,801093.SI,汽车零部件,L2,20,20,19,13.0,6.0,7.0,6.0,1.0,0.6842105263157895,ok,,20260918,20260918
20260918,603596.SH,伯特利,801093.SI,汽车零部件,L2,20,20,19,13.0,7.0,6.0,6.0,1.0,0.6842105263157895,ok,,20260918,20260918
20260918,603767.SH,中马传动,801093.SI,汽车零部件,L2,20,20,19,13.0,4.0,9.0,6.0,1.0,0.6842105263157895,ok,,20260918,20260918
20260918,000868.SZ,安凯客车,801096.SI,商用车,L2,20,20,19,13.0,6.0,7.0,6.0,1.0,0.6842105263157895,ok,,20260918,20260918
20260918,002177.SZ,御银股份,801101.SI,计算机设备,L2,20,20,19,13.0,5.0,8.0,6.0,1.0,0.6842105263157895,ok,,20260918,20260918
20260918,002376.SZ,新北洋,801101.SI,计算机设备,L2,20,20,19,13.0,5.0,8.0,6.0,1.0,0.6842105263157895,ok,,20260918,20260918
20260918,300275.SZ,梅安森,801101.SI,计算机设备,L2,20,20,19,13.0,5.0,8.0,6.0,1.0,0.6842105263157895,ok,,20260918,20260918
20260918,000063.SZ,中兴通讯,801102.SI,通信设备,L2,20,20,19,13.0,5.0,8.0,6.0,1.0,0.6842105263157895,ok,,20260918,20260918
20260918,000070.SZ,特发信息,801102.SI,通信设备,L2,20,20,19,13.0,6.0,7.0,6.0,1.0,0.6842105263157895,ok,,20260918,20260918
20260918,002313.SZ,日海智能,801102.SI,通信设备,L2,20,20,19,13.0,4.0,9.0,6.0,1.0,0.6842105263157895,ok,,20260918,20260918
20260918,002491.SZ,通鼎互联,801102.SI,通信设备,L2,20,20,19,13.0,6.0,7.0,6.0,1.0,0.6842105263157895,ok,,20260918,20260918
20260918,002792.SZ,通宇通讯,801102.SI,通信设备,L2,20,20,19,13.0,5.0,8.0,6.0,1.0,0.6842105263157895,ok,,20260918,20260918
20260918,002796.SZ,世嘉科技,801102.SI,通信设备,L2,20,20,19,13.0,5.0,8.0,6.0,1.0,0.6842105263157895,ok,,20260918,20260918
20260918,003031.SZ,中瓷电子,801102.SI,通信设备,L2,20,20,19,13.0,5.0,8.0,6.0,1.0,0.6842105263157895,ok,,20260918,20260918
20260918,300394.SZ,天孚通信,801102.SI,通信设备,L2,20,20,19,13.0,5.0,8.0,6.0,1.0,0.6842105263157895,ok,,20260918,20260918
20260918,300590.SZ,移为通信,801102.SI,通信设备,L2,20,20,19,13.0,6.0,7.0,6.0,1.0,0.6842105263157895,ok,,20260918,20260918
20260918,300638.SZ,广和通,801102.SI,通信设备,L2,20,20,19,13.0,5.0,8.0,6.0,1.0,0.6842105263157895,ok,,20260918,20260918
20260918,300698.SZ,万马科技,801102.SI,通信设备,L2,20,20,19,13.0,6.0,7.0,6.0,1.0,0.6842105263157895,ok,,20260918,20260918
20260918,300913.SZ,兆龙互连,801102.SI,通信设备,L2,20,20,19,13.0,5.0,8.0,6.0,1.0,0.6842105263157895,ok,,20260918,20260918
20260918,301191.SZ,菲菱科思,801102.SI,通信设备,L2,20,20,19,13.0,5.0,8.0,6.0,1.0,0.6842105263157895,ok,,20260918,20260918
20260918,301307.SZ,美利信,801102.SI,通信设备,L2,20,20,19,13.0,6.0,7.0,6.0,1.0,0.6842105263157895,ok,,20260918,20260918
20260918,600198.SH,大唐电信,801102.SI,通信设备,L2,20,20,19,13.0,6.0,7.0,6.0,1.0,0.6842105263157895,ok,,20260918,20260918
20260918,600776.SH,东方通信,801102.SI,通信设备,L2,20,20,19,13.0,6.0,7.0,6.0,1.0,0.6842105263157895,ok,,20260918,20260918
20260918,603042.SH,华脉科技,801102.SI,通信设备,L2,20,20,19,13.0,6.0,7.0,6.0,1.0,0.6842105263157895,ok,,20260918,20260918
20260918,603118.SH,共进股份,801102.SI,通信设备,L2,20,20,19,13.0,5.0,8.0,6.0,1.0,0.6842105263157895,ok,,20260918,20260918
20260918,603803.SH,瑞斯康达,801102.SI,通信设备,L2,20,20,19,13.0,6.0,7.0,6.0,1.0,0.6842105263157895,ok,,20260918,20260918
20260918,688143.SH,长盈通,801102.SI,通信设备,L2,20,20,19,13.0,7.0,6.0,6.0,1.0,0.6842105263157895,ok,,20260918,20260918
20260918,688182.SH,灿勤科技,801102.SI,通信设备,L2,20,20,19,13.0,6.0,7.0,6.0,1.0,0.6842105263157895,ok,,20260918,20260918
20260918,688205.SH,德科立,801102.SI,通信设备,L2,20,20,19,13.0,6.0,7.0,6.0,1.0,0.6842105263157895,ok,,20260918,20260918
20260918,688635.SH,长进光子,801102.SI,通信设备,L2,20,20,19,13.0,5.0,8.0,6.0,1.0,0.6842105263157895,ok,,20260918,20260918
20260918,920249.BJ,利尔达,801102.SI,通信设备,L2,20,20,19,13.0,6.0,7.0,6.0,1.0,0.6842105263157895,ok,,20260918,20260918
20260918,920640.BJ,富士达,801102.SI,通信设备,L2,20,20,19,13.0,6.0,7.0,6.0,1.0,0.6842105263157895,ok,,20260918,20260918
20260918,000409.SZ,云鼎科技,801103.SI,IT服务Ⅱ,L2,20,20,19,13.0,6.0,7.0,6.0,1.0,0.6842105263157895,ok,,20260918,20260918
20260918,300399.SZ,天利科技,801103.SI,IT服务Ⅱ,L2,20,20,19,13.0,5.0,8.0,6.0,1.0,0.6842105263157895,ok,,20260918,20260918
20260918,300682.SZ,朗新科技,801103.SI,IT服务Ⅱ,L2,20,20,19,13.0,5.0,8.0,6.0,1.0,0.6842105263157895,ok,,20260918,20260918
20260918,301178.SZ,天亿马,801103.SI,IT服务Ⅱ,L2,20,20,19,13.0,4.0,9.0,6.0,1.0,0.6842105263157895,ok,,20260918,20260918
20260918,301236.SZ,软通动力,801103.SI,IT服务Ⅱ,L2,20,20,19,13.0,6.0,7.0,6.0,1.0,0.6842105263157895,ok,,20260918,20260918
20260918,301316.SZ,慧博云通,801103.SI,IT服务Ⅱ,L2,20,20,19,13.0,4.0,9.0,6.0,1.0,0.6842105263157895,ok,,20260918,20260918
20260918,301556.SZ,托普云农,801103.SI,IT服务Ⅱ,L2,20,20,19,13.0,5.0,8.0,6.0,1.0,0.6842105263157895,ok,,20260918,20260918
20260918,600446.SH,金证股份,801103.SI,IT服务Ⅱ,L2,20,20,19,13.0,5.0,8.0,6.0,1.0,0.6842105263157895,ok,,20260918,20260918
20260918,600571.SH,信雅达,801103.SI,IT服务Ⅱ,L2,20,20,19,13.0,5.0,8.0,6.0,1.0,0.6842105263157895,ok,,20260918,20260918
20260918,603887.SH,城地香江,801103.SI,IT服务Ⅱ,L2,20,20,19,13.0,5.0,8.0,6.0,1.0,0.6842105263157895,ok,,20260918,20260918
20260918,603918.SH,金桥信息,801103.SI,IT服务Ⅱ,L2,20,20,19,13.0,7.0,6.0,6.0,1.0,0.6842105263157895,ok,,20260918,20260918
20260918,003029.SZ,吉大正元,801104.SI,软件开发,L2,20,20,19,13.0,7.0,6.0,6.0,1.0,0.6842105263157895,ok,,20260918,20260918
20260918,300663.SZ,科蓝软件,801104.SI,软件开发,L2,20,20,19,13.0,4.0,9.0,6.0,1.0,0.6842105263157895,ok,,20260918,20260918
20260918,603528.SH,多伦科技,801104.SI,软件开发,L2,20,20,19,13.0,6.0,7.0,6.0,1.0,0.6842105263157895,ok,,20260918,20260918
20260918,002429.SZ,兆驰股份,801112.SI,黑色家电,L2,20,20,19,13.0,6.0,7.0,6.0,1.0,0.6842105263157895,ok,,20260918,20260918
20260918,002848.SZ,高斯贝尔,801112.SI,黑色家电,L2,20,20,19,13.0,8.0,5.0,6.0,1.0,0.6842105263157895,ok,,20260918,20260918
20260918,300894.SZ,火星人,801114.SI,厨卫电器,L2,20,20,19,13.0,7.0,6.0,6.0,1.0,0.6842105263157895,ok,,20260918,20260918
20260918,603366.SH,日出东方,801114.SI,厨卫电器,L2,20,20,19,13.0,8.0,5.0,6.0,1.0,0.6842105263157895,ok,,20260918,20260918
20260918,920641.BJ,格利尔,801115.SI,照明设备Ⅱ,L2,20,20,19,13.0,6.0,7.0,6.0,1.0,0.6842105263157895,ok,,20260918,20260918
20260918,002011.SZ,盾安环境,801116.SI,家电零部件Ⅱ,L2,20,20,19,13.0,9.0,4.0,6.0,1.0,0.6842105263157895,ok,,20260918,20260918
20260918,002676.SZ,顺威股份,801116.SI,家电零部件Ⅱ,L2,20,20,19,13.0,6.0,7.0,6.0,1.0,0.6842105263157895,ok,,20260918,20260918
20260918,920768.BJ,拾比佰,801116.SI,家电零部件Ⅱ,L2,20,20,19,13.0,7.0,6.0,6.0,1.0,0.6842105263157895,ok,,20260918,20260918
20260918,002646.SZ,天佑德酒,801125.SI,白酒Ⅱ,L2,20,20,19,13.0,5.0,8.0,6.0,1.0,0.6842105263157895,ok,,20260918,20260918
20260918,600197.SH,伊力特,801125.SI,白酒Ⅱ,L2,20,20,19,13.0,5.0,8.0,6.0,1.0,0.6842105263157895,ok,,20260918,20260918
20260918,600189.SH,泉阳泉,801127.SI,饮料乳品,L2,20,20,19,13.0,7.0,6.0,6.0,1.0,0.6842105263157895,ok,,20260918,20260918
20260918,600887.SH,伊利股份,801127.SI,饮料乳品,L2,20,20,19,13.0,7.0,6.0,6.0,1.0,0.6842105263157895,ok,,20260918,20260918
20260918,002557.SZ,洽洽食品,801128.SI,休闲食品,L2,20,20,19,13.0,6.0,7.0,6.0,1.0,0.6842105263157895,ok,,20260918,20260918
20260918,603777.SH,来伊份,801128.SI,休闲食品,L2,20,20,19,13.0,8.0,5.0,6.0,1.0,0.6842105263157895,ok,,20260918,20260918
20260918,603866.SH,桃李面包,801128.SI,休闲食品,L2,20,20,19,13.0,7.0,6.0,6.0,1.0,0.6842105263157895,ok,,20260918,20260918
20260918,600186.SH,莲花控股,801129.SI,调味发酵品Ⅱ,L2,20,20,19,13.0,7.0,6.0,6.0,1.0,0.6842105263157895,ok,,20260918,20260918
20260918,603055.SH,台华新材,801131.SI,纺织制造,L2,20,20,19,13.0,8.0,5.0,6.0,1.0,0.6842105263157895,ok,,20260918,20260918
20260918,603001.SH,奥康国际,801132.SI,服装家纺,L2,20,20,19,13.0,9.0,4.0,6.0,1.0,0.6842105263157895,ok,,20260918,20260918
20260918,600916.SH,中国黄金,801133.SI,饰品,L2,20,20,19,13.0,6.0,7.0,6.0,1.0,0.6842105263157895,ok,,20260918,20260918
20260918,605007.SH,五洲特纸,801143.SI,造纸,L2,20,20,19,13.0,6.0,7.0,6.0,1.0,0.6842105263157895,ok,,20260918,20260918
20260918,300329.SZ,海伦钢琴,801145.SI,文娱用品,L2,20,20,19,13.0,6.0,7.0,6.0,1.0,0.6842105263157895,ok,,20260918,20260918
20260918,000953.SZ,中哲精化,801151.SI,化学制药,L2,20,20,19,13.0,6.0,7.0,6.0,1.0,0.6842105263157895,ok,,20260918,20260918
20260918,301301.SZ,川宁生物,801151.SI,化学制药,L2,20,20,19,13.0,5.0,8.0,6.0,1.0,0.6842105263157895,ok,,20260918,20260918
20260918,600380.SH,健康元,801151.SI,化学制药,L2,20,20,19,13.0,6.0,7.0,6.0,1.0,0.6842105263157895,ok,,20260918,20260918
20260918,601089.SH,福元医药,801151.SI,化学制药,L2,20,20,19,13.0,6.0,7.0,6.0,1.0,0.6842105263157895,ok,,20260918,20260918
20260918,920946.BJ,森萱医药,801151.SI,化学制药,L2,20,20,19,13.0,7.0,6.0,6.0,1.0,0.6842105263157895,ok,,20260918,20260918
20260918,300832.SZ,新产业,801153.SI,医疗器械,L2,20,20,19,13.0,6.0,7.0,6.0,1.0,0.6842105263157895,ok,,20260918,20260918
20260918,688029.SH,南微医学,801153.SI,医疗器械,L2,20,20,19,13.0,7.0,6.0,6.0,1.0,0.6842105263157895,ok,,20260918,20260918
20260918,920300.BJ,辰光医疗,801153.SI,医疗器械,L2,20,20,19,13.0,7.0,6.0,6.0,1.0,0.6842105263157895,ok,,20260918,20260918
20260918,000423.SZ,东阿阿胶,801155.SI,中药Ⅱ,L2,20,20,19,13.0,4.0,9.0,6.0,1.0,0.6842105263157895,ok,,20260918,20260918
20260918,000590.SZ,古汉医药,801155.SI,中药Ⅱ,L2,20,20,19,13.0,6.0,7.0,6.0,1.0,0.6842105263157895,ok,,20260918,20260918
20260918,002566.SZ,益盛药业,801155.SI,中药Ⅱ,L2,20,20,19,13.0,6.0,7.0,6.0,1.0,0.6842105263157895,ok,,20260918,20260918
20260918,600566.SH,济川药业,801155.SI,中药Ⅱ,L2,20,20,19,13.0,7.0,6.0,6.0,1.0,0.6842105263157895,ok,,20260918,20260918
20260918,301267.SZ,华厦眼科,801156.SI,医疗服务,L2,20,20,19,13.0,5.0,8.0,6.0,1.0,0.6842105263157895,ok,,20260918,20260918
20260918,603882.SH,金域医学,801156.SI,医疗服务,L2,20,20,19,13.0,4.0,9.0,6.0,1.0,0.6842105263157895,ok,,20260918,20260918
20260918,001896.SZ,豫能控股,801161.SI,电力,L2,20,20,19,13.0,6.0,7.0,6.0,1.0,0.6842105263157895,ok,,20260918,20260918
20260918,002893.SZ,京能热力,801161.SI,电力,L2,20,20,19,13.0,6.0,7.0,6.0,1.0,0.6842105263157895,ok,,20260918,20260918
20260918,600023.SH,浙能电力,801161.SI,电力,L2,20,20,19,13.0,8.0,5.0,6.0,1.0,0.6842105263157895,ok,,20260918,20260918
20260918,600052.SH,东望时代,801161.SI,电力,L2,20,20,19,13.0,6.0,7.0,6.0,1.0,0.6842105263157895,ok,,20260918,20260918
20260918,600642.SH,申能股份,801161.SI,电力,L2,20,20,19,13.0,7.0,6.0,6.0,1.0,0.6842105263157895,ok,,20260918,20260918
20260918,600681.SH,百川能源,801163.SI,燃气Ⅱ,L2,20,20,19,13.0,8.0,5.0,6.0,1.0,0.6842105263157895,ok,,20260918,20260918
20260918,002120.SZ,韵达股份,801178.SI,物流,L2,20,20,19,13.0,8.0,5.0,6.0,1.0,0.6842105263157895,ok,,20260918,20260918
20260918,002769.SZ,普路通,801178.SI,物流,L2,20,20,19,13.0,7.0,6.0,6.0,1.0,0.6842105263157895,ok,,20260918,20260918
20260918,000557.SZ,西部创业,801179.SI,铁路公路,L2,20,20,19,13.0,7.0,6.0,6.0,1.0,0.6842105263157895,ok,,20260918,20260918
20260918,600611.SH,大众交通,801179.SI,铁路公路,L2,20,20,19,13.0,7.0,6.0,6.0,1.0,0.6842105263157895,ok,,20260918,20260918
20260918,600510.SH,黑牡丹,801181.SI,房地产开发,L2,20,20,19,13.0,6.0,7.0,6.0,1.0,0.6842105263157895,ok,,20260918,20260918
20260918,000166.SZ,申万宏源,801193.SI,证券Ⅱ,L2,20,20,19,13.0,8.0,5.0,6.0,1.0,0.6842105263157895,ok,,20260918,20260918
20260918,601136.SH,首创证券,801193.SI,证券Ⅱ,L2,20,20,19,13.0,6.0,7.0,6.0,1.0,0.6842105263157895,ok,,20260918,20260918
20260918,000058.SZ,深赛格,801203.SI,一般零售,L2,20,20,19,13.0,7.0,6.0,6.0,1.0,0.6842105263157895,ok,,20260918,20260918
20260918,002177.SZ,御银股份,801203.SI,一般零售,L2,20,20,19,13.0,7.0,6.0,6.0,1.0,0.6842105263157895,ok,,20260918,20260918
20260918,600778.SH,友好集团,801203.SI,一般零售,L2,20,20,19,13.0,6.0,7.0,6.0,1.0,0.6842105263157895,ok,,20260918,20260918
20260918,603123.SH,翠微股份,801203.SI,一般零售,L2,20,20,19,13.0,7.0,6.0,6.0,1.0,0.6842105263157895,ok,,20260918,20260918
20260918,002416.SZ,爱施德,801204.SI,专业连锁Ⅱ,L2,20,20,19,13.0,8.0,5.0,6.0,1.0,0.6842105263157895,ok,,20260918,20260918
20260918,002057.SZ,中钢天源,801218.SI,专业服务,L2,20,20,19,13.0,7.0,6.0,6.0,1.0,0.6842105263157895,ok,,20260918,20260918
20260918,002115.SZ,三维通信,801223.SI,通信服务,L2,20,20,19,13.0,4.0,9.0,6.0,1.0,0.6842105263157895,ok,,20260918,20260918
20260918,300383.SZ,光环新网,801223.SI,通信服务,L2,20,20,19,13.0,5.0,8.0,6.0,1.0,0.6842105263157895,ok,,20260918,20260918
20260918,300560.SZ,中富通,801223.SI,通信服务,L2,20,20,19,13.0,4.0,9.0,6.0,1.0,0.6842105263157895,ok,,20260918,20260918
20260918,600050.SH,中国联通,801223.SI,通信服务,L2,20,20,19,13.0,5.0,8.0,6.0,1.0,0.6842105263157895,ok,,20260918,20260918
20260918,603322.SH,超讯科技,801223.SI,通信服务,L2,20,20,19,13.0,6.0,7.0,6.0,1.0,0.6842105263157895,ok,,20260918,20260918
20260918,002613.SZ,北玻股份,801712.SI,玻璃玻纤,L2,20,20,19,13.0,9.0,4.0,6.0,1.0,0.6842105263157895,ok,,20260918,20260918
20260918,603601.SH,再升科技,801712.SI,玻璃玻纤,L2,20,20,19,13.0,8.0,5.0,6.0,1.0,0.6842105263157895,ok,,20260918,20260918
20260918,002333.SZ,罗普斯金,801713.SI,装修建材,L2,20,20,19,13.0,6.0,7.0,6.0,1.0,0.6842105263157895,ok,,20260918,20260918
20260918,920191.BJ,瑞尔竞达,801713.SI,装修建材,L2,20,20,19,13.0,7.0,6.0,6.0,1.0,0.6842105263157895,ok,,20260918,20260918
20260918,002060.SZ,广东建工,801723.SI,基础建设,L2,20,20,19,13.0,6.0,7.0,6.0,1.0,0.6842105263157895,ok,,20260918,20260918
20260918,000065.SZ,北方国际,801724.SI,专业工程,L2,20,20,19,13.0,6.0,7.0,6.0,1.0,0.6842105263157895,ok,,20260918,20260918
20260918,002564.SZ,天沃科技,801724.SI,专业工程,L2,20,20,19,13.0,6.0,7.0,6.0,1.0,0.6842105263157895,ok,,20260918,20260918
20260918,603637.SH,镇海股份,801724.SI,专业工程,L2,20,20,19,13.0,5.0,8.0,6.0,1.0,0.6842105263157895,ok,,20260918,20260918
20260918,605598.SH,上海港湾,801724.SI,专业工程,L2,20,20,19,13.0,6.0,7.0,6.0,1.0,0.6842105263157895,ok,,20260918,20260918
20260918,002176.SZ,江特电机,801731.SI,电机Ⅱ,L2,20,20,19,13.0,5.0,8.0,6.0,1.0,0.6842105263157895,ok,,20260918,20260918
20260918,603350.SH,安乃达,801731.SI,电机Ⅱ,L2,20,20,19,13.0,6.0,7.0,6.0,1.0,0.6842105263157895,ok,,20260918,20260918
20260918,600207.SH,安彩高科,801735.SI,光伏设备,L2,20,20,19,13.0,5.0,8.0,6.0,1.0,0.6842105263157895,ok,,20260918,20260918
20260918,601865.SH,福莱特,801735.SI,光伏设备,L2,20,20,19,13.0,2.0,11.0,6.0,1.0,0.6842105263157895,ok,,20260918,20260918
20260918,603218.SH,日月股份,801736.SI,风电设备,L2,20,20,19,13.0,7.0,6.0,6.0,1.0,0.6842105263157895,ok,,20260918,20260918
20260918,002340.SZ,格林美,801737.SI,电池,L2,20,20,19,13.0,4.0,9.0,6.0,1.0,0.6842105263157895,ok,,20260918,20260918
20260918,300457.SZ,赢合科技,801737.SI,电池,L2,20,20,19,13.0,5.0,8.0,6.0,1.0,0.6842105263157895,ok,,20260918,20260918
20260918,002498.SZ,汉缆股份,801738.SI,电网设备,L2,20,20,19,13.0,6.0,7.0,6.0,1.0,0.6842105263157895,ok,,20260918,20260918
20260918,002546.SZ,新联电子,801738.SI,电网设备,L2,20,20,19,13.0,5.0,8.0,6.0,1.0,0.6842105263157895,ok,,20260918,20260918
20260918,301361.SZ,众智科技,801738.SI,电网设备,L2,20,20,19,13.0,4.0,9.0,6.0,1.0,0.6842105263157895,ok,,20260918,20260918
20260918,002829.SZ,星网宇达,801741.SI,航天装备Ⅱ,L2,20,20,19,13.0,6.0,7.0,6.0,1.0,0.6842105263157895,ok,,20260918,20260918
20260918,002651.SZ,利君股份,801742.SI,航空装备Ⅱ,L2,20,20,19,13.0,8.0,5.0,6.0,1.0,0.6842105263157895,ok,,20260918,20260918
20260918,300775.SZ,三角防务,801742.SI,航空装备Ⅱ,L2,20,20,19,13.0,6.0,7.0,6.0,1.0,0.6842105263157895,ok,,20260918,20260918
20260918,300777.SZ,中简科技,801742.SI,航空装备Ⅱ,L2,20,20,19,13.0,7.0,6.0,6.0,1.0,0.6842105263157895,ok,,20260918,20260918
20260918,688070.SH,纵横股份,801742.SI,航空装备Ⅱ,L2,20,20,19,13.0,7.0,6.0,6.0,1.0,0.6842105263157895,ok,,20260918,20260918
20260918,688586.SH,江航装备,801742.SI,航空装备Ⅱ,L2,20,20,19,13.0,6.0,7.0,6.0,1.0,0.6842105263157895,ok,,20260918,20260918
20260918,600764.SH,中国海防,801744.SI,航海装备Ⅱ,L2,20,20,19,13.0,8.0,5.0,6.0,1.0,0.6842105263157895,ok,,20260918,20260918
20260918,002413.SZ,雷科防务,801745.SI,军工电子Ⅱ,L2,20,20,19,13.0,7.0,6.0,6.0,1.0,0.6842105263157895,ok,,20260918,20260918
20260918,300474.SZ,景嘉微,801745.SI,军工电子Ⅱ,L2,20,20,19,13.0,5.0,8.0,6.0,1.0,0.6842105263157895,ok,,20260918,20260918
20260918,002425.SZ,凯撒文化,801764.SI,游戏Ⅱ,L2,20,20,19,13.0,7.0,6.0,6.0,1.0,0.6842105263157895,ok,,20260918,20260918
20260918,002919.SZ,名臣健康,801764.SI,游戏Ⅱ,L2,20,20,19,13.0,6.0,7.0,6.0,1.0,0.6842105263157895,ok,,20260918,20260918
20260918,603258.SH,电魂网络,801764.SI,游戏Ⅱ,L2,20,20,19,13.0,5.0,8.0,6.0,1.0,0.6842105263157895,ok,,20260918,20260918
20260918,601900.SH,南方传媒,801769.SI,出版,L2,20,20,19,13.0,6.0,7.0,6.0,1.0,0.6842105263157895,ok,,20260918,20260918
20260918,603766.SH,隆鑫通用,801881.SI,摩托车及其他,L2,20,20,19,13.0,7.0,6.0,6.0,1.0,0.6842105263157895,ok,,20260918,20260918
20260918,600925.SH,苏能股份,801951.SI,煤炭开采,L2,20,20,19,13.0,4.0,9.0,6.0,1.0,0.6842105263157895,ok,,20260918,20260918
20260918,600028.SH,中国石化,801963.SI,炼化及贸易,L2,20,20,19,13.0,4.0,9.0,6.0,1.0,0.6842105263157895,ok,,20260918,20260918
20260918,000598.SZ,兴蓉环境,801971.SI,环境治理,L2,20,20,19,13.0,6.0,7.0,6.0,1.0,0.6842105263157895,ok,,20260918,20260918
20260918,000685.SZ,中山公用,801971.SI,环境治理,L2,20,20,19,13.0,7.0,6.0,6.0,1.0,0.6842105263157895,ok,,20260918,20260918
20260918,300388.SZ,节能国祯,801971.SI,环境治理,L2,20,20,19,13.0,6.0,7.0,6.0,1.0,0.6842105263157895,ok,,20260918,20260918
20260918,300422.SZ,博世科,801971.SI,环境治理,L2,20,20,19,13.0,7.0,6.0,6.0,1.0,0.6842105263157895,ok,,20260918,20260918
20260918,301372.SZ,科净源,801971.SI,环境治理,L2,20,20,19,13.0,8.0,5.0,6.0,1.0,0.6842105263157895,ok,,20260918,20260918
20260918,603686.SH,福龙马,801971.SI,环境治理,L2,20,20,19,13.0,7.0,6.0,6.0,1.0,0.6842105263157895,ok,,20260918,20260918
20260918,605009.SH,豪悦护理,801981.SI,个护用品,L2,20,20,19,13.0,7.0,6.0,6.0,1.0,0.6842105263157895,ok,,20260918,20260918
20260918,000099.SZ,中信海直,801991.SI,航空机场,L2,20,20,19,13.0,5.0,8.0,6.0,1.0,0.6842105263157895,ok,,20260918,20260918
20260918,600279.SH,重庆港,801992.SI,航运港口,L2,20,20,19,13.0,6.0,7.0,6.0,1.0,0.6842105263157895,ok,,20260918,20260918
20260918,000430.SZ,张家界,801993.SI,旅游及景区,L2,20,20,19,13.0,9.0,4.0,6.0,1.0,0.6842105263157895,ok,,20260918,20260918
20260918,002481.SZ,双塔食品,801012.SI,农产品加工,L2,20,20,18,12.0,8.0,4.0,6.0,2.0,0.6666666666666666,ok,,20260918,20260918
20260918,688526.SH,科前生物,801018.SI,动物保健Ⅱ,L2,20,20,18,12.0,5.0,7.0,6.0,2.0,0.6666666666666666,ok,,20260918,20260918
20260918,601113.SH,华鼎股份,801032.SI,化学纤维,L2,20,20,18,12.0,5.0,7.0,6.0,2.0,0.6666666666666666,ok,,20260918,20260918
20260918,002274.SZ,华昌化工,801033.SI,化学原料,L2,20,20,18,12.0,5.0,7.0,6.0,2.0,0.6666666666666666,ok,,20260918,20260918
20260918,002909.SZ,集泰股份,801034.SI,化学制品,L2,20,20,18,12.0,6.0,6.0,6.0,2.0,0.6666666666666666,ok,,20260918,20260918
20260918,603227.SH,雪峰科技,801034.SI,化学制品,L2,20,20,18,12.0,6.0,6.0,6.0,2.0,0.6666666666666666,ok,,20260918,20260918
20260918,301395.SZ,仁信新材,801036.SI,塑料,L2,20,20,18,12.0,6.0,6.0,6.0,2.0,0.6666666666666666,ok,,20260918,20260918
20260918,601026.SH,道生天合,801036.SI,塑料,L2,20,20,18,12.0,6.0,6.0,6.0,2.0,0.6666666666666666,ok,,20260918,20260918
20260918,920834.BJ,三维装备,801037.SI,橡胶,L2,20,20,18,12.0,5.0,7.0,6.0,2.0,0.6666666666666666,ok,,20260918,20260918
20260918,920819.BJ,颖泰生物,801038.SI,农化制品,L2,20,20,18,12.0,5.0,7.0,6.0,2.0,0.6666666666666666,ok,,20260918,20260918
20260918,603612.SH,索通发展,801039.SI,非金属材料Ⅱ,L2,20,20,18,12.0,6.0,6.0,6.0,2.0,0.6666666666666666,ok,,20260918,20260918
20260918,920832.BJ,齐鲁华信,801039.SI,非金属材料Ⅱ,L2,20,20,18,12.0,5.0,7.0,6.0,2.0,0.6666666666666666,ok,,20260918,20260918
20260918,300971.SZ,博亚精工,801074.SI,专用设备,L2,20,20,18,12.0,4.0,8.0,6.0,2.0,0.6666666666666666,ok,,20260918,20260918
20260918,603966.SH,法兰泰克,801074.SI,专用设备,L2,20,20,18,12.0,4.0,8.0,6.0,2.0,0.6666666666666666,ok,,20260918,20260918
20260918,920093.BJ,信胜科技,801074.SI,专用设备,L2,20,20,18,12.0,4.0,8.0,6.0,2.0,0.6666666666666666,ok,,20260918,20260918
20260918,000008.SZ,神州高铁,801076.SI,轨交设备Ⅱ,L2,20,20,15,10.0,5.0,5.0,5.0,5.0,0.6666666666666666,ok,,20260918,20260918
20260918,300960.SZ,通业科技,801076.SI,轨交设备Ⅱ,L2,20,20,18,12.0,6.0,6.0,6.0,2.0,0.6666666666666666,ok,,20260918,20260918
20260918,300048.SZ,合康新能,801078.SI,自动化设备,L2,20,20,18,12.0,4.0,8.0,6.0,2.0,0.6666666666666666,ok,,20260918,20260918
20260918,920128.BJ,胜业电气,801083.SI,元件,L2,20,20,18,12.0,7.0,5.0,6.0,2.0,0.6666666666666666,ok,,20260918,20260918
20260918,300232.SZ,洲明科技,801084.SI,光学光电子,L2,20,20,18,12.0,5.0,7.0,6.0,2.0,0.6666666666666666,ok,,20260918,20260918
20260918,002488.SZ,金固股份,801093.SI,汽车零部件,L2,20,20,18,12.0,4.0,8.0,6.0,2.0,0.6666666666666666,ok,,20260918,20260918
20260918,002870.SZ,香山股份,801093.SI,汽车零部件,L2,20,20,18,12.0,7.0,5.0,6.0,2.0,0.6666666666666666,ok,,20260918,20260918
20260918,603178.SH,圣龙股份,801093.SI,汽车零部件,L2,20,20,18,12.0,5.0,7.0,6.0,2.0,0.6666666666666666,ok,,20260918,20260918
20260918,603586.SH,金麒麟,801093.SI,汽车零部件,L2,20,20,18,12.0,6.0,6.0,6.0,2.0,0.6666666666666666,ok,,20260918,20260918
20260918,002152.SZ,广电运通,801101.SI,计算机设备,L2,20,20,18,12.0,3.0,9.0,6.0,2.0,0.6666666666666666,ok,,20260918,20260918
20260918,300847.SZ,中船汉光,801101.SI,计算机设备,L2,20,20,18,12.0,6.0,6.0,6.0,2.0,0.6666666666666666,ok,,20260918,20260918
20260918,002296.SZ,辉煌科技,801102.SI,通信设备,L2,20,20,18,12.0,5.0,7.0,6.0,2.0,0.6666666666666666,ok,,20260918,20260918
20260918,300134.SZ,大富科技,801102.SI,通信设备,L2,20,20,18,12.0,6.0,6.0,6.0,2.0,0.6666666666666666,ok,,20260918,20260918
20260918,301205.SZ,联特科技,801102.SI,通信设备,L2,20,20,18,12.0,5.0,7.0,6.0,2.0,0.6666666666666666,ok,,20260918,20260918
20260918,002331.SZ,皖通科技,801103.SI,IT服务Ⅱ,L2,20,20,18,12.0,4.0,8.0,6.0,2.0,0.6666666666666666,ok,,20260918,20260918
20260918,600271.SH,航天信息,801103.SI,IT服务Ⅱ,L2,20,20,18,12.0,5.0,7.0,6.0,2.0,0.6666666666666666,ok,,20260918,20260918
20260918,600589.SH,大位科技,801103.SI,IT服务Ⅱ,L2,20,20,18,12.0,5.0,7.0,6.0,2.0,0.6666666666666666,ok,,20260918,20260918
20260918,600718.SH,东软集团,801103.SI,IT服务Ⅱ,L2,20,20,18,12.0,4.0,8.0,6.0,2.0,0.6666666666666666,ok,,20260918,20260918
20260918,688258.SH,卓易信息,801103.SI,IT服务Ⅱ,L2,20,20,18,12.0,4.0,8.0,6.0,2.0,0.6666666666666666,ok,,20260918,20260918
20260918,603868.SH,飞科电器,801113.SI,小家电,L2,20,20,18,12.0,5.0,7.0,6.0,2.0,0.6666666666666666,ok,,20260918,20260918
20260918,603551.SH,奥普科技,801114.SI,厨卫电器,L2,20,20,18,12.0,7.0,5.0,6.0,2.0,0.6666666666666666,ok,,20260918,20260918
20260918,600619.SH,海立股份,801116.SI,家电零部件Ⅱ,L2,20,20,18,12.0,4.0,8.0,6.0,2.0,0.6666666666666666,ok,,20260918,20260918
20260918,600702.SH,舍得酒业,801125.SI,白酒Ⅱ,L2,20,20,18,12.0,4.0,8.0,6.0,2.0,0.6666666666666666,ok,,20260918,20260918
20260918,002327.SZ,富安娜,801132.SI,服装家纺,L2,20,20,18,12.0,6.0,6.0,6.0,2.0,0.6666666666666666,ok,,20260918,20260918
20260918,002701.SZ,奥瑞金,801141.SI,包装印刷,L2,20,20,18,12.0,6.0,6.0,6.0,2.0,0.6666666666666666,ok,,20260918,20260918
20260918,002799.SZ,环球印务,801141.SI,包装印刷,L2,20,20,18,12.0,6.0,6.0,6.0,2.0,0.6666666666666666,ok,,20260918,20260918
20260918,003003.SZ,天元股份,801141.SI,包装印刷,L2,20,20,18,12.0,7.0,5.0,6.0,2.0,0.6666666666666666,ok,,20260918,20260918
20260918,300640.SZ,德艺文创,801142.SI,家居用品,L2,20,20,18,12.0,6.0,6.0,6.0,2.0,0.6666666666666666,ok,,20260918,20260918
20260918,000403.SZ,派林生物,801152.SI,生物制品,L2,20,20,18,12.0,4.0,8.0,6.0,2.0,0.6666666666666666,ok,,20260918,20260918
20260918,688277.SH,天智航,801153.SI,医疗器械,L2,20,20,18,12.0,5.0,7.0,6.0,2.0,0.6666666666666666,ok,,20260918,20260918
20260918,301103.SZ,何氏眼科,801156.SI,医疗服务,L2,20,20,18,12.0,5.0,7.0,6.0,2.0,0.6666666666666666,ok,,20260918,20260918
20260918,000531.SZ,穗恒运A,801161.SI,电力,L2,20,20,18,12.0,7.0,5.0,6.0,2.0,0.6666666666666666,ok,,20260918,20260918
20260918,600917.SH,重庆燃气,801163.SI,燃气Ⅱ,L2,20,20,18,12.0,8.0,4.0,6.0,2.0,0.6666666666666666,ok,,20260918,20260918
20260918,000631.SZ,顺发恒能,801181.SI,房地产开发,L2,20,20,18,12.0,6.0,6.0,6.0,2.0,0.6666666666666666,ok,,20260918,20260918
20260918,000863.SZ,三湘印象,801181.SI,房地产开发,L2,20,20,18,12.0,8.0,4.0,6.0,2.0,0.6666666666666666,ok,,20260918,20260918
20260918,000935.SZ,四川双马,801191.SI,多元金融,L2,20,20,18,12.0,6.0,6.0,6.0,2.0,0.6666666666666666,ok,,20260918,20260918
20260918,600981.SH,苏豪汇鸿,801202.SI,贸易Ⅱ,L2,20,20,18,12.0,7.0,5.0,6.0,2.0,0.6666666666666666,ok,,20260918,20260918
20260918,000501.SZ,武商集团,801203.SI,一般零售,L2,20,20,18,12.0,7.0,5.0,6.0,2.0,0.6666666666666666,ok,,20260918,20260918
20260918,600827.SH,百联股份,801203.SI,一般零售,L2,20,20,18,12.0,7.0,5.0,6.0,2.0,0.6666666666666666,ok,,20260918,20260918
20260918,002148.SZ,北纬科技,801223.SI,通信服务,L2,20,20,18,12.0,5.0,7.0,6.0,2.0,0.6666666666666666,ok,,20260918,20260918
20260918,300597.SZ,吉大通信,801223.SI,通信服务,L2,20,20,18,12.0,5.0,7.0,6.0,2.0,0.6666666666666666,ok,,20260918,20260918
20260918,000652.SZ,泰达股份,801231.SI,综合Ⅱ,L2,20,20,18,12.0,6.0,6.0,6.0,2.0,0.6666666666666666,ok,,20260918,20260918
20260918,000789.SZ,万年青,801711.SI,水泥,L2,20,20,18,12.0,6.0,6.0,6.0,2.0,0.6666666666666666,ok,,20260918,20260918
20260918,601789.SH,宁波建工,801721.SI,房屋建设Ⅱ,L2,20,20,18,12.0,7.0,5.0,6.0,2.0,0.6666666666666666,ok,,20260918,20260918
20260918,603007.SH,顺景科技,801723.SI,基础建设,L2,20,20,18,12.0,6.0,6.0,6.0,2.0,0.6666666666666666,ok,,20260918,20260918
20260918,000928.SZ,中钢国际,801724.SI,专业工程,L2,20,20,18,12.0,5.0,7.0,6.0,2.0,0.6666666666666666,ok,,20260918,20260918
20260918,600496.SH,精工钢构,801724.SI,专业工程,L2,20,20,18,12.0,5.0,7.0,6.0,2.0,0.6666666666666666,ok,,20260918,20260918
20260918,601727.SH,上海电气,801733.SI,其他电源设备Ⅱ,L2,20,20,18,12.0,5.0,7.0,6.0,2.0,0.6666666666666666,ok,,20260918,20260918
20260918,000159.SZ,国际实业,801735.SI,光伏设备,L2,20,20,18,12.0,2.0,10.0,6.0,2.0,0.6666666666666666,ok,,20260918,20260918
20260918,000809.SZ,和展能源,801736.SI,风电设备,L2,20,20,15,10.0,7.0,3.0,5.0,5.0,0.6666666666666666,ok,,20260918,20260918
20260918,300490.SZ,华自科技,801737.SI,电池,L2,20,20,18,12.0,4.0,8.0,6.0,2.0,0.6666666666666666,ok,,20260918,20260918
20260918,300222.SZ,科大智能,801738.SI,电网设备,L2,20,20,18,12.0,4.0,8.0,6.0,2.0,0.6666666666666666,ok,,20260918,20260918
20260918,601890.SH,亚星锚链,801744.SI,航海装备Ⅱ,L2,20,20,18,12.0,8.0,4.0,6.0,2.0,0.6666666666666666,ok,,20260918,20260918
20260918,601928.SH,凤凰传媒,801769.SI,出版,L2,20,20,18,12.0,5.0,7.0,6.0,2.0,0.6666666666666666,ok,,20260918,20260918
20260918,603071.SH,物产环能,801951.SI,煤炭开采,L2,20,20,18,12.0,5.0,7.0,6.0,2.0,0.6666666666666666,ok,,20260918,20260918
20260918,300190.SZ,维尔利,801971.SI,环境治理,L2,20,20,18,12.0,7.0,5.0,6.0,2.0,0.6666666666666666,ok,,20260918,20260918
20260918,600008.SH,首创环保,801971.SI,环境治理,L2,20,20,15,10.0,5.0,5.0,5.0,5.0,0.6666666666666666,ok,,20260918,20260918
20260918,603797.SH,联泰环保,801971.SI,环境治理,L2,20,20,15,10.0,4.0,6.0,5.0,5.0,0.6666666666666666,ok,,20260918,20260918
20260918,600018.SH,上港集团,801992.SI,航运港口,L2,20,20,18,12.0,6.0,6.0,6.0,2.0,0.6666666666666666,ok,,20260918,20260918
20260918,600717.SH,天津港,801992.SI,航运港口,L2,20,20,18,12.0,5.0,7.0,6.0,2.0,0.6666666666666666,ok,,20260918,20260918
20260918,300175.SZ,朗源股份,801012.SI,农产品加工,L2,20,20,20,13.0,7.0,6.0,7.0,0.0,0.65,ok,,20260918,20260918
20260918,603182.SH,嘉华股份,801012.SI,农产品加工,L2,20,20,20,13.0,9.0,4.0,7.0,0.0,0.65,ok,,20260918,20260918
20260918,002696.SZ,百洋股份,801014.SI,饲料,L2,20,20,20,13.0,7.0,6.0,7.0,0.0,0.65,ok,,20260918,20260918
20260918,300673.SZ,佩蒂股份,801014.SI,饲料,L2,20,20,20,13.0,7.0,6.0,7.0,0.0,0.65,ok,,20260918,20260918
20260918,603668.SH,天马科技,801014.SI,饲料,L2,20,20,20,13.0,7.0,6.0,7.0,0.0,0.65,ok,,20260918,20260918
20260918,600359.SH,新农开发,801016.SI,种植业,L2,20,20,20,13.0,9.0,4.0,7.0,0.0,0.65,ok,,20260918,20260918
20260918,002688.SZ,金河生物,801018.SI,动物保健Ⅱ,L2,20,20,20,13.0,6.0,7.0,7.0,0.0,0.65,ok,,20260918,20260918
20260918,002868.SZ,绿康生化,801018.SI,动物保健Ⅱ,L2,20,20,20,13.0,5.0,8.0,7.0,0.0,0.65,ok,,20260918,20260918
20260918,000683.SZ,博源化工,801033.SI,化学原料,L2,20,20,20,13.0,7.0,6.0,7.0,0.0,0.65,ok,,20260918,20260918
20260918,002136.SZ,安纳达,801033.SI,化学原料,L2,20,20,20,13.0,7.0,6.0,7.0,0.0,0.65,ok,,20260918,20260918
20260918,002386.SZ,天原股份,801033.SI,化学原料,L2,20,20,20,13.0,8.0,5.0,7.0,0.0,0.65,ok,,20260918,20260918
20260918,600722.SH,金牛化工,801033.SI,化学原料,L2,20,20,20,13.0,8.0,5.0,7.0,0.0,0.65,ok,,20260918,20260918
20260918,600844.SH,金煤科技,801033.SI,化学原料,L2,20,20,20,13.0,6.0,7.0,7.0,0.0,0.65,ok,,20260918,20260918
20260918,603663.SH,三祥新材,801033.SI,化学原料,L2,20,20,20,13.0,6.0,7.0,7.0,0.0,0.65,ok,,20260918,20260918
20260918,002165.SZ,红宝丽,801034.SI,化学制品,L2,20,20,20,13.0,6.0,7.0,7.0,0.0,0.65,ok,,20260918,20260918
20260918,002246.SZ,北化股份,801034.SI,化学制品,L2,20,20,20,13.0,9.0,4.0,7.0,0.0,0.65,ok,,20260918,20260918
20260918,002430.SZ,杭氧股份,801034.SI,化学制品,L2,20,20,20,13.0,7.0,6.0,7.0,0.0,0.65,ok,,20260918,20260918
20260918,002455.SZ,百川股份,801034.SI,化学制品,L2,20,20,20,13.0,7.0,6.0,7.0,0.0,0.65,ok,,20260918,20260918
20260918,002683.SZ,广东宏大,801034.SI,化学制品,L2,20,20,20,13.0,6.0,7.0,7.0,0.0,0.65,ok,,20260918,20260918
20260918,002809.SZ,红墙股份,801034.SI,化学制品,L2,20,20,20,13.0,6.0,7.0,7.0,0.0,0.65,ok,,20260918,20260918
20260918,300107.SZ,建新股份,801034.SI,化学制品,L2,20,20,20,13.0,6.0,7.0,7.0,0.0,0.65,ok,,20260918,20260918
20260918,300343.SZ,联创股份,801034.SI,化学制品,L2,20,20,20,13.0,6.0,7.0,7.0,0.0,0.65,ok,,20260918,20260918
20260918,300535.SZ,达威股份,801034.SI,化学制品,L2,20,20,20,13.0,6.0,7.0,7.0,0.0,0.65,ok,,20260918,20260918
20260918,300596.SZ,利安隆,801034.SI,化学制品,L2,20,20,20,13.0,6.0,7.0,7.0,0.0,0.65,ok,,20260918,20260918
20260918,300665.SZ,飞鹿股份,801034.SI,化学制品,L2,20,20,20,13.0,6.0,7.0,7.0,0.0,0.65,ok,,20260918,20260918
20260918,300727.SZ,润禾材料,801034.SI,化学制品,L2,20,20,20,13.0,8.0,5.0,7.0,0.0,0.65,ok,,20260918,20260918
20260918,300758.SZ,七彩化学,801034.SI,化学制品,L2,20,20,20,13.0,7.0,6.0,7.0,0.0,0.65,ok,,20260918,20260918
20260918,301036.SZ,双乐股份,801034.SI,化学制品,L2,20,20,20,13.0,7.0,6.0,7.0,0.0,0.65,ok,,20260918,20260918
20260918,301212.SZ,联盛化学,801034.SI,化学制品,L2,20,20,20,13.0,7.0,6.0,7.0,0.0,0.65,ok,,20260918,20260918
20260918,301220.SZ,亚香股份,801034.SI,化学制品,L2,20,20,20,13.0,7.0,6.0,7.0,0.0,0.65,ok,,20260918,20260918
20260918,301283.SZ,聚胶股份,801034.SI,化学制品,L2,20,20,20,13.0,6.0,7.0,7.0,0.0,0.65,ok,,20260918,20260918
20260918,301518.SZ,长华化学,801034.SI,化学制品,L2,20,20,20,13.0,6.0,7.0,7.0,0.0,0.65,ok,,20260918,20260918
20260918,603120.SH,肯特催化,801034.SI,化学制品,L2,20,20,20,13.0,7.0,6.0,7.0,0.0,0.65,ok,,20260918,20260918
20260918,603192.SH,汇得科技,801034.SI,化学制品,L2,20,20,20,13.0,6.0,7.0,7.0,0.0,0.65,ok,,20260918,20260918
20260918,603255.SH,鼎际得,801034.SI,化学制品,L2,20,20,20,13.0,7.0,6.0,7.0,0.0,0.65,ok,,20260918,20260918
20260918,603276.SH,恒兴新材,801034.SI,化学制品,L2,20,20,20,13.0,7.0,6.0,7.0,0.0,0.65,ok,,20260918,20260918
20260918,603334.SH,丰倍生物,801034.SI,化学制品,L2,20,20,20,13.0,6.0,7.0,7.0,0.0,0.65,ok,,20260918,20260918
20260918,603980.SH,吉华集团,801034.SI,化学制品,L2,20,20,20,13.0,9.0,4.0,7.0,0.0,0.65,ok,,20260918,20260918
20260918,688065.SH,凯赛生物,801034.SI,化学制品,L2,20,20,20,13.0,4.0,9.0,7.0,0.0,0.65,ok,,20260918,20260918
20260918,688157.SH,松井股份,801034.SI,化学制品,L2,20,20,20,13.0,7.0,6.0,7.0,0.0,0.65,ok,,20260918,20260918
20260918,688398.SH,赛特新材,801034.SI,化学制品,L2,20,20,20,13.0,6.0,7.0,7.0,0.0,0.65,ok,,20260918,20260918
20260918,920193.BJ,吉和昌,801034.SI,化学制品,L2,20,20,20,13.0,5.0,8.0,7.0,0.0,0.65,ok,,20260918,20260918
20260918,920471.BJ,美邦科技,801034.SI,化学制品,L2,20,20,20,13.0,7.0,6.0,7.0,0.0,0.65,ok,,20260918,20260918
20260918,001207.SZ,联科科技,801037.SI,橡胶,L2,20,20,20,13.0,8.0,5.0,7.0,0.0,0.65,ok,,20260918,20260918
20260918,300731.SZ,科创新源,801037.SI,橡胶,L2,20,20,20,13.0,7.0,6.0,7.0,0.0,0.65,ok,,20260918,20260918
20260918,301300.SZ,远翔新材,801037.SI,橡胶,L2,20,20,20,13.0,6.0,7.0,7.0,0.0,0.65,ok,,20260918,20260918
20260918,920188.BJ,悦龙科技,801037.SI,橡胶,L2,20,20,20,13.0,7.0,6.0,7.0,0.0,0.65,ok,,20260918,20260918
20260918,001231.SZ,农心科技,801038.SI,农化制品,L2,20,20,20,13.0,6.0,7.0,7.0,0.0,0.65,ok,,20260918,20260918
20260918,002758.SZ,浙农股份,801038.SI,农化制品,L2,20,20,20,13.0,6.0,7.0,7.0,0.0,0.65,ok,,20260918,20260918
20260918,600731.SH,湖南海利,801038.SI,农化制品,L2,20,20,20,13.0,6.0,7.0,7.0,0.0,0.65,ok,,20260918,20260918
20260918,603086.SH,先达股份,801038.SI,农化制品,L2,20,20,20,13.0,6.0,7.0,7.0,0.0,0.65,ok,,20260918,20260918
20260918,603585.SH,苏利股份,801038.SI,农化制品,L2,20,20,20,13.0,6.0,7.0,7.0,0.0,0.65,ok,,20260918,20260918
20260918,920159.BJ,农大科技,801038.SI,农化制品,L2,20,20,20,13.0,5.0,8.0,7.0,0.0,0.65,ok,,20260918,20260918
20260918,920866.BJ,绿亨科技,801038.SI,农化制品,L2,20,20,20,13.0,6.0,7.0,7.0,0.0,0.65,ok,,20260918,20260918
20260918,600382.SH,广东明珠,801043.SI,冶钢原料,L2,20,20,20,13.0,7.0,6.0,7.0,0.0,0.65,ok,,20260918,20260918
20260918,601969.SH,海南矿业,801043.SI,冶钢原料,L2,20,20,20,13.0,7.0,6.0,7.0,0.0,0.65,ok,,20260918,20260918
20260918,688231.SH,隆达股份,801051.SI,金属新材料,L2,20,20,20,13.0,6.0,7.0,7.0,0.0,0.65,ok,,20260918,20260918
20260918,000831.SZ,中国稀土,801054.SI,小金属,L2,20,20,20,13.0,5.0,8.0,7.0,0.0,0.65,ok,,20260918,20260918
20260918,002149.SZ,西部材料,801054.SI,小金属,L2,20,20,20,13.0,5.0,8.0,7.0,0.0,0.65,ok,,20260918,20260918
20260918,002738.SZ,中矿资源,801054.SI,小金属,L2,20,20,20,13.0,6.0,7.0,7.0,0.0,0.65,ok,,20260918,20260918
20260918,600281.SH,华阳新材,801054.SI,小金属,L2,20,20,20,13.0,6.0,7.0,7.0,0.0,0.65,ok,,20260918,20260918
20260918,600456.SH,宝钛股份,801054.SI,小金属,L2,20,20,20,13.0,5.0,8.0,7.0,0.0,0.65,ok,,20260918,20260918
20260918,002203.SZ,海亮股份,801055.SI,工业金属,L2,20,20,20,13.0,6.0,7.0,7.0,0.0,0.65,ok,,20260918,20260918
20260918,002988.SZ,豪美新材,801055.SI,工业金属,L2,20,20,20,13.0,7.0,6.0,7.0,0.0,0.65,ok,,20260918,20260918
20260918,603937.SH,丽岛新材,801055.SI,工业金属,L2,20,20,20,13.0,7.0,6.0,7.0,0.0,0.65,ok,,20260918,20260918
20260918,000039.SZ,中集集团,801072.SI,通用设备,L2,20,20,20,13.0,6.0,7.0,7.0,0.0,0.65,ok,,20260918,20260918
20260918,002058.SZ,紫竹高科,801072.SI,通用设备,L2,20,20,20,13.0,6.0,7.0,7.0,0.0,0.65,ok,,20260918,20260918
20260918,002150.SZ,正泰电源,801072.SI,通用设备,L2,20,20,20,13.0,5.0,8.0,7.0,0.0,0.65,ok,,20260918,20260918
20260918,002282.SZ,博深股份,801072.SI,通用设备,L2,20,20,20,13.0,6.0,7.0,7.0,0.0,0.65,ok,,20260918,20260918
20260918,002438.SZ,江苏神通,801072.SI,通用设备,L2,20,20,20,13.0,5.0,8.0,7.0,0.0,0.65,ok,,20260918,20260918
20260918,002552.SZ,宝鼎科技,801072.SI,通用设备,L2,20,20,20,13.0,6.0,7.0,7.0,0.0,0.65,ok,,20260918,20260918
20260918,002760.SZ,凤形股份,801072.SI,通用设备,L2,20,20,20,13.0,6.0,7.0,7.0,0.0,0.65,ok,,20260918,20260918
20260918,002819.SZ,东方中科,801072.SI,通用设备,L2,20,20,20,13.0,6.0,7.0,7.0,0.0,0.65,ok,,20260918,20260918
20260918,300257.SZ,开山股份,801072.SI,通用设备,L2,20,20,20,13.0,6.0,7.0,7.0,0.0,0.65,ok,,20260918,20260918
20260918,300838.SZ,浙江力诺,801072.SI,通用设备,L2,20,20,20,13.0,6.0,7.0,7.0,0.0,0.65,ok,,20260918,20260918
20260918,301197.SZ,工大科雅,801072.SI,通用设备,L2,20,20,20,13.0,5.0,8.0,7.0,0.0,0.65,ok,,20260918,20260918
20260918,301559.SZ,中集环科,801072.SI,通用设备,L2,20,20,20,13.0,7.0,6.0,7.0,0.0,0.65,ok,,20260918,20260918
20260918,603100.SH,川仪股份,801072.SI,通用设备,L2,20,20,20,13.0,5.0,8.0,7.0,0.0,0.65,ok,,20260918,20260918
20260918,603269.SH,海鸥股份,801072.SI,通用设备,L2,20,20,20,13.0,8.0,5.0,7.0,0.0,0.65,ok,,20260918,20260918
20260918,603308.SH,应流股份,801072.SI,通用设备,L2,20,20,20,13.0,6.0,7.0,7.0,0.0,0.65,ok,,20260918,20260918
20260918,603331.SH,百达精工,801072.SI,通用设备,L2,20,20,20,13.0,6.0,7.0,7.0,0.0,0.65,ok,,20260918,20260918
20260918,603700.SH,宁水集团,801072.SI,通用设备,L2,20,20,20,13.0,5.0,8.0,7.0,0.0,0.65,ok,,20260918,20260918
20260918,688600.SH,皖仪科技,801072.SI,通用设备,L2,20,20,20,13.0,7.0,6.0,7.0,0.0,0.65,ok,,20260918,20260918
20260918,688627.SH,精智达,801072.SI,通用设备,L2,20,20,20,13.0,5.0,8.0,7.0,0.0,0.65,ok,,20260918,20260918
20260918,920082.BJ,方正阀门,801072.SI,通用设备,L2,20,20,20,13.0,7.0,6.0,7.0,0.0,0.65,ok,,20260918,20260918
20260918,920725.BJ,惠丰钻石,801072.SI,通用设备,L2,20,20,20,13.0,6.0,7.0,7.0,0.0,0.65,ok,,20260918,20260918
20260918,001395.SZ,亚联机械,801074.SI,专用设备,L2,20,20,20,13.0,7.0,6.0,7.0,0.0,0.65,ok,,20260918,20260918
20260918,002337.SZ,赛象科技,801074.SI,专用设备,L2,20,20,20,13.0,5.0,8.0,7.0,0.0,0.65,ok,,20260918,20260918
20260918,002490.SZ,山东墨龙,801074.SI,专用设备,L2,20,20,20,13.0,6.0,7.0,7.0,0.0,0.65,ok,,20260918,20260918
20260918,002530.SZ,金财互联,801074.SI,专用设备,L2,20,20,20,13.0,5.0,8.0,7.0,0.0,0.65,ok,,20260918,20260918
20260918,002595.SZ,豪迈科技,801074.SI,专用设备,L2,20,20,20,13.0,3.0,10.0,7.0,0.0,0.65,ok,,20260918,20260918
20260918,002833.SZ,弘亚数控,801074.SI,专用设备,L2,20,20,20,13.0,7.0,6.0,7.0,0.0,0.65,ok,,20260918,20260918
20260918,300099.SZ,尤洛卡,801074.SI,专用设备,L2,20,20,20,13.0,6.0,7.0,7.0,0.0,0.65,ok,,20260918,20260918
20260918,300195.SZ,长荣股份,801074.SI,专用设备,L2,20,20,20,13.0,6.0,7.0,7.0,0.0,0.65,ok,,20260918,20260918
20260918,300293.SZ,蓝英装备,801074.SI,专用设备,L2,20,20,20,13.0,5.0,8.0,7.0,0.0,0.65,ok,,20260918,20260918
20260918,300549.SZ,优德精密,801074.SI,专用设备,L2,20,20,20,13.0,5.0,8.0,7.0,0.0,0.65,ok,,20260918,20260918
20260918,300669.SZ,沪宁股份,801074.SI,专用设备,L2,20,20,20,13.0,5.0,8.0,7.0,0.0,0.65,ok,,20260918,20260918
20260918,300756.SZ,金马游乐,801074.SI,专用设备,L2,20,20,20,13.0,6.0,7.0,7.0,0.0,0.65,ok,,20260918,20260918
20260918,300813.SZ,泰林生物,801074.SI,专用设备,L2,20,20,20,13.0,5.0,8.0,7.0,0.0,0.65,ok,,20260918,20260918
20260918,300837.SZ,浙矿股份,801074.SI,专用设备,L2,20,20,20,13.0,5.0,8.0,7.0,0.0,0.65,ok,,20260918,20260918
20260918,301138.SZ,华研精机,801074.SI,专用设备,L2,20,20,20,13.0,6.0,7.0,7.0,0.0,0.65,ok,,20260918,20260918
20260918,301158.SZ,德石股份,801074.SI,专用设备,L2,20,20,20,13.0,5.0,8.0,7.0,0.0,0.65,ok,,20260918,20260918
20260918,301260.SZ,格力博,801074.SI,专用设备,L2,20,20,20,13.0,4.0,9.0,7.0,0.0,0.65,ok,,20260918,20260918
20260918,301601.SZ,惠通科技,801074.SI,专用设备,L2,20,20,20,13.0,5.0,8.0,7.0,0.0,0.65,ok,,20260918,20260918
20260918,600397.SH,江钨装备,801074.SI,专用设备,L2,20,20,20,13.0,5.0,8.0,7.0,0.0,0.65,ok,,20260918,20260918
20260918,603356.SH,华菱精工,801074.SI,专用设备,L2,20,20,20,13.0,7.0,6.0,7.0,0.0,0.65,ok,,20260918,20260918
20260918,603656.SH,泰禾智能,801074.SI,专用设备,L2,20,20,20,13.0,6.0,7.0,7.0,0.0,0.65,ok,,20260918,20260918
20260918,688420.SH,美腾科技,801074.SI,专用设备,L2,20,20,20,13.0,4.0,9.0,7.0,0.0,0.65,ok,,20260918,20260918
20260918,688633.SH,星球石墨,801074.SI,专用设备,L2,20,20,20,13.0,4.0,9.0,7.0,0.0,0.65,ok,,20260918,20260918
20260918,920080.BJ,奥美森,801074.SI,专用设备,L2,20,20,20,13.0,5.0,8.0,7.0,0.0,0.65,ok,,20260918,20260918
20260918,920126.BJ,永大股份,801074.SI,专用设备,L2,20,20,20,13.0,5.0,8.0,7.0,0.0,0.65,ok,,20260918,20260918
20260918,920455.BJ,汇隆活塞,801074.SI,专用设备,L2,20,20,20,13.0,6.0,7.0,7.0,0.0,0.65,ok,,20260918,20260918
20260918,920895.BJ,花溪科技,801074.SI,专用设备,L2,20,20,20,13.0,7.0,6.0,7.0,0.0,0.65,ok,,20260918,20260918
20260918,000925.SZ,众合科技,801076.SI,轨交设备Ⅱ,L2,20,20,20,13.0,7.0,6.0,7.0,0.0,0.65,ok,,20260918,20260918
20260918,300351.SZ,永贵电器,801076.SI,轨交设备Ⅱ,L2,20,20,20,13.0,8.0,5.0,7.0,0.0,0.65,ok,,20260918,20260918
20260918,603500.SH,祥和实业,801076.SI,轨交设备Ⅱ,L2,20,20,20,13.0,7.0,6.0,7.0,0.0,0.65,ok,,20260918,20260918
20260918,688015.SH,交控科技,801076.SI,轨交设备Ⅱ,L2,20,20,20,13.0,8.0,5.0,7.0,0.0,0.65,ok,,20260918,20260918
20260918,688485.SH,九州一轨,801076.SI,轨交设备Ⅱ,L2,20,20,20,13.0,10.0,3.0,7.0,0.0,0.65,ok,,20260918,20260918
20260918,605305.SH,中际联合,801077.SI,工程机械,L2,20,20,20,13.0,7.0,6.0,7.0,0.0,0.65,ok,,20260918,20260918
20260918,002008.SZ,大族激光,801078.SI,自动化设备,L2,20,20,20,13.0,5.0,8.0,7.0,0.0,0.65,ok,,20260918,20260918
20260918,300276.SZ,三丰智能,801078.SI,自动化设备,L2,20,20,20,13.0,5.0,8.0,7.0,0.0,0.65,ok,,20260918,20260918
20260918,603583.SH,捷昌驱动,801078.SI,自动化设备,L2,20,20,20,13.0,8.0,5.0,7.0,0.0,0.65,ok,,20260918,20260918
20260918,603960.SH,克来机电,801078.SI,自动化设备,L2,20,20,20,13.0,6.0,7.0,7.0,0.0,0.65,ok,,20260918,20260918
20260918,605186.SH,健麾信息,801078.SI,自动化设备,L2,20,20,20,13.0,6.0,7.0,7.0,0.0,0.65,ok,,20260918,20260918
20260918,688218.SH,江苏北人,801078.SI,自动化设备,L2,20,20,20,13.0,7.0,6.0,7.0,0.0,0.65,ok,,20260918,20260918
20260918,688395.SH,正弦电气,801078.SI,自动化设备,L2,20,20,20,13.0,7.0,6.0,7.0,0.0,0.65,ok,,20260918,20260918
20260918,688646.SH,逸飞激光,801078.SI,自动化设备,L2,20,20,20,13.0,7.0,6.0,7.0,0.0,0.65,ok,,20260918,20260918
20260918,920425.BJ,乐创技术,801078.SI,自动化设备,L2,20,20,20,13.0,7.0,6.0,7.0,0.0,0.65,ok,,20260918,20260918
20260918,002077.SZ,大港股份,801081.SI,半导体,L2,20,20,20,13.0,5.0,8.0,7.0,0.0,0.65,ok,,20260918,20260918
20260918,301297.SZ,富乐德,801081.SI,半导体,L2,20,20,20,13.0,6.0,7.0,7.0,0.0,0.65,ok,,20260918,20260918
20260918,600641.SH,先导基电,801081.SI,半导体,L2,20,20,20,13.0,4.0,9.0,7.0,0.0,0.65,ok,,20260918,20260918
20260918,688052.SH,纳芯微,801081.SI,半导体,L2,20,20,20,13.0,5.0,8.0,7.0,0.0,0.65,ok,,20260918,20260918
20260918,688061.SH,灿瑞科技,801081.SI,半导体,L2,20,20,20,13.0,5.0,8.0,7.0,0.0,0.65,ok,,20260918,20260918
20260918,688252.SH,天德钰,801081.SI,半导体,L2,20,20,20,13.0,5.0,8.0,7.0,0.0,0.65,ok,,20260918,20260918
20260918,688352.SH,颀中科技,801081.SI,半导体,L2,20,20,20,13.0,5.0,8.0,7.0,0.0,0.65,ok,,20260918,20260918
20260918,688381.SH,帝奥微,801081.SI,半导体,L2,20,20,20,13.0,5.0,8.0,7.0,0.0,0.65,ok,,20260918,20260918
20260918,688391.SH,钜泉科技,801081.SI,半导体,L2,20,20,20,13.0,5.0,8.0,7.0,0.0,0.65,ok,,20260918,20260918
20260918,688512.SH,慧智微,801081.SI,半导体,L2,20,20,20,13.0,4.0,9.0,7.0,0.0,0.65,ok,,20260918,20260918
20260918,688536.SH,思瑞浦,801081.SI,半导体,L2,20,20,20,13.0,5.0,8.0,7.0,0.0,0.65,ok,,20260918,20260918
20260918,688582.SH,芯动联科,801081.SI,半导体,L2,20,20,20,13.0,4.0,9.0,7.0,0.0,0.65,ok,,20260918,20260918
20260918,688589.SH,力合微,801081.SI,半导体,L2,20,20,20,13.0,4.0,9.0,7.0,0.0,0.65,ok,,20260918,20260918
20260918,688605.SH,先锋精科,801081.SI,半导体,L2,20,20,20,13.0,6.0,7.0,7.0,0.0,0.65,ok,,20260918,20260918
20260918,688653.SH,康希通信,801081.SI,半导体,L2,20,20,20,13.0,5.0,8.0,7.0,0.0,0.65,ok,,20260918,20260918
20260918,002130.SZ,沃尔核材,801082.SI,其他电子Ⅱ,L2,20,20,20,13.0,5.0,8.0,7.0,0.0,0.65,ok,,20260918,20260918
20260918,920181.BJ,赛英电子,801082.SI,其他电子Ⅱ,L2,20,20,20,13.0,4.0,9.0,7.0,0.0,0.65,ok,,20260918,20260918
20260918,002141.SZ,贤丰控股,801083.SI,元件,L2,20,20,20,13.0,7.0,6.0,7.0,0.0,0.65,ok,,20260918,20260918
20260918,002199.SZ,东晶电子,801083.SI,元件,L2,20,20,20,13.0,9.0,4.0,7.0,0.0,0.65,ok,,20260918,20260918
20260918,300657.SZ,弘信电子,801083.SI,元件,L2,20,20,20,13.0,7.0,6.0,7.0,0.0,0.65,ok,,20260918,20260918
20260918,300814.SZ,中富电路,801083.SI,元件,L2,20,20,20,13.0,7.0,6.0,7.0,0.0,0.65,ok,,20260918,20260918
20260918,300903.SZ,科翔股份,801083.SI,元件,L2,20,20,20,13.0,9.0,4.0,7.0,0.0,0.65,ok,,20260918,20260918
20260918,300975.SZ,商络电子,801083.SI,元件,L2,20,20,20,13.0,8.0,5.0,7.0,0.0,0.65,ok,,20260918,20260918
20260918,301251.SZ,威尔高,801083.SI,元件,L2,20,20,20,13.0,10.0,3.0,7.0,0.0,0.65,ok,,20260918,20260918
20260918,600563.SH,法拉电子,801083.SI,元件,L2,20,20,20,13.0,7.0,6.0,7.0,0.0,0.65,ok,,20260918,20260918
20260918,688183.SH,生益电子,801083.SI,元件,L2,20,20,20,13.0,7.0,6.0,7.0,0.0,0.65,ok,,20260918,20260918
20260918,000536.SZ,华映科技,801084.SI,光学光电子,L2,20,20,20,13.0,6.0,7.0,7.0,0.0,0.65,ok,,20260918,20260918
20260918,301183.SZ,东田微,801084.SI,光学光电子,L2,20,20,20,13.0,5.0,8.0,7.0,0.0,0.65,ok,,20260918,20260918
20260918,603703.SH,盛洋科技,801084.SI,光学光电子,L2,20,20,20,13.0,6.0,7.0,7.0,0.0,0.65,ok,,20260918,20260918
20260918,002600.SZ,领益智造,801085.SI,消费电子,L2,20,20,20,13.0,7.0,6.0,7.0,0.0,0.65,ok,,20260918,20260918
20260918,002888.SZ,惠威科技,801085.SI,消费电子,L2,20,20,20,13.0,7.0,6.0,7.0,0.0,0.65,ok,,20260918,20260918
20260918,002925.SZ,盈趣科技,801085.SI,消费电子,L2,20,20,20,13.0,6.0,7.0,7.0,0.0,0.65,ok,,20260918,20260918
20260918,300787.SZ,海能实业,801085.SI,消费电子,L2,20,20,20,13.0,6.0,7.0,7.0,0.0,0.65,ok,,20260918,20260918
20260918,300793.SZ,佳禾智能,801085.SI,消费电子,L2,20,20,20,13.0,7.0,6.0,7.0,0.0,0.65,ok,,20260918,20260918
20260918,300866.SZ,安克创新,801085.SI,消费电子,L2,20,20,20,13.0,7.0,6.0,7.0,0.0,0.65,ok,,20260918,20260918
20260918,300868.SZ,杰美特,801085.SI,消费电子,L2,20,20,20,13.0,5.0,8.0,7.0,0.0,0.65,ok,,20260918,20260918
20260918,300956.SZ,英力股份,801085.SI,消费电子,L2,20,20,20,13.0,6.0,7.0,7.0,0.0,0.65,ok,,20260918,20260918
20260918,300976.SZ,达瑞电子,801085.SI,消费电子,L2,20,20,20,13.0,6.0,7.0,7.0,0.0,0.65,ok,,20260918,20260918
20260918,301051.SZ,信濠光电,801085.SI,消费电子,L2,20,20,20,13.0,6.0,7.0,7.0,0.0,0.65,ok,,20260918,20260918
20260918,301189.SZ,奥尼电子,801085.SI,消费电子,L2,20,20,20,13.0,7.0,6.0,7.0,0.0,0.65,ok,,20260918,20260918
20260918,301389.SZ,隆扬电子,801085.SI,消费电子,L2,20,20,20,13.0,6.0,7.0,7.0,0.0,0.65,ok,,20260918,20260918
20260918,301491.SZ,汉桑科技,801085.SI,消费电子,L2,20,20,20,13.0,5.0,8.0,7.0,0.0,0.65,ok,,20260918,20260918
20260918,301626.SZ,苏州天脉,801085.SI,消费电子,L2,20,20,20,13.0,7.0,6.0,7.0,0.0,0.65,ok,,20260918,20260918
20260918,688007.SH,光峰科技,801085.SI,消费电子,L2,20,20,20,13.0,6.0,7.0,7.0,0.0,0.65,ok,,20260918,20260918
20260918,688260.SH,昀冢科技,801085.SI,消费电子,L2,20,20,20,13.0,5.0,8.0,7.0,0.0,0.65,ok,,20260918,20260918
20260918,920267.BJ,鑫汇科,801085.SI,消费电子,L2,20,20,20,13.0,7.0,6.0,7.0,0.0,0.65,ok,,20260918,20260918
20260918,688019.SH,安集科技,801086.SI,电子化学品Ⅱ,L2,20,20,20,13.0,5.0,8.0,7.0,0.0,0.65,ok,,20260918,20260918
20260918,000581.SZ,威孚高科,801093.SI,汽车零部件,L2,20,20,20,13.0,7.0,6.0,7.0,0.0,0.65,ok,,20260918,20260918
20260918,000678.SZ,襄阳轴承,801093.SI,汽车零部件,L2,20,20,20,13.0,7.0,6.0,7.0,0.0,0.65,ok,,20260918,20260918
20260918,001260.SZ,坤泰股份,801093.SI,汽车零部件,L2,20,20,20,13.0,7.0,6.0,7.0,0.0,0.65,ok,,20260918,20260918
20260918,002516.SZ,旷达科技,801093.SI,汽车零部件,L2,20,20,20,13.0,8.0,5.0,7.0,0.0,0.65,ok,,20260918,20260918
20260918,002921.SZ,联诚精密,801093.SI,汽车零部件,L2,20,20,20,13.0,4.0,9.0,7.0,0.0,0.65,ok,,20260918,20260918
20260918,300507.SZ,苏奥传感,801093.SI,汽车零部件,L2,20,20,20,13.0,7.0,6.0,7.0,0.0,0.65,ok,,20260918,20260918
20260918,300547.SZ,川环科技,801093.SI,汽车零部件,L2,20,20,20,13.0,6.0,7.0,7.0,0.0,0.65,ok,,20260918,20260918
20260918,300745.SZ,欣锐科技,801093.SI,汽车零部件,L2,20,20,20,13.0,6.0,7.0,7.0,0.0,0.65,ok,,20260918,20260918
20260918,300816.SZ,艾可蓝,801093.SI,汽车零部件,L2,20,20,20,13.0,7.0,6.0,7.0,0.0,0.65,ok,,20260918,20260918
20260918,300998.SZ,宁波方正,801093.SI,汽车零部件,L2,20,20,20,13.0,7.0,6.0,7.0,0.0,0.65,ok,,20260918,20260918
20260918,301181.SZ,标榜股份,801093.SI,汽车零部件,L2,20,20,20,13.0,7.0,6.0,7.0,0.0,0.65,ok,,20260918,20260918
20260918,301186.SZ,超达装备,801093.SI,汽车零部件,L2,20,20,20,13.0,6.0,7.0,7.0,0.0,0.65,ok,,20260918,20260918
20260918,301298.SZ,东利机械,801093.SI,汽车零部件,L2,20,20,20,13.0,7.0,6.0,7.0,0.0,0.65,ok,,20260918,20260918
20260918,301560.SZ,众捷股份,801093.SI,汽车零部件,L2,20,20,20,13.0,7.0,6.0,7.0,0.0,0.65,ok,,20260918,20260918
20260918,301655.SZ,绿控传动,801093.SI,汽车零部件,L2,20,20,20,13.0,6.0,7.0,7.0,0.0,0.65,ok,,20260918,20260918
20260918,301667.SZ,纳百川,801093.SI,汽车零部件,L2,20,20,20,13.0,6.0,7.0,7.0,0.0,0.65,ok,,20260918,20260918
20260918,301680.SZ,固德电材,801093.SI,汽车零部件,L2,20,20,20,13.0,7.0,6.0,7.0,0.0,0.65,ok,,20260918,20260918
20260918,600148.SH,长春一东,801093.SI,汽车零部件,L2,20,20,20,13.0,8.0,5.0,7.0,0.0,0.65,ok,,20260918,20260918
20260918,600841.SH,动力新科,801093.SI,汽车零部件,L2,20,20,20,13.0,7.0,6.0,7.0,0.0,0.65,ok,,20260918,20260918
20260918,601799.SH,星宇股份,801093.SI,汽车零部件,L2,20,20,20,13.0,5.0,8.0,7.0,0.0,0.65,ok,,20260918,20260918
20260918,603035.SH,常熟汽饰,801093.SI,汽车零部件,L2,20,20,20,13.0,7.0,6.0,7.0,0.0,0.65,ok,,20260918,20260918
20260918,603085.SH,天成自控,801093.SI,汽车零部件,L2,20,20,20,13.0,5.0,8.0,7.0,0.0,0.65,ok,,20260918,20260918
20260918,603089.SH,正裕工业,801093.SI,汽车零部件,L2,20,20,20,13.0,6.0,7.0,7.0,0.0,0.65,ok,,20260918,20260918
20260918,603109.SH,神驰机电,801093.SI,汽车零部件,L2,20,20,20,13.0,7.0,6.0,7.0,0.0,0.65,ok,,20260918,20260918
20260918,603701.SH,德宏股份,801093.SI,汽车零部件,L2,20,20,20,13.0,6.0,7.0,7.0,0.0,0.65,ok,,20260918,20260918
20260918,605228.SH,神通科技,801093.SI,汽车零部件,L2,20,20,20,13.0,6.0,7.0,7.0,0.0,0.65,ok,,20260918,20260918
20260918,688612.SH,威迈斯,801093.SI,汽车零部件,L2,20,20,20,13.0,6.0,7.0,7.0,0.0,0.65,ok,,20260918,20260918
20260918,688737.SH,中自科技,801093.SI,汽车零部件,L2,20,20,20,13.0,5.0,8.0,7.0,0.0,0.65,ok,,20260918,20260918
20260918,000997.SZ,新大陆,801101.SI,计算机设备,L2,20,20,20,13.0,4.0,9.0,7.0,0.0,0.65,ok,,20260918,20260918
20260918,002990.SZ,盛视科技,801101.SI,计算机设备,L2,20,20,20,13.0,5.0,8.0,7.0,0.0,0.65,ok,,20260918,20260918
20260918,300248.SZ,新开普,801101.SI,计算机设备,L2,20,20,20,13.0,5.0,8.0,7.0,0.0,0.65,ok,,20260918,20260918
20260918,300333.SZ,兆日科技,801101.SI,计算机设备,L2,20,20,20,13.0,4.0,9.0,7.0,0.0,0.65,ok,,20260918,20260918
20260918,301339.SZ,通行宝,801101.SI,计算机设备,L2,20,20,20,13.0,6.0,7.0,7.0,0.0,0.65,ok,,20260918,20260918
20260918,605118.SH,力鼎光电,801101.SI,计算机设备,L2,20,20,20,13.0,5.0,8.0,7.0,0.0,0.65,ok,,20260918,20260918
20260918,688288.SH,鸿泉技术,801101.SI,计算机设备,L2,20,20,20,13.0,5.0,8.0,7.0,0.0,0.65,ok,,20260918,20260918
20260918,688292.SH,浩瀚深度,801101.SI,计算机设备,L2,20,20,20,13.0,5.0,8.0,7.0,0.0,0.65,ok,,20260918,20260918
20260918,920198.BJ,微创光电,801101.SI,计算机设备,L2,20,20,20,13.0,6.0,7.0,7.0,0.0,0.65,ok,,20260918,20260918
20260918,002178.SZ,延华智能,801104.SI,软件开发,L2,20,20,20,13.0,8.0,5.0,7.0,0.0,0.65,ok,,20260918,20260918
20260918,300033.SZ,同花顺,801104.SI,软件开发,L2,20,20,20,13.0,5.0,8.0,7.0,0.0,0.65,ok,,20260918,20260918
20260918,300559.SZ,佳发教育,801104.SI,软件开发,L2,20,20,20,13.0,7.0,6.0,7.0,0.0,0.65,ok,,20260918,20260918
20260918,301162.SZ,国能日新,801104.SI,软件开发,L2,20,20,20,13.0,6.0,7.0,7.0,0.0,0.65,ok,,20260918,20260918
20260918,688111.SH,金山办公,801104.SI,软件开发,L2,20,20,20,13.0,6.0,7.0,7.0,0.0,0.65,ok,,20260918,20260918
20260918,688479.SH,友车科技,801104.SI,软件开发,L2,20,20,20,13.0,5.0,8.0,7.0,0.0,0.65,ok,,20260918,20260918
20260918,000801.SZ,四川九洲,801112.SI,黑色家电,L2,20,20,20,13.0,7.0,6.0,7.0,0.0,0.65,ok,,20260918,20260918
20260918,688609.SH,九联科技,801112.SI,黑色家电,L2,20,20,20,13.0,6.0,7.0,7.0,0.0,0.65,ok,,20260918,20260918
20260918,688696.SH,极米科技,801112.SI,黑色家电,L2,20,20,20,13.0,7.0,6.0,7.0,0.0,0.65,ok,,20260918,20260918
20260918,001259.SZ,利仁科技,801113.SI,小家电,L2,20,20,20,13.0,5.0,8.0,7.0,0.0,0.65,ok,,20260918,20260918
20260918,002705.SZ,新宝股份,801113.SI,小家电,L2,20,20,20,13.0,6.0,7.0,7.0,0.0,0.65,ok,,20260918,20260918
20260918,300824.SZ,北鼎股份,801113.SI,小家电,L2,20,20,20,13.0,6.0,7.0,7.0,0.0,0.65,ok,,20260918,20260918
20260918,301362.SZ,民爆光电,801115.SI,照明设备Ⅱ,L2,20,20,20,13.0,6.0,7.0,7.0,0.0,0.65,ok,,20260918,20260918
20260918,603303.SH,得邦照明,801115.SI,照明设备Ⅱ,L2,20,20,20,13.0,7.0,6.0,7.0,0.0,0.65,ok,,20260918,20260918
20260918,003028.SZ,振邦智能,801116.SI,家电零部件Ⅱ,L2,20,20,20,13.0,7.0,6.0,7.0,0.0,0.65,ok,,20260918,20260918
20260918,301280.SZ,珠城科技,801116.SI,家电零部件Ⅱ,L2,20,20,20,13.0,7.0,6.0,7.0,0.0,0.65,ok,,20260918,20260918
20260918,603112.SH,华翔股份,801116.SI,家电零部件Ⅱ,L2,20,20,20,13.0,6.0,7.0,7.0,0.0,0.65,ok,,20260918,20260918
20260918,603677.SH,奇精机械,801116.SI,家电零部件Ⅱ,L2,20,20,20,13.0,6.0,7.0,7.0,0.0,0.65,ok,,20260918,20260918
20260918,920699.BJ,海达尔,801116.SI,家电零部件Ⅱ,L2,20,20,20,13.0,4.0,9.0,7.0,0.0,0.65,ok,,20260918,20260918
20260918,300791.SZ,仙乐健康,801124.SI,食品加工,L2,20,20,20,13.0,7.0,6.0,7.0,0.0,0.65,ok,,20260918,20260918
20260918,920429.BJ,康比特,801124.SI,食品加工,L2,20,20,20,13.0,5.0,8.0,7.0,0.0,0.65,ok,,20260918,20260918
20260918,601579.SH,会稽山,801126.SI,非白酒,L2,20,20,20,13.0,9.0,4.0,7.0,0.0,0.65,ok,,20260918,20260918
20260918,603288.SH,海天味业,801129.SI,调味发酵品Ⅱ,L2,20,20,20,13.0,6.0,7.0,7.0,0.0,0.65,ok,,20260918,20260918
20260918,603696.SH,安记食品,801129.SI,调味发酵品Ⅱ,L2,20,20,20,13.0,7.0,6.0,7.0,0.0,0.65,ok,,20260918,20260918
20260918,002003.SZ,伟星股份,801131.SI,纺织制造,L2,20,20,20,13.0,8.0,5.0,7.0,0.0,0.65,ok,,20260918,20260918
20260918,300979.SZ,华利集团,801131.SI,纺织制造,L2,20,20,20,13.0,6.0,7.0,7.0,0.0,0.65,ok,,20260918,20260918
20260918,301066.SZ,万事利,801131.SI,纺织制造,L2,20,20,20,13.0,7.0,6.0,7.0,0.0,0.65,ok,,20260918,20260918
20260918,600156.SH,华升股份,801131.SI,纺织制造,L2,20,20,20,13.0,7.0,6.0,7.0,0.0,0.65,ok,,20260918,20260918
20260918,002404.SZ,嘉欣丝绸,801132.SI,服装家纺,L2,20,20,20,13.0,8.0,5.0,7.0,0.0,0.65,ok,,20260918,20260918
20260918,002762.SZ,金发拉比,801132.SI,服装家纺,L2,20,20,20,13.0,7.0,6.0,7.0,0.0,0.65,ok,,20260918,20260918
20260918,300577.SZ,开润股份,801132.SI,服装家纺,L2,20,20,20,13.0,9.0,4.0,7.0,0.0,0.65,ok,,20260918,20260918
20260918,603307.SH,扬州金泉,801132.SI,服装家纺,L2,20,20,20,13.0,8.0,5.0,7.0,0.0,0.65,ok,,20260918,20260918
20260918,603518.SH,锦泓集团,801132.SI,服装家纺,L2,20,20,20,13.0,9.0,4.0,7.0,0.0,0.65,ok,,20260918,20260918
20260918,603665.SH,康隆达,801132.SI,服装家纺,L2,20,20,20,13.0,7.0,6.0,7.0,0.0,0.65,ok,,20260918,20260918
20260918,002117.SZ,东港股份,801141.SI,包装印刷,L2,20,20,20,13.0,6.0,7.0,7.0,0.0,0.65,ok,,20260918,20260918
20260918,002565.SZ,顺灏股份,801141.SI,包装印刷,L2,20,20,20,13.0,7.0,6.0,7.0,0.0,0.65,ok,,20260918,20260918
20260918,002599.SZ,盛通股份,801141.SI,包装印刷,L2,20,20,20,13.0,6.0,7.0,7.0,0.0,0.65,ok,,20260918,20260918
20260918,002787.SZ,华源控股,801141.SI,包装印刷,L2,20,20,20,13.0,7.0,6.0,7.0,0.0,0.65,ok,,20260918,20260918
20260918,002836.SZ,新宏泽,801141.SI,包装印刷,L2,20,20,20,13.0,8.0,5.0,7.0,0.0,0.65,ok,,20260918,20260918
20260918,300883.SZ,龙利得,801141.SI,包装印刷,L2,20,20,20,13.0,8.0,5.0,7.0,0.0,0.65,ok,,20260918,20260918
20260918,603499.SH,翔港科技,801141.SI,包装印刷,L2,20,20,20,13.0,9.0,4.0,7.0,0.0,0.65,ok,,20260918,20260918
20260918,603607.SH,京华激光,801141.SI,包装印刷,L2,20,20,20,13.0,6.0,7.0,7.0,0.0,0.65,ok,,20260918,20260918
20260918,920274.BJ,宏裕包材,801141.SI,包装印刷,L2,20,20,20,13.0,7.0,6.0,7.0,0.0,0.65,ok,,20260918,20260918
20260918,002572.SZ,索菲亚,801142.SI,家居用品,L2,20,20,20,13.0,6.0,7.0,7.0,0.0,0.65,ok,,20260918,20260918
20260918,002631.SZ,德尔未来,801142.SI,家居用品,L2,20,20,20,13.0,8.0,5.0,7.0,0.0,0.65,ok,,20260918,20260918
20260918,002918.SZ,蒙娜丽莎,801142.SI,家居用品,L2,20,20,20,13.0,7.0,6.0,7.0,0.0,0.65,ok,,20260918,20260918
20260918,301588.SZ,美新科技,801142.SI,家居用品,L2,20,20,20,13.0,7.0,6.0,7.0,0.0,0.65,ok,,20260918,20260918
20260918,603313.SH,梦百合,801142.SI,家居用品,L2,20,20,20,13.0,8.0,5.0,7.0,0.0,0.65,ok,,20260918,20260918
20260918,605155.SH,西大门,801142.SI,家居用品,L2,20,20,20,13.0,8.0,5.0,7.0,0.0,0.65,ok,,20260918,20260918
20260918,603284.SH,林平发展,801143.SI,造纸,L2,20,20,20,13.0,6.0,7.0,7.0,0.0,0.65,ok,,20260918,20260918
20260918,603733.SH,仙鹤股份,801143.SI,造纸,L2,20,20,20,13.0,6.0,7.0,7.0,0.0,0.65,ok,,20260918,20260918
20260918,001300.SZ,三柏硕,801145.SI,文娱用品,L2,20,20,20,13.0,7.0,6.0,7.0,0.0,0.65,ok,,20260918,20260918
20260918,301287.SZ,康力源,801145.SI,文娱用品,L2,20,20,20,13.0,8.0,5.0,7.0,0.0,0.65,ok,,20260918,20260918
20260918,605080.SH,浙江自然,801145.SI,文娱用品,L2,20,20,20,13.0,9.0,4.0,7.0,0.0,0.65,ok,,20260918,20260918
20260918,605299.SH,舒华体育,801145.SI,文娱用品,L2,20,20,20,13.0,7.0,6.0,7.0,0.0,0.65,ok,,20260918,20260918
20260918,000513.SZ,丽珠集团,801151.SI,化学制药,L2,20,20,20,13.0,7.0,6.0,7.0,0.0,0.65,ok,,20260918,20260918
20260918,002817.SZ,黄山胶囊,801151.SI,化学制药,L2,20,20,20,13.0,8.0,5.0,7.0,0.0,0.65,ok,,20260918,20260918
20260918,301065.SZ,本立科技,801151.SI,化学制药,L2,20,20,20,13.0,7.0,6.0,7.0,0.0,0.65,ok,,20260918,20260918
20260918,600488.SH,津药药业,801151.SI,化学制药,L2,20,20,20,13.0,7.0,6.0,7.0,0.0,0.65,ok,,20260918,20260918
20260918,600664.SH,哈药股份,801151.SI,化学制药,L2,20,20,20,13.0,7.0,6.0,7.0,0.0,0.65,ok,,20260918,20260918
20260918,688192.SH,迪哲医药,801151.SI,化学制药,L2,20,20,20,13.0,7.0,6.0,7.0,0.0,0.65,ok,,20260918,20260918
20260918,688197.SH,首药控股,801151.SI,化学制药,L2,20,20,20,13.0,6.0,7.0,7.0,0.0,0.65,ok,,20260918,20260918
20260918,688235.SH,百济神州,801151.SI,化学制药,L2,20,20,20,13.0,6.0,7.0,7.0,0.0,0.65,ok,,20260918,20260918
20260918,688553.SH,汇宇制药-W,801151.SI,化学制药,L2,20,20,20,13.0,6.0,7.0,7.0,0.0,0.65,ok,,20260918,20260918
20260918,688331.SH,荣昌生物,801152.SI,生物制品,L2,20,20,20,13.0,6.0,7.0,7.0,0.0,0.65,ok,,20260918,20260918
20260918,920547.BJ,无锡晶海,801152.SI,生物制品,L2,20,20,20,13.0,7.0,6.0,7.0,0.0,0.65,ok,,20260918,20260918
20260918,603205.SH,健尔康,801153.SI,医疗器械,L2,20,20,20,13.0,7.0,6.0,7.0,0.0,0.65,ok,,20260918,20260918
20260918,688198.SH,佰仁医疗,801153.SI,医疗器械,L2,20,20,20,13.0,6.0,7.0,7.0,0.0,0.65,ok,,20260918,20260918
20260918,688338.SH,赛科希德,801153.SI,医疗器械,L2,20,20,20,13.0,5.0,8.0,7.0,0.0,0.65,ok,,20260918,20260918
20260918,688410.SH,山外山,801153.SI,医疗器械,L2,20,20,20,13.0,5.0,8.0,7.0,0.0,0.65,ok,,20260918,20260918
20260918,688426.SH,康为世纪,801153.SI,医疗器械,L2,20,20,20,13.0,6.0,7.0,7.0,0.0,0.65,ok,,20260918,20260918
20260918,688576.SH,西山科技,801153.SI,医疗器械,L2,20,20,20,13.0,6.0,7.0,7.0,0.0,0.65,ok,,20260918,20260918
20260918,688617.SH,惠泰医疗,801153.SI,医疗器械,L2,20,20,20,13.0,5.0,8.0,7.0,0.0,0.65,ok,,20260918,20260918
20260918,688805.SH,健信超导,801153.SI,医疗器械,L2,20,20,20,13.0,6.0,7.0,7.0,0.0,0.65,ok,,20260918,20260918
20260918,920050.BJ,爱伦医疗,801153.SI,医疗器械,L2,20,20,20,13.0,7.0,6.0,7.0,0.0,0.65,ok,,20260918,20260918
20260918,920180.BJ,爱得科技,801153.SI,医疗器械,L2,20,20,20,13.0,7.0,6.0,7.0,0.0,0.65,ok,,20260918,20260918
20260918,002727.SZ,一心堂,801154.SI,医药商业,L2,20,20,20,13.0,5.0,8.0,7.0,0.0,0.65,ok,,20260918,20260918
20260918,600511.SH,国药股份,801154.SI,医药商业,L2,20,20,20,13.0,5.0,8.0,7.0,0.0,0.65,ok,,20260918,20260918
20260918,002317.SZ,众生药业,801155.SI,中药Ⅱ,L2,20,20,20,13.0,4.0,9.0,7.0,0.0,0.65,ok,,20260918,20260918
20260918,002873.SZ,新天药业,801155.SI,中药Ⅱ,L2,20,20,20,13.0,5.0,8.0,7.0,0.0,0.65,ok,,20260918,20260918
20260918,301111.SZ,粤万年青,801155.SI,中药Ⅱ,L2,20,20,20,13.0,7.0,6.0,7.0,0.0,0.65,ok,,20260918,20260918
20260918,600329.SH,达仁堂,801155.SI,中药Ⅱ,L2,20,20,20,13.0,6.0,7.0,7.0,0.0,0.65,ok,,20260918,20260918
20260918,600976.SH,健民集团,801155.SI,中药Ⅱ,L2,20,20,20,13.0,6.0,7.0,7.0,0.0,0.65,ok,,20260918,20260918
20260918,603439.SH,三力制药,801155.SI,中药Ⅱ,L2,20,20,20,13.0,6.0,7.0,7.0,0.0,0.65,ok,,20260918,20260918
20260918,920266.BJ,生物谷,801155.SI,中药Ⅱ,L2,20,20,20,13.0,5.0,8.0,7.0,0.0,0.65,ok,,20260918,20260918
20260918,301293.SZ,三博脑科,801156.SI,医疗服务,L2,20,20,20,13.0,5.0,8.0,7.0,0.0,0.65,ok,,20260918,20260918
20260918,301520.SZ,万邦医药,801156.SI,医疗服务,L2,20,20,20,13.0,6.0,7.0,7.0,0.0,0.65,ok,,20260918,20260918
20260918,600763.SH,通策医疗,801156.SI,医疗服务,L2,20,20,20,13.0,5.0,8.0,7.0,0.0,0.65,ok,,20260918,20260918
20260918,000600.SZ,建投能源,801161.SI,电力,L2,20,20,20,13.0,6.0,7.0,7.0,0.0,0.65,ok,,20260918,20260918
20260918,000722.SZ,湖南发展,801161.SI,电力,L2,20,20,20,13.0,7.0,6.0,7.0,0.0,0.65,ok,,20260918,20260918
20260918,001286.SZ,陕西能源,801161.SI,电力,L2,20,20,20,13.0,8.0,5.0,7.0,0.0,0.65,ok,,20260918,20260918
20260918,002480.SZ,新筑股份,801161.SI,电力,L2,20,20,20,13.0,6.0,7.0,7.0,0.0,0.65,ok,,20260918,20260918
20260918,002617.SZ,露笑科技,801161.SI,电力,L2,20,20,20,13.0,7.0,6.0,7.0,0.0,0.65,ok,,20260918,20260918
20260918,600098.SH,广州发展,801161.SI,电力,L2,20,20,20,13.0,8.0,5.0,7.0,0.0,0.65,ok,,20260918,20260918
20260918,600163.SH,中闽能源,801161.SI,电力,L2,20,20,20,13.0,9.0,4.0,7.0,0.0,0.65,ok,,20260918,20260918
20260918,600167.SH,联美控股,801161.SI,电力,L2,20,20,20,13.0,8.0,5.0,7.0,0.0,0.65,ok,,20260918,20260918
20260918,600982.SH,宁波能源,801161.SI,电力,L2,20,20,20,13.0,7.0,6.0,7.0,0.0,0.65,ok,,20260918,20260918
20260918,605090.SH,九丰能源,801163.SI,燃气Ⅱ,L2,20,20,20,13.0,6.0,7.0,7.0,0.0,0.65,ok,,20260918,20260918
20260918,605169.SH,洪通燃气,801163.SI,燃气Ⅱ,L2,20,20,20,13.0,9.0,4.0,7.0,0.0,0.65,ok,,20260918,20260918
20260918,000906.SZ,浙商中拓,801178.SI,物流,L2,20,20,20,13.0,8.0,5.0,7.0,0.0,0.65,ok,,20260918,20260918
20260918,001220.SZ,世盟股份,801178.SI,物流,L2,20,20,20,13.0,9.0,4.0,7.0,0.0,0.65,ok,,20260918,20260918
20260918,001228.SZ,永泰运,801178.SI,物流,L2,20,20,20,13.0,8.0,5.0,7.0,0.0,0.65,ok,,20260918,20260918
20260918,002468.SZ,申通快递,801178.SI,物流,L2,20,20,20,13.0,7.0,6.0,7.0,0.0,0.65,ok,,20260918,20260918
20260918,600603.SH,广汇物流,801178.SI,物流,L2,20,20,20,13.0,7.0,6.0,7.0,0.0,0.65,ok,,20260918,20260918
20260918,601156.SH,东航物流,801178.SI,物流,L2,20,20,20,13.0,7.0,6.0,7.0,0.0,0.65,ok,,20260918,20260918
20260918,603128.SH,华贸物流,801178.SI,物流,L2,20,20,20,13.0,8.0,5.0,7.0,0.0,0.65,ok,,20260918,20260918
20260918,000548.SZ,湖南投资,801179.SI,铁路公路,L2,20,20,20,13.0,7.0,6.0,7.0,0.0,0.65,ok,,20260918,20260918
20260918,600350.SH,山东高速,801179.SI,铁路公路,L2,20,20,20,13.0,6.0,7.0,7.0,0.0,0.65,ok,,20260918,20260918
20260918,600368.SH,五洲交通,801179.SI,铁路公路,L2,20,20,20,13.0,7.0,6.0,7.0,0.0,0.65,ok,,20260918,20260918
20260918,600561.SH,江西长运,801179.SI,铁路公路,L2,20,20,20,13.0,7.0,6.0,7.0,0.0,0.65,ok,,20260918,20260918
20260918,600604.SH,市北高新,801181.SI,房地产开发,L2,20,20,20,13.0,7.0,6.0,7.0,0.0,0.65,ok,,20260918,20260918
20260918,600665.SH,天地源,801181.SI,房地产开发,L2,20,20,20,13.0,8.0,5.0,7.0,0.0,0.65,ok,,20260918,20260918
20260918,600683.SH,京投发展,801181.SI,房地产开发,L2,20,20,20,13.0,6.0,7.0,7.0,0.0,0.65,ok,,20260918,20260918
20260918,600773.SH,西藏城投,801181.SI,房地产开发,L2,20,20,20,13.0,8.0,5.0,7.0,0.0,0.65,ok,,20260918,20260918
20260918,600848.SH,上海临港,801181.SI,房地产开发,L2,20,20,20,13.0,8.0,5.0,7.0,0.0,0.65,ok,,20260918,20260918
20260918,600895.SH,张江高科,801181.SI,房地产开发,L2,20,20,20,13.0,5.0,8.0,7.0,0.0,0.65,ok,,20260918,20260918
20260918,601155.SH,新城控股,801181.SI,房地产开发,L2,20,20,20,13.0,8.0,5.0,7.0,0.0,0.65,ok,,20260918,20260918
20260918,000415.SZ,渤海租赁,801191.SI,多元金融,L2,20,20,20,13.0,6.0,7.0,7.0,0.0,0.65,ok,,20260918,20260918
20260918,600128.SH,苏豪弘业,801202.SI,贸易Ⅱ,L2,20,20,20,13.0,7.0,6.0,7.0,0.0,0.65,ok,,20260918,20260918
20260918,600327.SH,大东方,801203.SI,一般零售,L2,20,20,20,13.0,6.0,7.0,7.0,0.0,0.65,ok,,20260918,20260918
20260918,600655.SH,豫园股份,801203.SI,一般零售,L2,20,20,20,13.0,9.0,4.0,7.0,0.0,0.65,ok,,20260918,20260918
20260918,600697.SH,欧亚集团,801203.SI,一般零售,L2,20,20,20,13.0,8.0,5.0,7.0,0.0,0.65,ok,,20260918,20260918
20260918,600785.SH,新华百货,801203.SI,一般零售,L2,20,20,20,13.0,7.0,6.0,7.0,0.0,0.65,ok,,20260918,20260918
20260918,600857.SH,宁波中百,801203.SI,一般零售,L2,20,20,20,13.0,7.0,6.0,7.0,0.0,0.65,ok,,20260918,20260918
20260918,605188.SH,国光连锁,801203.SI,一般零售,L2,20,20,20,13.0,7.0,6.0,7.0,0.0,0.65,ok,,20260918,20260918
20260918,003010.SZ,若羽臣,801206.SI,互联网电商,L2,20,20,20,13.0,7.0,6.0,7.0,0.0,0.65,ok,,20260918,20260918
20260918,600539.SH,狮头股份,801206.SI,互联网电商,L2,20,20,20,13.0,6.0,7.0,7.0,0.0,0.65,ok,,20260918,20260918
20260918,301115.SZ,联检科技,801218.SI,专业服务,L2,20,20,20,13.0,7.0,6.0,7.0,0.0,0.65,ok,,20260918,20260918
20260918,920753.BJ,天纺标,801218.SI,专业服务,L2,20,20,20,13.0,6.0,7.0,7.0,0.0,0.65,ok,,20260918,20260918
20260918,601112.SH,振石股份,801712.SI,玻璃玻纤,L2,20,20,20,13.0,9.0,4.0,7.0,0.0,0.65,ok,,20260918,20260918
20260918,002043.SZ,兔宝宝,801713.SI,装修建材,L2,20,20,20,13.0,5.0,8.0,7.0,0.0,0.65,ok,,20260918,20260918
20260918,002066.SZ,瑞泰科技,801713.SI,装修建材,L2,20,20,20,13.0,6.0,7.0,7.0,0.0,0.65,ok,,20260918,20260918
20260918,002392.SZ,北京利尔,801713.SI,装修建材,L2,20,20,20,13.0,6.0,7.0,7.0,0.0,0.65,ok,,20260918,20260918
20260918,002785.SZ,万里石,801713.SI,装修建材,L2,20,20,20,13.0,8.0,5.0,7.0,0.0,0.65,ok,,20260918,20260918
20260918,300599.SZ,雄塑科技,801713.SI,装修建材,L2,20,20,20,13.0,7.0,6.0,7.0,0.0,0.65,ok,,20260918,20260918
20260918,920076.BJ,国亮新材,801713.SI,装修建材,L2,20,20,20,13.0,7.0,6.0,7.0,0.0,0.65,ok,,20260918,20260918
20260918,000628.SZ,高新发展,801721.SI,房屋建设Ⅱ,L2,20,20,20,13.0,8.0,5.0,7.0,0.0,0.65,ok,,20260918,20260918
20260918,002713.SZ,东易日盛,801722.SI,装修装饰Ⅱ,L2,20,20,20,13.0,6.0,7.0,7.0,0.0,0.65,ok,,20260918,20260918
20260918,002830.SZ,名雕股份,801722.SI,装修装饰Ⅱ,L2,20,20,20,13.0,8.0,5.0,7.0,0.0,0.65,ok,,20260918,20260918
20260918,300712.SZ,永福股份,801724.SI,专业工程,L2,20,20,20,13.0,6.0,7.0,7.0,0.0,0.65,ok,,20260918,20260918
20260918,601226.SH,华电科工,801724.SI,专业工程,L2,20,20,20,13.0,5.0,8.0,7.0,0.0,0.65,ok,,20260918,20260918
20260918,603098.SH,森特股份,801724.SI,专业工程,L2,20,20,20,13.0,7.0,6.0,7.0,0.0,0.65,ok,,20260918,20260918
20260918,603929.SH,亚翔集成,801724.SI,专业工程,L2,20,20,20,13.0,6.0,7.0,7.0,0.0,0.65,ok,,20260918,20260918
20260918,605289.SH,罗曼股份,801724.SI,专业工程,L2,20,20,20,13.0,6.0,7.0,7.0,0.0,0.65,ok,,20260918,20260918
20260918,300675.SZ,建科院,801726.SI,工程咨询服务Ⅱ,L2,20,20,20,13.0,7.0,6.0,7.0,0.0,0.65,ok,,20260918,20260918
20260918,300844.SZ,山水比德,801726.SI,工程咨询服务Ⅱ,L2,20,20,20,13.0,7.0,6.0,7.0,0.0,0.65,ok,,20260918,20260918
20260918,603819.SH,神力股份,801731.SI,电机Ⅱ,L2,20,20,20,13.0,8.0,5.0,7.0,0.0,0.65,ok,,20260918,20260918
20260918,300491.SZ,通合科技,801733.SI,其他电源设备Ⅱ,L2,20,20,20,13.0,7.0,6.0,7.0,0.0,0.65,ok,,20260918,20260918
20260918,300713.SZ,英可瑞,801733.SI,其他电源设备Ⅱ,L2,20,20,20,13.0,5.0,8.0,7.0,0.0,0.65,ok,,20260918,20260918
20260918,688551.SH,科威尔,801733.SI,其他电源设备Ⅱ,L2,20,20,20,13.0,6.0,7.0,7.0,0.0,0.65,ok,,20260918,20260918
20260918,300118.SZ,东方日升,801735.SI,光伏设备,L2,20,20,20,13.0,3.0,10.0,7.0,0.0,0.65,ok,,20260918,20260918
20260918,300316.SZ,晶盛机电,801735.SI,光伏设备,L2,20,20,20,13.0,3.0,10.0,7.0,0.0,0.65,ok,,20260918,20260918
20260918,300751.SZ,迈为股份,801735.SI,光伏设备,L2,20,20,20,13.0,4.0,9.0,7.0,0.0,0.65,ok,,20260918,20260918
20260918,301636.SZ,泽润新能,801735.SI,光伏设备,L2,20,20,20,13.0,4.0,9.0,7.0,0.0,0.65,ok,,20260918,20260918
20260918,603212.SH,赛伍技术,801735.SI,光伏设备,L2,20,20,20,13.0,5.0,8.0,7.0,0.0,0.65,ok,,20260918,20260918
20260918,603381.SH,永臻股份,801735.SI,光伏设备,L2,20,20,20,13.0,3.0,10.0,7.0,0.0,0.65,ok,,20260918,20260918
20260918,688032.SH,禾迈股份,801735.SI,光伏设备,L2,20,20,20,13.0,4.0,9.0,7.0,0.0,0.65,ok,,20260918,20260918
20260918,688516.SH,奥特维,801735.SI,光伏设备,L2,20,20,20,13.0,5.0,8.0,7.0,0.0,0.65,ok,,20260918,20260918
20260918,688556.SH,高测股份,801735.SI,光伏设备,L2,20,20,20,13.0,3.0,10.0,7.0,0.0,0.65,ok,,20260918,20260918
20260918,920007.BJ,酉立智能,801735.SI,光伏设备,L2,20,20,20,13.0,3.0,10.0,7.0,0.0,0.65,ok,,20260918,20260918
20260918,920167.BJ,同享科技,801735.SI,光伏设备,L2,20,20,20,13.0,3.0,10.0,7.0,0.0,0.65,ok,,20260918,20260918
20260918,301163.SZ,宏德股份,801736.SI,风电设备,L2,20,20,20,13.0,7.0,6.0,7.0,0.0,0.65,ok,,20260918,20260918
20260918,603063.SH,禾望电气,801736.SI,风电设备,L2,20,20,20,13.0,7.0,6.0,7.0,0.0,0.65,ok,,20260918,20260918
20260918,688186.SH,广大特材,801736.SI,风电设备,L2,20,20,20,13.0,8.0,5.0,7.0,0.0,0.65,ok,,20260918,20260918
20260918,002125.SZ,湘潭电化,801737.SI,电池,L2,20,20,20,13.0,4.0,9.0,7.0,0.0,0.65,ok,,20260918,20260918
20260918,002245.SZ,蔚蓝锂芯,801737.SI,电池,L2,20,20,20,13.0,3.0,10.0,7.0,0.0,0.65,ok,,20260918,20260918
20260918,300450.SZ,先导智能,801737.SI,电池,L2,20,20,20,13.0,4.0,9.0,7.0,0.0,0.65,ok,,20260918,20260918
20260918,301217.SZ,铜冠铜箔,801737.SI,电池,L2,20,20,20,13.0,4.0,9.0,7.0,0.0,0.65,ok,,20260918,20260918
20260918,301222.SZ,浙江恒威,801737.SI,电池,L2,20,20,20,13.0,4.0,9.0,7.0,0.0,0.65,ok,,20260918,20260918
20260918,301327.SZ,华宝新能,801737.SI,电池,L2,20,20,20,13.0,3.0,10.0,7.0,0.0,0.65,ok,,20260918,20260918
20260918,301599.SZ,理奇智能,801737.SI,电池,L2,20,20,20,13.0,4.0,9.0,7.0,0.0,0.65,ok,,20260918,20260918
20260918,688275.SH,万润新能,801737.SI,电池,L2,20,20,20,13.0,4.0,9.0,7.0,0.0,0.65,ok,,20260918,20260918
20260918,688707.SH,振华新材,801737.SI,电池,L2,20,20,20,13.0,4.0,9.0,7.0,0.0,0.65,ok,,20260918,20260918
20260918,688778.SH,厦钨新能,801737.SI,电池,L2,20,20,20,13.0,4.0,9.0,7.0,0.0,0.65,ok,,20260918,20260918
20260918,000533.SZ,顺钠股份,801738.SI,电网设备,L2,20,20,20,13.0,5.0,8.0,7.0,0.0,0.65,ok,,20260918,20260918
20260918,002300.SZ,太阳电缆,801738.SI,电网设备,L2,20,20,20,13.0,6.0,7.0,7.0,0.0,0.65,ok,,20260918,20260918
20260918,002882.SZ,金龙羽,801738.SI,电网设备,L2,20,20,20,13.0,5.0,8.0,7.0,0.0,0.65,ok,,20260918,20260918
20260918,002953.SZ,日丰股份,801738.SI,电网设备,L2,20,20,20,13.0,4.0,9.0,7.0,0.0,0.65,ok,,20260918,20260918
20260918,300286.SZ,安科瑞,801738.SI,电网设备,L2,20,20,20,13.0,5.0,8.0,7.0,0.0,0.65,ok,,20260918,20260918
20260918,300427.SZ,红相股份,801738.SI,电网设备,L2,20,20,20,13.0,5.0,8.0,7.0,0.0,0.65,ok,,20260918,20260918
20260918,300510.SZ,金冠股份,801738.SI,电网设备,L2,20,20,20,13.0,4.0,9.0,7.0,0.0,0.65,ok,,20260918,20260918
20260918,301002.SZ,崧盛股份,801738.SI,电网设备,L2,20,20,20,13.0,4.0,9.0,7.0,0.0,0.65,ok,,20260918,20260918
20260918,600192.SH,长城电工,801738.SI,电网设备,L2,20,20,20,13.0,6.0,7.0,7.0,0.0,0.65,ok,,20260918,20260918
20260918,600312.SH,平高电气,801738.SI,电网设备,L2,20,20,20,13.0,5.0,8.0,7.0,0.0,0.65,ok,,20260918,20260918
20260918,600869.SH,远东股份,801738.SI,电网设备,L2,20,20,20,13.0,6.0,7.0,7.0,0.0,0.65,ok,,20260918,20260918
20260918,601222.SH,林洋能源,801738.SI,电网设备,L2,20,20,20,13.0,6.0,7.0,7.0,0.0,0.65,ok,,20260918,20260918
20260918,603829.SH,洛凯股份,801738.SI,电网设备,L2,20,20,20,13.0,5.0,8.0,7.0,0.0,0.65,ok,,20260918,20260918
20260918,920299.BJ,灿能电力,801738.SI,电网设备,L2,20,20,20,13.0,5.0,8.0,7.0,0.0,0.65,ok,,20260918,20260918
20260918,300722.SZ,新余国科,801741.SI,航天装备Ⅱ,L2,20,20,20,13.0,7.0,6.0,7.0,0.0,0.65,ok,,20260918,20260918
20260918,688282.SH,理工导航,801741.SI,航天装备Ⅱ,L2,20,20,20,13.0,5.0,8.0,7.0,0.0,0.65,ok,,20260918,20260918
20260918,300965.SZ,恒宇信通,801742.SI,航空装备Ⅱ,L2,20,20,20,13.0,7.0,6.0,7.0,0.0,0.65,ok,,20260918,20260918
20260918,600391.SH,航发科技,801742.SI,航空装备Ⅱ,L2,20,20,20,13.0,9.0,4.0,7.0,0.0,0.65,ok,,20260918,20260918
20260918,688239.SH,航宇科技,801742.SI,航空装备Ⅱ,L2,20,20,20,13.0,8.0,5.0,7.0,0.0,0.65,ok,,20260918,20260918
20260918,688297.SH,中无人机,801742.SI,航空装备Ⅱ,L2,20,20,20,13.0,8.0,5.0,7.0,0.0,0.65,ok,,20260918,20260918
20260918,002189.SZ,中光学,801745.SI,军工电子Ⅱ,L2,20,20,20,13.0,7.0,6.0,7.0,0.0,0.65,ok,,20260918,20260918
20260918,301707.SZ,展芯股份,801745.SI,军工电子Ⅱ,L2,20,20,20,13.0,5.0,8.0,7.0,0.0,0.65,ok,,20260918,20260918
20260918,600562.SH,国睿科技,801745.SI,军工电子Ⅱ,L2,20,20,20,13.0,7.0,6.0,7.0,0.0,0.65,ok,,20260918,20260918
20260918,600855.SH,航天长峰,801745.SI,军工电子Ⅱ,L2,20,20,20,13.0,7.0,6.0,7.0,0.0,0.65,ok,,20260918,20260918
20260918,603712.SH,七一二,801745.SI,军工电子Ⅱ,L2,20,20,20,13.0,7.0,6.0,7.0,0.0,0.65,ok,,20260918,20260918
20260918,688511.SH,天微电子,801745.SI,军工电子Ⅱ,L2,20,20,20,13.0,7.0,6.0,7.0,0.0,0.65,ok,,20260918,20260918
20260918,688522.SH,纳睿雷达,801745.SI,军工电子Ⅱ,L2,20,20,20,13.0,5.0,8.0,7.0,0.0,0.65,ok,,20260918,20260918
20260918,002517.SZ,恺英网络,801764.SI,游戏Ⅱ,L2,20,20,20,13.0,6.0,7.0,7.0,0.0,0.65,ok,,20260918,20260918
20260918,002605.SZ,姚记科技,801764.SI,游戏Ⅱ,L2,20,20,20,13.0,6.0,7.0,7.0,0.0,0.65,ok,,20260918,20260918
20260918,300467.SZ,迅游科技,801764.SI,游戏Ⅱ,L2,20,20,20,13.0,5.0,8.0,7.0,0.0,0.65,ok,,20260918,20260918
20260918,300061.SZ,旗天科技,801765.SI,广告营销,L2,20,20,20,13.0,7.0,6.0,7.0,0.0,0.65,ok,,20260918,20260918
20260918,600228.SH,返利科技,801767.SI,数字媒体,L2,20,20,20,13.0,10.0,3.0,7.0,0.0,0.65,ok,,20260918,20260918
20260918,000719.SZ,中原传媒,801769.SI,出版,L2,20,20,20,13.0,6.0,7.0,7.0,0.0,0.65,ok,,20260918,20260918
20260918,300654.SZ,世纪天鸿,801769.SI,出版,L2,20,20,20,13.0,6.0,7.0,7.0,0.0,0.65,ok,,20260918,20260918
20260918,601999.SH,出版传媒,801769.SI,出版,L2,20,20,20,13.0,8.0,5.0,7.0,0.0,0.65,ok,,20260918,20260918
20260918,603776.SH,永安行,801881.SI,摩托车及其他,L2,20,20,20,13.0,6.0,7.0,7.0,0.0,0.65,ok,,20260918,20260918
20260918,600508.SH,上海能源,801951.SI,煤炭开采,L2,20,20,20,13.0,6.0,7.0,7.0,0.0,0.65,ok,,20260918,20260918
20260918,002828.SZ,贝肯能源,801962.SI,油服工程,L2,20,20,20,13.0,5.0,8.0,7.0,0.0,0.65,ok,,20260918,20260918
20260918,001316.SZ,润贝航科,801963.SI,炼化及贸易,L2,20,20,20,13.0,4.0,9.0,7.0,0.0,0.65,ok,,20260918,20260918
20260918,600800.SH,渤海化学,801963.SI,炼化及贸易,L2,20,20,20,13.0,3.0,10.0,7.0,0.0,0.65,ok,,20260918,20260918
20260918,603798.SH,康普顿,801963.SI,炼化及贸易,L2,20,20,20,13.0,5.0,8.0,7.0,0.0,0.65,ok,,20260918,20260918
20260918,300692.SZ,中赋科技,801971.SI,环境治理,L2,20,20,20,13.0,6.0,7.0,7.0,0.0,0.65,ok,,20260918,20260918
20260918,300779.SZ,惠城环保,801971.SI,环境治理,L2,20,20,20,13.0,5.0,8.0,7.0,0.0,0.65,ok,,20260918,20260918
20260918,301203.SZ,国泰环保,801971.SI,环境治理,L2,20,20,20,13.0,6.0,7.0,7.0,0.0,0.65,ok,,20260918,20260918
20260918,301305.SZ,朗坤科技,801971.SI,环境治理,L2,20,20,20,13.0,7.0,6.0,7.0,0.0,0.65,ok,,20260918,20260918
20260918,603315.SH,福鞍股份,801971.SI,环境治理,L2,20,20,20,13.0,5.0,8.0,7.0,0.0,0.65,ok,,20260918,20260918
20260918,688096.SH,京源环保,801971.SI,环境治理,L2,20,20,20,13.0,5.0,8.0,7.0,0.0,0.65,ok,,20260918,20260918
20260918,688480.SH,赛恩斯,801971.SI,环境治理,L2,20,20,20,13.0,6.0,7.0,7.0,0.0,0.65,ok,,20260918,20260918
20260918,688679.SH,通源环境,801971.SI,环境治理,L2,20,20,20,13.0,6.0,7.0,7.0,0.0,0.65,ok,,20260918,20260918
20260918,603126.SH,中材节能,801972.SI,环保设备Ⅱ,L2,20,20,20,13.0,7.0,6.0,7.0,0.0,0.65,ok,,20260918,20260918
20260918,003006.SZ,百亚股份,801981.SI,个护用品,L2,20,20,20,13.0,10.0,3.0,7.0,0.0,0.65,ok,,20260918,20260918
20260918,300740.SZ,水羊股份,801982.SI,化妆品,L2,20,20,20,13.0,5.0,8.0,7.0,0.0,0.65,ok,,20260918,20260918
20260918,300955.SZ,嘉亨家化,801982.SI,化妆品,L2,20,20,20,13.0,7.0,6.0,7.0,0.0,0.65,ok,,20260918,20260918
20260918,600026.SH,中远海能,801992.SI,航运港口,L2,20,20,20,13.0,6.0,7.0,7.0,0.0,0.65,ok,,20260918,20260918
20260918,000978.SZ,桂林旅游,801993.SI,旅游及景区,L2,20,20,20,13.0,9.0,4.0,7.0,0.0,0.65,ok,,20260918,20260918
20260918,600593.SH,大连圣亚,801993.SI,旅游及景区,L2,20,20,20,13.0,7.0,6.0,7.0,0.0,0.65,ok,,20260918,20260918
20260918,300823.SZ,建科智能,801074.SI,专用设备,L2,20,20,17,11.0,5.0,6.0,6.0,3.0,0.6470588235294118,ok,,20260918,20260918
20260918,300011.SZ,鼎汉技术,801076.SI,轨交设备Ⅱ,L2,20,20,17,11.0,7.0,4.0,6.0,3.0,0.6470588235294118,ok,,20260918,20260918
20260918,688538.SH,和辉光电,801084.SI,光学光电子,L2,20,20,17,11.0,4.0,7.0,6.0,3.0,0.6470588235294118,ok,,20260918,20260918
20260918,600081.SH,东风科技,801093.SI,汽车零部件,L2,20,20,17,11.0,5.0,6.0,6.0,3.0,0.6470588235294118,ok,,20260918,20260918
20260918,600303.SH,曙光股份,801096.SI,商用车,L2,20,20,17,11.0,5.0,6.0,6.0,3.0,0.6470588235294118,ok,,20260918,20260918
20260918,000690.SZ,宝新能源,801161.SI,电力,L2,20,20,17,11.0,6.0,5.0,6.0,3.0,0.6470588235294118,ok,,20260918,20260918
20260918,000900.SZ,现代投资,801179.SI,铁路公路,L2,20,20,17,11.0,6.0,5.0,6.0,3.0,0.6470588235294118,ok,,20260918,20260918
20260918,600033.SH,福建高速,801179.SI,铁路公路,L2,20,20,17,11.0,8.0,3.0,6.0,3.0,0.6470588235294118,ok,,20260918,20260918
20260918,601188.SH,龙江交通,801179.SI,铁路公路,L2,20,20,17,11.0,6.0,5.0,6.0,3.0,0.6470588235294118,ok,,20260918,20260918
20260918,600854.SH,春兰股份,801181.SI,房地产开发,L2,20,20,17,11.0,7.0,4.0,6.0,3.0,0.6470588235294118,ok,,20260918,20260918
20260918,000839.SZ,国安股份,801223.SI,通信服务,L2,20,20,17,11.0,5.0,6.0,6.0,3.0,0.6470588235294118,ok,,20260918,20260918
20260918,300603.SZ,立昂技术,801223.SI,通信服务,L2,20,20,17,11.0,6.0,5.0,6.0,3.0,0.6470588235294118,ok,,20260918,20260918
20260918,002247.SZ,聚力文化,801713.SI,装修建材,L2,20,20,17,11.0,6.0,5.0,6.0,3.0,0.6470588235294118,ok,,20260918,20260918
20260918,601618.SH,中国中冶,801724.SI,专业工程,L2,20,20,17,11.0,6.0,5.0,6.0,3.0,0.6470588235294118,ok,,20260918,20260918
20260918,920985.BJ,海泰新能,801735.SI,光伏设备,L2,20,20,17,11.0,2.0,9.0,6.0,3.0,0.6470588235294118,ok,,20260918,20260918
20260918,601658.SH,邮储银行,801782.SI,国有大型银行Ⅱ,L2,20,20,17,11.0,6.0,5.0,6.0,3.0,0.6470588235294118,ok,,20260918,20260918
20260918,601158.SH,重庆水务,801971.SI,环境治理,L2,20,20,17,11.0,6.0,5.0,6.0,3.0,0.6470588235294118,ok,,20260918,20260918
20260918,601880.SH,辽港股份,801992.SI,航运港口,L2,20,20,14,9.0,4.0,5.0,5.0,6.0,0.6428571428571429,ok,,20260918,20260918
20260918,002299.SZ,圣农发展,801017.SI,养殖业,L2,20,20,19,12.0,5.0,7.0,7.0,1.0,0.631578947368421,ok,,20260918,20260918
20260918,002145.SZ,钛能化学,801033.SI,化学原料,L2,20,20,19,12.0,7.0,5.0,7.0,1.0,0.631578947368421,ok,,20260918,20260918
20260918,300891.SZ,惠云钛业,801033.SI,化学原料,L2,20,20,19,12.0,7.0,5.0,7.0,1.0,0.631578947368421,ok,,20260918,20260918
20260918,600746.SH,江苏索普,801033.SI,化学原料,L2,20,20,19,12.0,7.0,5.0,7.0,1.0,0.631578947368421,ok,,20260918,20260918
20260918,600784.SH,鲁银投资,801033.SI,化学原料,L2,20,20,19,12.0,5.0,7.0,7.0,1.0,0.631578947368421,ok,,20260918,20260918
20260918,601568.SH,北元化工,801033.SI,化学原料,L2,20,20,19,12.0,6.0,6.0,7.0,1.0,0.631578947368421,ok,,20260918,20260918
20260918,603299.SH,苏盐井神,801033.SI,化学原料,L2,20,20,19,12.0,6.0,6.0,7.0,1.0,0.631578947368421,ok,,20260918,20260918
20260918,000565.SZ,渝三峡A,801034.SI,化学制品,L2,20,20,19,12.0,6.0,6.0,7.0,1.0,0.631578947368421,ok,,20260918,20260918
20260918,000881.SZ,中广核技,801034.SI,化学制品,L2,20,20,19,12.0,6.0,6.0,7.0,1.0,0.631578947368421,ok,,20260918,20260918
20260918,002001.SZ,新和成,801034.SI,化学制品,L2,20,20,19,12.0,7.0,5.0,7.0,1.0,0.631578947368421,ok,,20260918,20260918
20260918,002054.SZ,德美化工,801034.SI,化学制品,L2,20,20,19,12.0,6.0,6.0,7.0,1.0,0.631578947368421,ok,,20260918,20260918
20260918,002666.SZ,德联集团,801034.SI,化学制品,L2,20,20,19,12.0,6.0,6.0,7.0,1.0,0.631578947368421,ok,,20260918,20260918
20260918,300067.SZ,安诺其,801034.SI,化学制品,L2,20,20,19,12.0,6.0,6.0,7.0,1.0,0.631578947368421,ok,,20260918,20260918
20260918,300721.SZ,怡达股份,801034.SI,化学制品,L2,20,20,19,12.0,5.0,7.0,7.0,1.0,0.631578947368421,ok,,20260918,20260918
20260918,300910.SZ,瑞丰新材,801034.SI,化学制品,L2,20,20,19,12.0,7.0,5.0,7.0,1.0,0.631578947368421,ok,,20260918,20260918
20260918,301617.SZ,博苑新材,801034.SI,化学制品,L2,20,20,19,12.0,6.0,6.0,7.0,1.0,0.631578947368421,ok,,20260918,20260918
20260918,603188.SH,亚邦股份,801034.SI,化学制品,L2,20,20,19,12.0,7.0,5.0,7.0,1.0,0.631578947368421,ok,,20260918,20260918
20260918,688357.SH,建龙微纳,801034.SI,化学制品,L2,20,20,19,12.0,5.0,7.0,7.0,1.0,0.631578947368421,ok,,20260918,20260918
20260918,688639.SH,华恒生物,801034.SI,化学制品,L2,20,20,19,12.0,7.0,5.0,7.0,1.0,0.631578947368421,ok,,20260918,20260918
20260918,920107.BJ,恒兴股份,801034.SI,化学制品,L2,20,20,19,12.0,5.0,7.0,7.0,1.0,0.631578947368421,ok,,20260918,20260918
20260918,920519.BJ,万德股份,801034.SI,化学制品,L2,20,20,19,12.0,7.0,5.0,7.0,1.0,0.631578947368421,ok,,20260918,20260918
20260918,001255.SZ,博菲电气,801036.SI,塑料,L2,20,20,19,12.0,7.0,5.0,7.0,1.0,0.631578947368421,ok,,20260918,20260918
20260918,002361.SZ,神剑股份,801036.SI,塑料,L2,20,20,19,12.0,6.0,6.0,7.0,1.0,0.631578947368421,ok,,20260918,20260918
20260918,300644.SZ,南京聚隆,801036.SI,塑料,L2,20,20,19,12.0,5.0,7.0,7.0,1.0,0.631578947368421,ok,,20260918,20260918
20260918,301090.SZ,华润材料,801036.SI,塑料,L2,20,20,19,12.0,6.0,6.0,7.0,1.0,0.631578947368421,ok,,20260918,20260918
20260918,301237.SZ,和顺科技,801036.SI,塑料,L2,20,20,19,12.0,6.0,6.0,7.0,1.0,0.631578947368421,ok,,20260918,20260918
20260918,605488.SH,福莱新材,801036.SI,塑料,L2,20,20,19,12.0,6.0,6.0,7.0,1.0,0.631578947368421,ok,,20260918,20260918
20260918,920066.BJ,科拜尔,801036.SI,塑料,L2,20,20,19,12.0,6.0,6.0,7.0,1.0,0.631578947368421,ok,,20260918,20260918
20260918,920469.BJ,富恒新材,801036.SI,塑料,L2,20,20,19,12.0,6.0,6.0,7.0,1.0,0.631578947368421,ok,,20260918,20260918
20260918,002068.SZ,黑猫股份,801037.SI,橡胶,L2,20,20,19,12.0,8.0,4.0,7.0,1.0,0.631578947368421,ok,,20260918,20260918
20260918,002381.SZ,双箭股份,801037.SI,橡胶,L2,20,20,19,12.0,6.0,6.0,7.0,1.0,0.631578947368421,ok,,20260918,20260918
20260918,601121.SH,宝地矿业,801043.SI,冶钢原料,L2,20,20,19,12.0,6.0,6.0,7.0,1.0,0.631578947368421,ok,,20260918,20260918
20260918,600126.SH,杭钢股份,801044.SI,普钢,L2,20,20,19,12.0,5.0,7.0,7.0,1.0,0.631578947368421,ok,,20260918,20260918
20260918,301522.SZ,上大股份,801051.SI,金属新材料,L2,20,20,19,12.0,6.0,6.0,7.0,1.0,0.631578947368421,ok,,20260918,20260918
20260918,601609.SH,金田股份,801055.SI,工业金属,L2,20,20,19,12.0,6.0,6.0,7.0,1.0,0.631578947368421,ok,,20260918,20260918
20260918,603527.SH,众源新材,801055.SI,工业金属,L2,20,20,19,12.0,6.0,6.0,7.0,1.0,0.631578947368421,ok,,20260918,20260918
20260918,000530.SZ,冰山冷热,801072.SI,通用设备,L2,20,20,19,12.0,6.0,6.0,7.0,1.0,0.631578947368421,ok,,20260918,20260918
20260918,001379.SZ,腾达科技,801072.SI,通用设备,L2,20,20,19,12.0,6.0,6.0,7.0,1.0,0.631578947368421,ok,,20260918,20260918
20260918,002686.SZ,亿利达,801072.SI,通用设备,L2,20,20,19,12.0,5.0,7.0,7.0,1.0,0.631578947368421,ok,,20260918,20260918
20260918,300263.SZ,隆华科技,801072.SI,通用设备,L2,20,20,19,12.0,6.0,6.0,7.0,1.0,0.631578947368421,ok,,20260918,20260918
20260918,300441.SZ,鲍斯股份,801072.SI,通用设备,L2,20,20,19,12.0,6.0,6.0,7.0,1.0,0.631578947368421,ok,,20260918,20260918
20260918,301137.SZ,哈焊华通,801072.SI,通用设备,L2,20,20,19,12.0,6.0,6.0,7.0,1.0,0.631578947368421,ok,,20260918,20260918
20260918,603028.SH,赛福天,801072.SI,通用设备,L2,20,20,19,12.0,5.0,7.0,7.0,1.0,0.631578947368421,ok,,20260918,20260918
20260918,920807.BJ,奔朗新材,801072.SI,通用设备,L2,20,20,19,12.0,6.0,6.0,7.0,1.0,0.631578947368421,ok,,20260918,20260918
20260918,300509.SZ,新美星,801074.SI,专用设备,L2,20,20,19,12.0,5.0,7.0,7.0,1.0,0.631578947368421,ok,,20260918,20260918
20260918,688596.SH,正帆科技,801074.SI,专用设备,L2,20,20,19,12.0,4.0,8.0,7.0,1.0,0.631578947368421,ok,,20260918,20260918
20260918,688009.SH,中国通号,801076.SI,轨交设备Ⅱ,L2,20,20,19,12.0,6.0,6.0,7.0,1.0,0.631578947368421,ok,,20260918,20260918
20260918,920027.BJ,交大铁发,801076.SI,轨交设备Ⅱ,L2,20,20,19,12.0,8.0,4.0,7.0,1.0,0.631578947368421,ok,,20260918,20260918
20260918,603298.SH,杭叉集团,801077.SI,工程机械,L2,20,20,19,12.0,4.0,8.0,7.0,1.0,0.631578947368421,ok,,20260918,20260918
20260918,301320.SZ,豪江智能,801078.SI,自动化设备,L2,20,20,19,12.0,7.0,5.0,7.0,1.0,0.631578947368421,ok,,20260918,20260918
20260918,688213.SH,思特威-W,801081.SI,半导体,L2,20,20,19,12.0,3.0,9.0,7.0,1.0,0.631578947368421,ok,,20260918,20260918
20260918,688432.SH,有研硅,801081.SI,半导体,L2,20,20,19,12.0,6.0,6.0,7.0,1.0,0.631578947368421,ok,,20260918,20260918
20260918,002729.SZ,好利科技,801082.SI,其他电子Ⅱ,L2,20,20,19,12.0,5.0,7.0,7.0,1.0,0.631578947368421,ok,,20260918,20260918
20260918,003019.SZ,宸展光电,801084.SI,光学光电子,L2,20,20,19,12.0,7.0,5.0,7.0,1.0,0.631578947368421,ok,,20260918,20260918
20260918,002045.SZ,国光电器,801085.SI,消费电子,L2,20,20,19,12.0,5.0,7.0,7.0,1.0,0.631578947368421,ok,,20260918,20260918
20260918,300647.SZ,超频三,801085.SI,消费电子,L2,20,20,19,12.0,6.0,6.0,7.0,1.0,0.631578947368421,ok,,20260918,20260918
20260918,603890.SH,春秋电子,801085.SI,消费电子,L2,20,20,19,12.0,5.0,7.0,7.0,1.0,0.631578947368421,ok,,20260918,20260918
20260918,920005.BJ,鼎佳精密,801085.SI,消费电子,L2,20,20,19,12.0,6.0,6.0,7.0,1.0,0.631578947368421,ok,,20260918,20260918
20260918,603002.SH,宏昌电子,801086.SI,电子化学品Ⅱ,L2,20,20,19,12.0,4.0,8.0,7.0,1.0,0.631578947368421,ok,,20260918,20260918
20260918,600822.SH,上海物贸,801092.SI,汽车服务,L2,20,20,19,12.0,8.0,4.0,7.0,1.0,0.631578947368421,ok,,20260918,20260918
20260918,601965.SH,中国汽研,801092.SI,汽车服务,L2,20,20,19,12.0,4.0,8.0,7.0,1.0,0.631578947368421,ok,,20260918,20260918
20260918,002725.SZ,跃岭股份,801093.SI,汽车零部件,L2,20,20,19,12.0,5.0,7.0,7.0,1.0,0.631578947368421,ok,,20260918,20260918
20260918,603006.SH,联明股份,801093.SI,汽车零部件,L2,20,20,19,12.0,6.0,6.0,7.0,1.0,0.631578947368421,ok,,20260918,20260918
20260918,603949.SH,雪龙集团,801093.SI,汽车零部件,L2,20,20,19,12.0,5.0,7.0,7.0,1.0,0.631578947368421,ok,,20260918,20260918
20260918,920690.BJ,捷众科技,801093.SI,汽车零部件,L2,20,20,19,12.0,6.0,6.0,7.0,1.0,0.631578947368421,ok,,20260918,20260918
20260918,920837.BJ,华原股份,801093.SI,汽车零部件,L2,20,20,19,12.0,7.0,5.0,7.0,1.0,0.631578947368421,ok,,20260918,20260918
20260918,000957.SZ,中通客车,801096.SI,商用车,L2,20,20,19,12.0,4.0,8.0,7.0,1.0,0.631578947368421,ok,,20260918,20260918
20260918,300552.SZ,万集科技,801101.SI,计算机设备,L2,20,20,19,12.0,4.0,8.0,7.0,1.0,0.631578947368421,ok,,20260918,20260918
20260918,000586.SZ,汇源通信,801102.SI,通信设备,L2,20,20,19,12.0,5.0,7.0,7.0,1.0,0.631578947368421,ok,,20260918,20260918
20260918,002583.SZ,海能达,801102.SI,通信设备,L2,20,20,19,12.0,5.0,7.0,7.0,1.0,0.631578947368421,ok,,20260918,20260918
20260918,300183.SZ,东软载波,801102.SI,通信设备,L2,20,20,19,12.0,5.0,7.0,7.0,1.0,0.631578947368421,ok,,20260918,20260918
20260918,300353.SZ,东土科技,801102.SI,通信设备,L2,20,20,19,12.0,4.0,8.0,7.0,1.0,0.631578947368421,ok,,20260918,20260918
20260918,300710.SZ,万隆光电,801102.SI,通信设备,L2,20,20,19,12.0,4.0,8.0,7.0,1.0,0.631578947368421,ok,,20260918,20260918
20260918,301314.SZ,科瑞思,801102.SI,通信设备,L2,20,20,19,12.0,5.0,7.0,7.0,1.0,0.631578947368421,ok,,20260918,20260918
20260918,603236.SH,移远通信,801102.SI,通信设备,L2,20,20,19,12.0,5.0,7.0,7.0,1.0,0.631578947368421,ok,,20260918,20260918
20260918,688027.SH,国盾量子,801102.SI,通信设备,L2,20,20,19,12.0,3.0,9.0,7.0,1.0,0.631578947368421,ok,,20260918,20260918
20260918,688283.SH,坤恒顺维,801102.SI,通信设备,L2,20,20,19,12.0,5.0,7.0,7.0,1.0,0.631578947368421,ok,,20260918,20260918
20260918,688387.SH,信科移动,801102.SI,通信设备,L2,20,20,19,12.0,4.0,8.0,7.0,1.0,0.631578947368421,ok,,20260918,20260918
20260918,688668.SH,鼎通科技,801102.SI,通信设备,L2,20,20,19,12.0,5.0,7.0,7.0,1.0,0.631578947368421,ok,,20260918,20260918
20260918,002229.SZ,鸿博股份,801103.SI,IT服务Ⅱ,L2,20,20,19,12.0,4.0,8.0,7.0,1.0,0.631578947368421,ok,,20260918,20260918
20260918,002232.SZ,启明信息,801103.SI,IT服务Ⅱ,L2,20,20,19,12.0,5.0,7.0,7.0,1.0,0.631578947368421,ok,,20260918,20260918
20260918,002368.SZ,太极股份,801103.SI,IT服务Ⅱ,L2,20,20,19,12.0,4.0,8.0,7.0,1.0,0.631578947368421,ok,,20260918,20260918
20260918,002908.SZ,德生科技,801103.SI,IT服务Ⅱ,L2,20,20,19,12.0,5.0,7.0,7.0,1.0,0.631578947368421,ok,,20260918,20260918
20260918,300271.SZ,华宇软件,801103.SI,IT服务Ⅱ,L2,20,20,19,12.0,4.0,8.0,7.0,1.0,0.631578947368421,ok,,20260918,20260918
20260918,300300.SZ,海峡创新,801103.SI,IT服务Ⅱ,L2,20,20,19,12.0,6.0,6.0,7.0,1.0,0.631578947368421,ok,,20260918,20260918
20260918,301218.SZ,华是科技,801103.SI,IT服务Ⅱ,L2,20,20,19,12.0,4.0,8.0,7.0,1.0,0.631578947368421,ok,,20260918,20260918
20260918,688039.SH,当虹科技,801103.SI,IT服务Ⅱ,L2,20,20,19,12.0,5.0,7.0,7.0,1.0,0.631578947368421,ok,,20260918,20260918
20260918,688568.SH,中科星图,801103.SI,IT服务Ⅱ,L2,20,20,19,12.0,4.0,8.0,7.0,1.0,0.631578947368421,ok,,20260918,20260918
20260918,920493.BJ,并行科技,801103.SI,IT服务Ⅱ,L2,20,20,19,12.0,5.0,7.0,7.0,1.0,0.631578947368421,ok,,20260918,20260918
20260918,002410.SZ,广联达,801104.SI,软件开发,L2,20,20,19,12.0,5.0,7.0,7.0,1.0,0.631578947368421,ok,,20260918,20260918
20260918,300074.SZ,华平股份,801104.SI,软件开发,L2,20,20,19,12.0,5.0,7.0,7.0,1.0,0.631578947368421,ok,,20260918,20260918
20260918,301332.SZ,德尔玛,801113.SI,小家电,L2,20,20,19,12.0,5.0,7.0,7.0,1.0,0.631578947368421,ok,,20260918,20260918
20260918,002724.SZ,海洋王,801115.SI,照明设备Ⅱ,L2,20,20,19,12.0,5.0,7.0,7.0,1.0,0.631578947368421,ok,,20260918,20260918
20260918,920339.BJ,恒太照明,801115.SI,照明设备Ⅱ,L2,20,20,19,12.0,5.0,7.0,7.0,1.0,0.631578947368421,ok,,20260918,20260918
20260918,000799.SZ,酒鬼酒,801125.SI,白酒Ⅱ,L2,20,20,19,12.0,4.0,8.0,7.0,1.0,0.631578947368421,ok,,20260918,20260918
20260918,000860.SZ,顺鑫农业,801125.SI,白酒Ⅱ,L2,20,20,19,12.0,3.0,9.0,7.0,1.0,0.631578947368421,ok,,20260918,20260918
20260918,603369.SH,今世缘,801125.SI,白酒Ⅱ,L2,20,20,19,12.0,3.0,9.0,7.0,1.0,0.631578947368421,ok,,20260918,20260918
20260918,000869.SZ,张裕A,801126.SI,非白酒,L2,20,20,19,12.0,9.0,3.0,7.0,1.0,0.631578947368421,ok,,20260918,20260918
20260918,603779.SH,威龙股份,801126.SI,非白酒,L2,20,20,19,12.0,8.0,4.0,7.0,1.0,0.631578947368421,ok,,20260918,20260918
20260918,002910.SZ,庄园牧场,801127.SI,饮料乳品,L2,20,20,19,12.0,6.0,6.0,7.0,1.0,0.631578947368421,ok,,20260918,20260918
20260918,603057.SH,紫燕食品,801128.SI,休闲食品,L2,20,20,19,12.0,4.0,8.0,7.0,1.0,0.631578947368421,ok,,20260918,20260918
20260918,002495.SZ,佳隆股份,801129.SI,调味发酵品Ⅱ,L2,20,20,19,12.0,7.0,5.0,7.0,1.0,0.631578947368421,ok,,20260918,20260918
20260918,605055.SH,迎丰股份,801131.SI,纺织制造,L2,20,20,19,12.0,6.0,6.0,7.0,1.0,0.631578947368421,ok,,20260918,20260918
20260918,002191.SZ,劲嘉股份,801141.SI,包装印刷,L2,20,20,19,12.0,6.0,6.0,7.0,1.0,0.631578947368421,ok,,20260918,20260918
20260918,300501.SZ,海顺新材,801141.SI,包装印刷,L2,20,20,19,12.0,6.0,6.0,7.0,1.0,0.631578947368421,ok,,20260918,20260918
20260918,300381.SZ,溢多利,801151.SI,化学制药,L2,20,20,19,12.0,6.0,6.0,7.0,1.0,0.631578947368421,ok,,20260918,20260918
20260918,688266.SH,泽璟制药,801151.SI,化学制药,L2,20,20,19,12.0,5.0,7.0,7.0,1.0,0.631578947368421,ok,,20260918,20260918
20260918,688373.SH,盟科药业,801151.SI,化学制药,L2,20,20,19,12.0,7.0,5.0,7.0,1.0,0.631578947368421,ok,,20260918,20260918
20260918,688566.SH,吉贝尔,801151.SI,化学制药,L2,20,20,19,12.0,8.0,4.0,7.0,1.0,0.631578947368421,ok,,20260918,20260918
20260918,688758.SH,赛分科技,801151.SI,化学制药,L2,20,20,19,12.0,7.0,5.0,7.0,1.0,0.631578947368421,ok,,20260918,20260918
20260918,688488.SH,艾迪药业,801152.SI,生物制品,L2,20,20,19,12.0,5.0,7.0,7.0,1.0,0.631578947368421,ok,,20260918,20260918
20260918,603939.SH,益丰药房,801154.SI,医药商业,L2,20,20,19,12.0,6.0,6.0,7.0,1.0,0.631578947368421,ok,,20260918,20260918
20260918,000538.SZ,云南白药,801155.SI,中药Ⅱ,L2,20,20,19,12.0,7.0,5.0,7.0,1.0,0.631578947368421,ok,,20260918,20260918
20260918,002044.SZ,美年健康,801156.SI,医疗服务,L2,20,20,19,12.0,6.0,6.0,7.0,1.0,0.631578947368421,ok,,20260918,20260918
20260918,002622.SZ,皓宸医疗,801156.SI,医疗服务,L2,20,20,19,12.0,6.0,6.0,7.0,1.0,0.631578947368421,ok,,20260918,20260918
20260918,300015.SZ,爱尔眼科,801156.SI,医疗服务,L2,20,20,19,12.0,5.0,7.0,7.0,1.0,0.631578947368421,ok,,20260918,20260918
20260918,000791.SZ,甘肃能源,801161.SI,电力,L2,20,20,19,12.0,7.0,5.0,7.0,1.0,0.631578947368421,ok,,20260918,20260918
20260918,002060.SZ,广东建工,801161.SI,电力,L2,20,20,19,12.0,4.0,8.0,7.0,1.0,0.631578947368421,ok,,20260918,20260918
20260918,002479.SZ,富春环保,801161.SI,电力,L2,20,20,19,12.0,5.0,7.0,7.0,1.0,0.631578947368421,ok,,20260918,20260918
20260918,600149.SH,廊坊发展,801161.SI,电力,L2,20,20,19,12.0,6.0,6.0,7.0,1.0,0.631578947368421,ok,,20260918,20260918
20260918,600236.SH,桂冠电力,801161.SI,电力,L2,20,20,19,12.0,5.0,7.0,7.0,1.0,0.631578947368421,ok,,20260918,20260918
20260918,600483.SH,福能股份,801161.SI,电力,L2,20,20,19,12.0,6.0,6.0,7.0,1.0,0.631578947368421,ok,,20260918,20260918
20260918,603693.SH,江苏新能,801161.SI,电力,L2,20,20,19,12.0,6.0,6.0,7.0,1.0,0.631578947368421,ok,,20260918,20260918
20260918,603080.SH,新疆火炬,801163.SI,燃气Ⅱ,L2,20,20,19,12.0,7.0,5.0,7.0,1.0,0.631578947368421,ok,,20260918,20260918
20260918,002010.SZ,传化智联,801178.SI,物流,L2,20,20,19,12.0,6.0,6.0,7.0,1.0,0.631578947368421,ok,,20260918,20260918
20260918,600787.SH,中储股份,801178.SI,物流,L2,20,20,19,12.0,7.0,5.0,7.0,1.0,0.631578947368421,ok,,20260918,20260918
20260918,603329.SH,上海雅仕,801178.SI,物流,L2,20,20,19,12.0,5.0,7.0,7.0,1.0,0.631578947368421,ok,,20260918,20260918
20260918,603569.SH,长久物流,801178.SI,物流,L2,20,20,19,12.0,6.0,6.0,7.0,1.0,0.631578947368421,ok,,20260918,20260918
20260918,920351.BJ,华光源海,801178.SI,物流,L2,20,20,19,12.0,6.0,6.0,7.0,1.0,0.631578947368421,ok,,20260918,20260918
20260918,000828.SZ,东莞控股,801179.SI,铁路公路,L2,20,20,19,12.0,7.0,5.0,7.0,1.0,0.631578947368421,ok,,20260918,20260918
20260918,001213.SZ,中铁特货,801179.SI,铁路公路,L2,20,20,19,12.0,6.0,6.0,7.0,1.0,0.631578947368421,ok,,20260918,20260918
20260918,600125.SH,铁龙物流,801179.SI,铁路公路,L2,20,20,19,12.0,7.0,5.0,7.0,1.0,0.631578947368421,ok,,20260918,20260918
20260918,600639.SH,浦东金桥,801181.SI,房地产开发,L2,20,20,19,12.0,7.0,5.0,7.0,1.0,0.631578947368421,ok,,20260918,20260918
20260918,601512.SH,中新集团,801181.SI,房地产开发,L2,20,20,19,12.0,8.0,4.0,7.0,1.0,0.631578947368421,ok,,20260918,20260918
20260918,600250.SH,南京商旅,801202.SI,贸易Ⅱ,L2,20,20,19,12.0,7.0,5.0,7.0,1.0,0.631578947368421,ok,,20260918,20260918
20260918,600710.SH,苏美达,801202.SI,贸易Ⅱ,L2,20,20,19,12.0,8.0,4.0,7.0,1.0,0.631578947368421,ok,,20260918,20260918
20260918,300518.SZ,新迅达,801206.SI,互联网电商,L2,20,20,19,12.0,7.0,5.0,7.0,1.0,0.631578947368421,ok,,20260918,20260918
20260918,300662.SZ,科锐国际,801218.SI,专业服务,L2,20,20,19,12.0,5.0,7.0,7.0,1.0,0.631578947368421,ok,,20260918,20260918
20260918,301289.SZ,国缆检测,801218.SI,专业服务,L2,20,20,19,12.0,5.0,7.0,7.0,1.0,0.631578947368421,ok,,20260918,20260918
20260918,300025.SZ,华星创业,801223.SI,通信服务,L2,20,20,19,12.0,3.0,9.0,7.0,1.0,0.631578947368421,ok,,20260918,20260918
20260918,300578.SZ,会畅科技,801223.SI,通信服务,L2,20,20,19,12.0,4.0,8.0,7.0,1.0,0.631578947368421,ok,,20260918,20260918
20260918,600941.SH,中国移动,801223.SI,通信服务,L2,20,20,19,12.0,4.0,8.0,7.0,1.0,0.631578947368421,ok,,20260918,20260918
20260918,920924.BJ,广脉科技,801223.SI,通信服务,L2,20,20,19,12.0,5.0,7.0,7.0,1.0,0.631578947368421,ok,,20260918,20260918
20260918,000753.SZ,漳州发展,801231.SI,综合Ⅱ,L2,20,20,19,12.0,7.0,5.0,7.0,1.0,0.631578947368421,ok,,20260918,20260918
20260918,600881.SH,亚泰集团,801231.SI,综合Ⅱ,L2,20,20,19,12.0,6.0,6.0,7.0,1.0,0.631578947368421,ok,,20260918,20260918
20260918,002233.SZ,塔牌集团,801711.SI,水泥,L2,20,20,19,12.0,6.0,6.0,7.0,1.0,0.631578947368421,ok,,20260918,20260918
20260918,002135.SZ,东南网架,801724.SI,专业工程,L2,20,20,19,12.0,6.0,6.0,7.0,1.0,0.631578947368421,ok,,20260918,20260918
20260918,300977.SZ,深圳瑞捷,801726.SI,工程咨询服务Ⅱ,L2,20,20,19,12.0,7.0,5.0,7.0,1.0,0.631578947368421,ok,,20260918,20260918
20260918,301038.SZ,深水规院,801726.SI,工程咨询服务Ⅱ,L2,20,20,19,12.0,6.0,6.0,7.0,1.0,0.631578947368421,ok,,20260918,20260918
20260918,603018.SH,华设集团,801726.SI,工程咨询服务Ⅱ,L2,20,20,19,12.0,5.0,7.0,7.0,1.0,0.631578947368421,ok,,20260918,20260918
20260918,920110.BJ,雷特科技,801733.SI,其他电源设备Ⅱ,L2,20,20,19,12.0,6.0,6.0,7.0,1.0,0.631578947368421,ok,,20260918,20260918
20260918,301266.SZ,宇邦新材,801735.SI,光伏设备,L2,20,20,19,12.0,5.0,7.0,7.0,1.0,0.631578947368421,ok,,20260918,20260918
20260918,688560.SH,明冠新材,801735.SI,光伏设备,L2,20,20,19,12.0,5.0,7.0,7.0,1.0,0.631578947368421,ok,,20260918,20260918
20260918,300207.SZ,欣旺达,801737.SI,电池,L2,20,20,19,12.0,3.0,9.0,7.0,1.0,0.631578947368421,ok,,20260918,20260918
20260918,601311.SH,骆驼股份,801737.SI,电池,L2,20,20,19,12.0,4.0,8.0,7.0,1.0,0.631578947368421,ok,,20260918,20260918
20260918,688148.SH,芳源股份,801737.SI,电池,L2,20,20,19,12.0,3.0,9.0,7.0,1.0,0.631578947368421,ok,,20260918,20260918
20260918,688388.SH,嘉元科技,801737.SI,电池,L2,20,20,19,12.0,5.0,7.0,7.0,1.0,0.631578947368421,ok,,20260918,20260918
20260918,000720.SZ,新能泰山,801738.SI,电网设备,L2,20,20,19,12.0,5.0,7.0,7.0,1.0,0.631578947368421,ok,,20260918,20260918
20260918,002090.SZ,金智科技,801738.SI,电网设备,L2,20,20,19,12.0,5.0,7.0,7.0,1.0,0.631578947368421,ok,,20260918,20260918
20260918,002692.SZ,远程股份,801738.SI,电网设备,L2,20,20,19,12.0,4.0,8.0,7.0,1.0,0.631578947368421,ok,,20260918,20260918
20260918,688248.SH,南网科技,801738.SI,电网设备,L2,20,20,19,12.0,6.0,6.0,7.0,1.0,0.631578947368421,ok,,20260918,20260918
20260918,688330.SH,宏力达,801738.SI,电网设备,L2,20,20,19,12.0,5.0,7.0,7.0,1.0,0.631578947368421,ok,,20260918,20260918
20260918,688597.SH,煜邦电力,801738.SI,电网设备,L2,20,20,19,12.0,4.0,8.0,7.0,1.0,0.631578947368421,ok,,20260918,20260918
20260918,688663.SH,新风光,801738.SI,电网设备,L2,20,20,19,12.0,5.0,7.0,7.0,1.0,0.631578947368421,ok,,20260918,20260918
20260918,300589.SZ,江龙船艇,801744.SI,航海装备Ⅱ,L2,20,20,19,12.0,8.0,4.0,7.0,1.0,0.631578947368421,ok,,20260918,20260918
20260918,300810.SZ,中科海讯,801744.SI,航海装备Ⅱ,L2,20,20,19,12.0,5.0,7.0,7.0,1.0,0.631578947368421,ok,,20260918,20260918
20260918,688002.SH,睿创微,801745.SI,军工电子Ⅱ,L2,20,20,19,12.0,6.0,6.0,7.0,1.0,0.631578947368421,ok,,20260918,20260918
20260918,002174.SZ,游族网络,801764.SI,游戏Ⅱ,L2,20,20,19,12.0,5.0,7.0,7.0,1.0,0.631578947368421,ok,,20260918,20260918
20260918,000035.SZ,中国天楹,801971.SI,环境治理,L2,20,20,19,12.0,7.0,5.0,7.0,1.0,0.631578947368421,ok,,20260918,20260918
20260918,600461.SH,洪城环境,801971.SI,环境治理,L2,20,20,19,12.0,7.0,5.0,7.0,1.0,0.631578947368421,ok,,20260918,20260918
20260918,600817.SH,宇通重工,801972.SI,环保设备Ⅱ,L2,20,20,19,12.0,7.0,5.0,7.0,1.0,0.631578947368421,ok,,20260918,20260918
20260918,600017.SH,日照港,801992.SI,航运港口,L2,20,20,19,12.0,5.0,7.0,7.0,1.0,0.631578947368421,ok,,20260918,20260918
20260918,600798.SH,宁波海运,801992.SI,航运港口,L2,20,20,19,12.0,6.0,6.0,7.0,1.0,0.631578947368421,ok,,20260918,20260918
20260918,002093.SZ,国脉科技,801994.SI,教育,L2,20,20,19,12.0,10.0,2.0,7.0,1.0,0.631578947368421,ok,,20260918,20260918
20260918,003032.SZ,传智教育,801994.SI,教育,L2,20,20,19,12.0,7.0,5.0,7.0,1.0,0.631578947368421,ok,,20260918,20260918
20260918,600936.SH,北投科技,801995.SI,电视广播Ⅱ,L2,20,20,19,12.0,6.0,6.0,7.0,1.0,0.631578947368421,ok,,20260918,20260918
20260918,600935.SH,华塑股份,801033.SI,化学原料,L2,20,20,16,10.0,5.0,5.0,6.0,4.0,0.625,ok,,20260918,20260918
20260918,300072.SZ,海新能科,801034.SI,化学制品,L2,20,20,16,10.0,4.0,6.0,6.0,4.0,0.625,ok,,20260918,20260918
20260918,002239.SZ,奥特佳,801093.SI,汽车零部件,L2,20,20,16,10.0,5.0,5.0,6.0,4.0,0.625,ok,,20260918,20260918
20260918,000889.SZ,中嘉博创,801223.SI,通信服务,L2,20,20,16,10.0,4.0,6.0,6.0,4.0,0.625,ok,,20260918,20260918
20260918,300982.SZ,苏文电能,801723.SI,基础建设,L2,20,20,16,10.0,6.0,4.0,6.0,4.0,0.625,ok,,20260918,20260918
20260918,600720.SH,中交设计,801726.SI,工程咨询服务Ⅱ,L2,20,20,16,10.0,6.0,4.0,6.0,4.0,0.625,ok,,20260918,20260918
20260918,000655.SZ,金岭矿业,801043.SI,冶钢原料,L2,20,20,18,11.0,6.0,5.0,7.0,2.0,0.6111111111111112,ok,,20260918,20260918
20260918,600984.SH,建设机械,801077.SI,工程机械,L2,20,20,18,11.0,5.0,6.0,7.0,2.0,0.6111111111111112,ok,,20260918,20260918
20260918,920405.BJ,海希通讯,801078.SI,自动化设备,L2,20,20,18,11.0,4.0,7.0,7.0,2.0,0.6111111111111112,ok,,20260918,20260918
20260918,600609.SH,金杯汽车,801093.SI,汽车零部件,L2,20,20,18,11.0,6.0,5.0,7.0,2.0,0.6111111111111112,ok,,20260918,20260918
20260918,920022.BJ,世昌股份,801093.SI,汽车零部件,L2,20,20,18,11.0,7.0,4.0,7.0,2.0,0.6111111111111112,ok,,20260918,20260918
20260918,920079.BJ,乔路铭,801093.SI,汽车零部件,L2,20,20,18,11.0,4.0,7.0,7.0,2.0,0.6111111111111112,ok,,20260918,20260918
20260918,920187.BJ,通领科技,801093.SI,汽车零部件,L2,20,20,18,11.0,4.0,7.0,7.0,2.0,0.6111111111111112,ok,,20260918,20260918
20260918,920271.BJ,邦德股份,801093.SI,汽车零部件,L2,20,20,18,11.0,5.0,6.0,7.0,2.0,0.6111111111111112,ok,,20260918,20260918
20260918,600775.SH,南京熊猫,801102.SI,通信设备,L2,20,20,18,11.0,5.0,6.0,7.0,2.0,0.6111111111111112,ok,,20260918,20260918
20260918,688618.SH,三旺通信,801102.SI,通信设备,L2,20,20,18,11.0,4.0,7.0,7.0,2.0,0.6111111111111112,ok,,20260918,20260918
20260918,002401.SZ,中远海科,801103.SI,IT服务Ⅱ,L2,20,20,18,11.0,4.0,7.0,7.0,2.0,0.6111111111111112,ok,,20260918,20260918
20260918,688291.SH,金橙子,801104.SI,软件开发,L2,20,20,18,11.0,5.0,6.0,7.0,2.0,0.6111111111111112,ok,,20260918,20260918
20260918,000404.SZ,长虹华意,801116.SI,家电零部件Ⅱ,L2,20,20,18,11.0,5.0,6.0,7.0,2.0,0.6111111111111112,ok,,20260918,20260918
20260918,600199.SH,金种子酒,801125.SI,白酒Ⅱ,L2,20,20,18,11.0,3.0,8.0,7.0,2.0,0.6111111111111112,ok,,20260918,20260918
20260918,603222.SH,济民健康,801153.SI,医疗器械,L2,20,20,18,11.0,5.0,6.0,7.0,2.0,0.6111111111111112,ok,,20260918,20260918
20260918,605368.SH,蓝天燃气,801163.SI,燃气Ⅱ,L2,20,20,18,11.0,6.0,5.0,7.0,2.0,0.6111111111111112,ok,,20260918,20260918
20260918,002091.SZ,江苏国泰,801202.SI,贸易Ⅱ,L2,20,20,18,11.0,6.0,5.0,7.0,2.0,0.6111111111111112,ok,,20260918,20260918
20260918,300738.SZ,奥飞数据,801223.SI,通信服务,L2,20,20,18,11.0,4.0,7.0,7.0,2.0,0.6111111111111112,ok,,20260918,20260918
20260918,603559.SH,中通国脉,801223.SI,通信服务,L2,20,20,18,11.0,4.0,7.0,7.0,2.0,0.6111111111111112,ok,,20260918,20260918
20260918,002205.SZ,国统股份,801711.SI,水泥,L2,20,20,18,11.0,7.0,4.0,7.0,2.0,0.6111111111111112,ok,,20260918,20260918
20260918,002047.SZ,宝鹰股份,801722.SI,装修装饰Ⅱ,L2,20,20,18,11.0,6.0,5.0,7.0,2.0,0.6111111111111112,ok,,20260918,20260918
20260918,600970.SH,中材国际,801724.SI,专业工程,L2,20,20,18,11.0,5.0,6.0,7.0,2.0,0.6111111111111112,ok,,20260918,20260918
20260918,300732.SZ,设研院,801726.SI,工程咨询服务Ⅱ,L2,20,20,18,11.0,5.0,6.0,7.0,2.0,0.6111111111111112,ok,,20260918,20260918
20260918,920003.BJ,中诚咨询,801726.SI,工程咨询服务Ⅱ,L2,20,20,18,11.0,5.0,6.0,7.0,2.0,0.6111111111111112,ok,,20260918,20260918
20260918,601218.SH,吉鑫科技,801736.SI,风电设备,L2,20,20,18,11.0,8.0,3.0,7.0,2.0,0.6111111111111112,ok,,20260918,20260918
20260918,300670.SZ,大烨智能,801738.SI,电网设备,L2,20,20,18,11.0,4.0,7.0,7.0,2.0,0.6111111111111112,ok,,20260918,20260918
20260918,601811.SH,新华文轩,801769.SI,出版,L2,20,20,18,11.0,7.0,4.0,7.0,2.0,0.6111111111111112,ok,,20260918,20260918
20260918,600968.SH,海油发展,801962.SI,油服工程,L2,20,20,18,11.0,5.0,6.0,7.0,2.0,0.6111111111111112,ok,,20260918,20260918
20260918,600688.SH,上海石化,801963.SI,炼化及贸易,L2,20,20,18,11.0,4.0,7.0,7.0,2.0,0.6111111111111112,ok,,20260918,20260918
20260918,600283.SH,钱江水利,801971.SI,环境治理,L2,20,20,18,11.0,6.0,5.0,7.0,2.0,0.6111111111111112,ok,,20260918,20260918
20260918,603231.SH,索宝蛋白,801012.SI,农产品加工,L2,20,20,20,12.0,8.0,4.0,8.0,0.0,0.6,ok,,20260918,20260918
20260918,920273.BJ,一致魔芋,801012.SI,农产品加工,L2,20,20,20,12.0,8.0,4.0,8.0,0.0,0.6,ok,,20260918,20260918
20260918,688098.SH,申联生物,801018.SI,动物保健Ⅱ,L2,20,20,20,12.0,4.0,8.0,8.0,0.0,0.6,ok,,20260918,20260918
20260918,920077.BJ,吉林碳谷,801032.SI,化学纤维,L2,20,20,20,12.0,6.0,6.0,8.0,0.0,0.6,ok,,20260918,20260918
20260918,003017.SZ,大洋生物,801033.SI,化学原料,L2,20,20,20,12.0,7.0,5.0,8.0,0.0,0.6,ok,,20260918,20260918
20260918,300082.SZ,奥克股份,801033.SI,化学原料,L2,20,20,20,12.0,6.0,6.0,8.0,0.0,0.6,ok,,20260918,20260918
20260918,600367.SH,红星发展,801033.SI,化学原料,L2,20,20,20,12.0,8.0,4.0,8.0,0.0,0.6,ok,,20260918,20260918
20260918,603938.SH,三孚股份,801033.SI,化学原料,L2,20,20,20,12.0,6.0,6.0,8.0,0.0,0.6,ok,,20260918,20260918
20260918,001218.SZ,丽臣实业,801034.SI,化学制品,L2,20,20,20,12.0,7.0,5.0,8.0,0.0,0.6,ok,,20260918,20260918
20260918,002440.SZ,闰土股份,801034.SI,化学制品,L2,20,20,20,12.0,6.0,6.0,8.0,0.0,0.6,ok,,20260918,20260918
20260918,002802.SZ,洪汇新材,801034.SI,化学制品,L2,20,20,20,12.0,6.0,6.0,8.0,0.0,0.6,ok,,20260918,20260918
20260918,002827.SZ,高争民爆,801034.SI,化学制品,L2,20,20,20,12.0,6.0,6.0,8.0,0.0,0.6,ok,,20260918,20260918
20260918,002915.SZ,中欣氟材,801034.SI,化学制品,L2,20,20,20,12.0,6.0,6.0,8.0,0.0,0.6,ok,,20260918,20260918
20260918,300530.SZ,领湃科技,801034.SI,化学制品,L2,20,20,20,12.0,6.0,6.0,8.0,0.0,0.6,ok,,20260918,20260918
20260918,300741.SZ,华宝股份,801034.SI,化学制品,L2,20,20,20,12.0,9.0,3.0,8.0,0.0,0.6,ok,,20260918,20260918
20260918,300798.SZ,锦鸡股份,801034.SI,化学制品,L2,20,20,20,12.0,7.0,5.0,8.0,0.0,0.6,ok,,20260918,20260918
20260918,300829.SZ,金丹科技,801034.SI,化学制品,L2,20,20,20,12.0,8.0,4.0,8.0,0.0,0.6,ok,,20260918,20260918
20260918,301076.SZ,新瀚新材,801034.SI,化学制品,L2,20,20,20,12.0,6.0,6.0,8.0,0.0,0.6,ok,,20260918,20260918
20260918,301077.SZ,星华新材,801034.SI,化学制品,L2,20,20,20,12.0,7.0,5.0,8.0,0.0,0.6,ok,,20260918,20260918
20260918,301286.SZ,侨源股份,801034.SI,化学制品,L2,20,20,20,12.0,7.0,5.0,8.0,0.0,0.6,ok,,20260918,20260918
20260918,301618.SZ,长联科技,801034.SI,化学制品,L2,20,20,20,12.0,5.0,7.0,8.0,0.0,0.6,ok,,20260918,20260918
20260918,301683.SZ,慧谷新材,801034.SI,化学制品,L2,20,20,20,12.0,5.0,7.0,8.0,0.0,0.6,ok,,20260918,20260918
20260918,600873.SH,梅花生物,801034.SI,化学制品,L2,20,20,20,12.0,6.0,6.0,8.0,0.0,0.6,ok,,20260918,20260918
20260918,603020.SH,爱普股份,801034.SI,化学制品,L2,20,20,20,12.0,6.0,6.0,8.0,0.0,0.6,ok,,20260918,20260918
20260918,603041.SH,美思德,801034.SI,化学制品,L2,20,20,20,12.0,6.0,6.0,8.0,0.0,0.6,ok,,20260918,20260918
20260918,603051.SH,鹿山新材,801034.SI,化学制品,L2,20,20,20,12.0,8.0,4.0,8.0,0.0,0.6,ok,,20260918,20260918
20260918,603062.SH,麦加芯彩,801034.SI,化学制品,L2,20,20,20,12.0,5.0,7.0,8.0,0.0,0.6,ok,,20260918,20260918
20260918,603065.SH,宿迁联盛,801034.SI,化学制品,L2,20,20,20,12.0,5.0,7.0,8.0,0.0,0.6,ok,,20260918,20260918
20260918,603681.SH,永冠新材,801034.SI,化学制品,L2,20,20,20,12.0,7.0,5.0,8.0,0.0,0.6,ok,,20260918,20260918
20260918,603683.SH,晶华新材,801034.SI,化学制品,L2,20,20,20,12.0,6.0,6.0,8.0,0.0,0.6,ok,,20260918,20260918
20260918,603790.SH,雅运股份,801034.SI,化学制品,L2,20,20,20,12.0,7.0,5.0,8.0,0.0,0.6,ok,,20260918,20260918
20260918,603948.SH,建业股份,801034.SI,化学制品,L2,20,20,20,12.0,5.0,7.0,8.0,0.0,0.6,ok,,20260918,20260918
20260918,605016.SH,百龙创园,801034.SI,化学制品,L2,20,20,20,12.0,5.0,7.0,8.0,0.0,0.6,ok,,20260918,20260918
20260918,688196.SH,卓越新能,801034.SI,化学制品,L2,20,20,20,12.0,6.0,6.0,8.0,0.0,0.6,ok,,20260918,20260918
20260918,688350.SH,富淼科技,801034.SI,化学制品,L2,20,20,20,12.0,6.0,6.0,8.0,0.0,0.6,ok,,20260918,20260918
20260918,688571.SH,杭华股份,801034.SI,化学制品,L2,20,20,20,12.0,5.0,7.0,8.0,0.0,0.6,ok,,20260918,20260918
20260918,920015.BJ,锦华新材,801034.SI,化学制品,L2,20,20,20,12.0,6.0,6.0,8.0,0.0,0.6,ok,,20260918,20260918
20260918,920258.BJ,聚仁新材,801034.SI,化学制品,L2,20,20,20,12.0,5.0,7.0,8.0,0.0,0.6,ok,,20260918,20260918
20260918,001325.SZ,元创股份,801037.SI,橡胶,L2,20,20,20,12.0,6.0,6.0,8.0,0.0,0.6,ok,,20260918,20260918
20260918,000912.SZ,泸天化,801038.SI,农化制品,L2,20,20,20,12.0,6.0,6.0,8.0,0.0,0.6,ok,,20260918,20260918
20260918,002258.SZ,利尔化学,801038.SI,农化制品,L2,20,20,20,12.0,6.0,6.0,8.0,0.0,0.6,ok,,20260918,20260918
20260918,300796.SZ,贝斯美,801038.SI,农化制品,L2,20,20,20,12.0,5.0,7.0,8.0,0.0,0.6,ok,,20260918,20260918
20260918,300855.SZ,图南股份,801051.SI,金属新材料,L2,20,20,20,12.0,6.0,6.0,8.0,0.0,0.6,ok,,20260918,20260918
20260918,002578.SZ,闽发铝业,801055.SI,工业金属,L2,20,20,20,12.0,6.0,6.0,8.0,0.0,0.6,ok,,20260918,20260918
20260918,603876.SH,鼎胜新材,801055.SI,工业金属,L2,20,20,20,12.0,5.0,7.0,8.0,0.0,0.6,ok,,20260918,20260918
20260918,002132.SZ,恒星科技,801072.SI,通用设备,L2,20,20,20,12.0,5.0,7.0,8.0,0.0,0.6,ok,,20260918,20260918
20260918,002639.SZ,雪人集团,801072.SI,通用设备,L2,20,20,20,12.0,6.0,6.0,8.0,0.0,0.6,ok,,20260918,20260918
20260918,300402.SZ,宝色股份,801072.SI,通用设备,L2,20,20,20,12.0,6.0,6.0,8.0,0.0,0.6,ok,,20260918,20260918
20260918,300572.SZ,安车检测,801072.SI,通用设备,L2,20,20,20,12.0,7.0,5.0,8.0,0.0,0.6,ok,,20260918,20260918
20260918,300862.SZ,蓝盾光电,801072.SI,通用设备,L2,20,20,20,12.0,4.0,8.0,8.0,0.0,0.6,ok,,20260918,20260918
20260918,301468.SZ,博盈特焊,801072.SI,通用设备,L2,20,20,20,12.0,5.0,7.0,8.0,0.0,0.6,ok,,20260918,20260918
20260918,600783.SH,鲁信创投,801072.SI,通用设备,L2,20,20,20,12.0,4.0,8.0,8.0,0.0,0.6,ok,,20260918,20260918
20260918,601882.SH,海天精工,801072.SI,通用设备,L2,20,20,20,12.0,6.0,6.0,8.0,0.0,0.6,ok,,20260918,20260918
20260918,603617.SH,君禾股份,801072.SI,通用设备,L2,20,20,20,12.0,6.0,6.0,8.0,0.0,0.6,ok,,20260918,20260918
20260918,603969.SH,银龙股份,801072.SI,通用设备,L2,20,20,20,12.0,6.0,6.0,8.0,0.0,0.6,ok,,20260918,20260918
20260918,688828.SH,国仪公司,801072.SI,通用设备,L2,20,20,20,12.0,5.0,7.0,8.0,0.0,0.6,ok,,20260918,20260918
20260918,920169.BJ,七丰精工,801072.SI,通用设备,L2,20,20,20,12.0,5.0,7.0,8.0,0.0,0.6,ok,,20260918,20260918
20260918,920685.BJ,新芝生物,801072.SI,通用设备,L2,20,20,20,12.0,6.0,6.0,8.0,0.0,0.6,ok,,20260918,20260918
20260918,920961.BJ,创远信科,801072.SI,通用设备,L2,20,20,20,12.0,6.0,6.0,8.0,0.0,0.6,ok,,20260918,20260918
20260918,001360.SZ,南矿集团,801074.SI,专用设备,L2,20,20,20,12.0,5.0,7.0,8.0,0.0,0.6,ok,,20260918,20260918
20260918,002278.SZ,神开股份,801074.SI,专用设备,L2,20,20,20,12.0,4.0,8.0,8.0,0.0,0.6,ok,,20260918,20260918
20260918,002730.SZ,电光科技,801074.SI,专用设备,L2,20,20,20,12.0,4.0,8.0,8.0,0.0,0.6,ok,,20260918,20260918
20260918,300103.SZ,达刚控股,801074.SI,专用设备,L2,20,20,20,12.0,5.0,7.0,8.0,0.0,0.6,ok,,20260918,20260918
20260918,301063.SZ,海锅股份,801074.SI,专用设备,L2,20,20,20,12.0,5.0,7.0,8.0,0.0,0.6,ok,,20260918,20260918
20260918,301105.SZ,鸿铭股份,801074.SI,专用设备,L2,20,20,20,12.0,6.0,6.0,8.0,0.0,0.6,ok,,20260918,20260918
20260918,301533.SZ,威马农机,801074.SI,专用设备,L2,20,20,20,12.0,5.0,7.0,8.0,0.0,0.6,ok,,20260918,20260918
20260918,603011.SH,合锻智能,801074.SI,专用设备,L2,20,20,20,12.0,5.0,7.0,8.0,0.0,0.6,ok,,20260918,20260918
20260918,605286.SH,同力天启,801074.SI,专用设备,L2,20,20,20,12.0,4.0,8.0,8.0,0.0,0.6,ok,,20260918,20260918
20260918,688128.SH,中国电研,801074.SI,专用设备,L2,20,20,20,12.0,6.0,6.0,8.0,0.0,0.6,ok,,20260918,20260918
20260918,688162.SH,巨一科技,801074.SI,专用设备,L2,20,20,20,12.0,4.0,8.0,8.0,0.0,0.6,ok,,20260918,20260918
20260918,688377.SH,迪威尔,801074.SI,专用设备,L2,20,20,20,12.0,4.0,8.0,8.0,0.0,0.6,ok,,20260918,20260918
20260918,688648.SH,中邮科技,801074.SI,专用设备,L2,20,20,20,12.0,3.0,9.0,8.0,0.0,0.6,ok,,20260918,20260918
20260918,920061.BJ,西磁科技,801074.SI,专用设备,L2,20,20,20,12.0,5.0,7.0,8.0,0.0,0.6,ok,,20260918,20260918
20260918,920156.BJ,海昌智能,801074.SI,专用设备,L2,20,20,20,12.0,5.0,7.0,8.0,0.0,0.6,ok,,20260918,20260918
20260918,002972.SZ,科安达,801076.SI,轨交设备Ⅱ,L2,20,20,20,12.0,6.0,6.0,8.0,0.0,0.6,ok,,20260918,20260918
20260918,300923.SZ,研奥股份,801076.SI,轨交设备Ⅱ,L2,20,20,20,12.0,7.0,5.0,8.0,0.0,0.6,ok,,20260918,20260918
20260918,301016.SZ,雷尔伟,801076.SI,轨交设备Ⅱ,L2,20,20,20,12.0,8.0,4.0,8.0,0.0,0.6,ok,,20260918,20260918
20260918,600495.SH,晋西车轴,801076.SI,轨交设备Ⅱ,L2,20,20,15,9.0,6.0,3.0,6.0,5.0,0.6,ok,,20260918,20260918
20260918,605001.SH,威奥股份,801076.SI,轨交设备Ⅱ,L2,20,20,20,12.0,8.0,4.0,8.0,0.0,0.6,ok,,20260918,20260918
20260918,002685.SZ,华东重机,801077.SI,工程机械,L2,20,20,20,12.0,6.0,6.0,8.0,0.0,0.6,ok,,20260918,20260918
20260918,301279.SZ,金道科技,801077.SI,工程机械,L2,20,20,20,12.0,7.0,5.0,8.0,0.0,0.6,ok,,20260918,20260918
20260918,600815.SH,厦工股份,801077.SI,工程机械,L2,20,20,20,12.0,6.0,6.0,8.0,0.0,0.6,ok,,20260918,20260918
20260918,920599.BJ,同力股份,801077.SI,工程机械,L2,20,20,20,12.0,6.0,6.0,8.0,0.0,0.6,ok,,20260918,20260918
20260918,002334.SZ,英威腾,801078.SI,自动化设备,L2,20,20,20,12.0,6.0,6.0,8.0,0.0,0.6,ok,,20260918,20260918
20260918,300220.SZ,金运激光,801078.SI,自动化设备,L2,20,20,20,12.0,6.0,6.0,8.0,0.0,0.6,ok,,20260918,20260918
20260918,301199.SZ,迈赫股份,801078.SI,自动化设备,L2,20,20,20,12.0,6.0,6.0,8.0,0.0,0.6,ok,,20260918,20260918
20260918,688329.SH,艾隆科技,801078.SI,自动化设备,L2,20,20,20,12.0,5.0,7.0,8.0,0.0,0.6,ok,,20260918,20260918
20260918,688777.SH,中控技术,801078.SI,自动化设备,L2,20,20,20,12.0,5.0,7.0,8.0,0.0,0.6,ok,,20260918,20260918
20260918,688826.SH,频准激光,801078.SI,自动化设备,L2,20,20,20,12.0,5.0,7.0,8.0,0.0,0.6,ok,,20260918,20260918
20260918,920125.BJ,鸿仕达,801078.SI,自动化设备,L2,20,20,20,12.0,6.0,6.0,8.0,0.0,0.6,ok,,20260918,20260918
20260918,920178.BJ,锐翔智能,801078.SI,自动化设备,L2,20,20,20,12.0,5.0,7.0,8.0,0.0,0.6,ok,,20260918,20260918
20260918,920396.BJ,常辅股份,801078.SI,自动化设备,L2,20,20,20,12.0,6.0,6.0,8.0,0.0,0.6,ok,,20260918,20260918
20260918,920578.BJ,巨能股份,801078.SI,自动化设备,L2,20,20,20,12.0,6.0,6.0,8.0,0.0,0.6,ok,,20260918,20260918
20260918,920593.BJ,鼎智科技,801078.SI,自动化设备,L2,20,20,20,12.0,6.0,6.0,8.0,0.0,0.6,ok,,20260918,20260918
20260918,920885.BJ,星辰科技,801078.SI,自动化设备,L2,20,20,20,12.0,5.0,7.0,8.0,0.0,0.6,ok,,20260918,20260918
20260918,603690.SH,至纯科技,801081.SI,半导体,L2,20,20,20,12.0,5.0,7.0,8.0,0.0,0.6,ok,,20260918,20260918
20260918,688049.SH,炬芯科技,801081.SI,半导体,L2,20,20,20,12.0,4.0,8.0,8.0,0.0,0.6,ok,,20260918,20260918
20260918,688785.SH,恒运昌,801081.SI,半导体,L2,20,20,20,12.0,6.0,6.0,8.0,0.0,0.6,ok,,20260918,20260918
20260918,000670.SZ,盈方微,801082.SI,其他电子Ⅱ,L2,20,20,20,12.0,6.0,6.0,8.0,0.0,0.6,ok,,20260918,20260918
20260918,300516.SZ,久之洋,801082.SI,其他电子Ⅱ,L2,20,20,20,12.0,5.0,7.0,8.0,0.0,0.6,ok,,20260918,20260918
20260918,301359.SZ,东南电子,801082.SI,其他电子Ⅱ,L2,20,20,20,12.0,5.0,7.0,8.0,0.0,0.6,ok,,20260918,20260918
20260918,000636.SZ,风华高科,801083.SI,元件,L2,20,20,20,12.0,7.0,5.0,8.0,0.0,0.6,ok,,20260918,20260918
20260918,001232.SZ,嘉立创,801083.SI,元件,L2,20,20,20,12.0,7.0,5.0,8.0,0.0,0.6,ok,,20260918,20260918
20260918,002552.SZ,宝鼎科技,801083.SI,元件,L2,20,20,20,12.0,7.0,5.0,8.0,0.0,0.6,ok,,20260918,20260918
20260918,002579.SZ,中京电子,801083.SI,元件,L2,20,20,20,12.0,7.0,5.0,8.0,0.0,0.6,ok,,20260918,20260918
20260918,002913.SZ,奥士康,801083.SI,元件,L2,20,20,20,12.0,7.0,5.0,8.0,0.0,0.6,ok,,20260918,20260918
20260918,301566.SZ,达利凯普,801083.SI,元件,L2,20,20,20,12.0,7.0,5.0,8.0,0.0,0.6,ok,,20260918,20260918
20260918,603175.SH,超颖电子,801083.SI,元件,L2,20,20,20,12.0,7.0,5.0,8.0,0.0,0.6,ok,,20260918,20260918
20260918,603989.SH,艾华集团,801083.SI,元件,L2,20,20,20,12.0,7.0,5.0,8.0,0.0,0.6,ok,,20260918,20260918
20260918,688655.SH,迅捷兴,801083.SI,元件,L2,20,20,20,12.0,8.0,4.0,8.0,0.0,0.6,ok,,20260918,20260918
20260918,920161.BJ,龙辰科技,801083.SI,元件,L2,20,20,20,12.0,6.0,6.0,8.0,0.0,0.6,ok,,20260918,20260918
20260918,000045.SZ,深纺织A,801084.SI,光学光电子,L2,20,20,20,12.0,6.0,6.0,8.0,0.0,0.6,ok,,20260918,20260918
20260918,000727.SZ,冠捷科技,801084.SI,光学光电子,L2,20,20,15,9.0,3.0,6.0,6.0,5.0,0.6,ok,,20260918,20260918
20260918,300269.SZ,联建光电,801084.SI,光学光电子,L2,20,20,20,12.0,5.0,7.0,8.0,0.0,0.6,ok,,20260918,20260918
20260918,600666.SH,奥瑞德,801084.SI,光学光电子,L2,20,20,20,12.0,5.0,7.0,8.0,0.0,0.6,ok,,20260918,20260918
20260918,002841.SZ,视源股份,801085.SI,消费电子,L2,20,20,20,12.0,4.0,8.0,8.0,0.0,0.6,ok,,20260918,20260918
20260918,002866.SZ,传艺科技,801085.SI,消费电子,L2,20,20,20,12.0,5.0,7.0,8.0,0.0,0.6,ok,,20260918,20260918
20260918,300032.SZ,金龙机电,801085.SI,消费电子,L2,20,20,20,12.0,5.0,7.0,8.0,0.0,0.6,ok,,20260918,20260918
20260918,301180.SZ,万祥科技,801085.SI,消费电子,L2,20,20,20,12.0,6.0,6.0,8.0,0.0,0.6,ok,,20260918,20260918
20260918,301329.SZ,信音电子,801085.SI,消费电子,L2,20,20,20,12.0,6.0,6.0,8.0,0.0,0.6,ok,,20260918,20260918
20260918,603629.SH,利通电子,801085.SI,消费电子,L2,20,20,20,12.0,5.0,7.0,8.0,0.0,0.6,ok,,20260918,20260918
20260918,603633.SH,徕木股份,801085.SI,消费电子,L2,20,20,20,12.0,5.0,7.0,8.0,0.0,0.6,ok,,20260918,20260918
20260918,688036.SH,传音控股,801085.SI,消费电子,L2,20,20,20,12.0,5.0,7.0,8.0,0.0,0.6,ok,,20260918,20260918
20260918,688210.SH,统联精密,801085.SI,消费电子,L2,20,20,20,12.0,5.0,7.0,8.0,0.0,0.6,ok,,20260918,20260918
20260918,920701.BJ,豪声电子,801085.SI,消费电子,L2,20,20,20,12.0,3.0,9.0,8.0,0.0,0.6,ok,,20260918,20260918
20260918,300684.SZ,中石科技,801086.SI,电子化学品Ⅱ,L2,20,20,20,12.0,7.0,5.0,8.0,0.0,0.6,ok,,20260918,20260918
20260918,600676.SH,久事动娱,801092.SI,汽车服务,L2,20,20,20,12.0,8.0,4.0,8.0,0.0,0.6,ok,,20260918,20260918
20260918,000980.SZ,众泰汽车,801093.SI,汽车零部件,L2,20,20,20,12.0,6.0,6.0,8.0,0.0,0.6,ok,,20260918,20260918
20260918,000981.SZ,山子高科,801093.SI,汽车零部件,L2,20,20,20,12.0,5.0,7.0,8.0,0.0,0.6,ok,,20260918,20260918
20260918,001278.SZ,一彬科技,801093.SI,汽车零部件,L2,20,20,20,12.0,6.0,6.0,8.0,0.0,0.6,ok,,20260918,20260918
20260918,002863.SZ,今飞凯达,801093.SI,汽车零部件,L2,20,20,20,12.0,6.0,6.0,8.0,0.0,0.6,ok,,20260918,20260918
20260918,300375.SZ,鹏翎股份,801093.SI,汽车零部件,L2,20,20,20,12.0,6.0,6.0,8.0,0.0,0.6,ok,,20260918,20260918
20260918,300428.SZ,立中集团,801093.SI,汽车零部件,L2,20,20,20,12.0,7.0,5.0,8.0,0.0,0.6,ok,,20260918,20260918
20260918,300928.SZ,华安鑫创,801093.SI,汽车零部件,L2,20,20,20,12.0,5.0,7.0,8.0,0.0,0.6,ok,,20260918,20260918
20260918,300978.SZ,东箭科技,801093.SI,汽车零部件,L2,20,20,20,12.0,6.0,6.0,8.0,0.0,0.6,ok,,20260918,20260918
20260918,301022.SZ,海泰科,801093.SI,汽车零部件,L2,20,20,20,12.0,6.0,6.0,8.0,0.0,0.6,ok,,20260918,20260918
20260918,301170.SZ,锡南科技,801093.SI,汽车零部件,L2,20,20,20,12.0,6.0,6.0,8.0,0.0,0.6,ok,,20260918,20260918
20260918,301310.SZ,鑫宏业,801093.SI,汽车零部件,L2,20,20,20,12.0,7.0,5.0,8.0,0.0,0.6,ok,,20260918,20260918
20260918,301398.SZ,星源卓镁,801093.SI,汽车零部件,L2,20,20,20,12.0,6.0,6.0,8.0,0.0,0.6,ok,,20260918,20260918
20260918,301581.SZ,黄山谷捷,801093.SI,汽车零部件,L2,20,20,20,12.0,4.0,8.0,8.0,0.0,0.6,ok,,20260918,20260918
20260918,301607.SZ,富特科技,801093.SI,汽车零部件,L2,20,20,20,12.0,6.0,6.0,8.0,0.0,0.6,ok,,20260918,20260918
20260918,603013.SH,亚普股份,801093.SI,汽车零部件,L2,20,20,20,12.0,5.0,7.0,8.0,0.0,0.6,ok,,20260918,20260918
20260918,603037.SH,凯众股份,801093.SI,汽车零部件,L2,20,20,20,12.0,6.0,6.0,8.0,0.0,0.6,ok,,20260918,20260918
20260918,603202.SH,天有为,801093.SI,汽车零部件,L2,20,20,20,12.0,7.0,5.0,8.0,0.0,0.6,ok,,20260918,20260918
20260918,603306.SH,华懋科技,801093.SI,汽车零部件,L2,20,20,20,12.0,7.0,5.0,8.0,0.0,0.6,ok,,20260918,20260918
20260918,603358.SH,华达科技,801093.SI,汽车零部件,L2,20,20,20,12.0,6.0,6.0,8.0,0.0,0.6,ok,,20260918,20260918
20260918,603376.SH,大明电子,801093.SI,汽车零部件,L2,20,20,20,12.0,6.0,6.0,8.0,0.0,0.6,ok,,20260918,20260918
20260918,603758.SH,秦安股份,801093.SI,汽车零部件,L2,20,20,20,12.0,4.0,8.0,8.0,0.0,0.6,ok,,20260918,20260918
20260918,603950.SH,长源东谷,801093.SI,汽车零部件,L2,20,20,20,12.0,6.0,6.0,8.0,0.0,0.6,ok,,20260918,20260918
20260918,605088.SH,冠盛股份,801093.SI,汽车零部件,L2,20,20,20,12.0,6.0,6.0,8.0,0.0,0.6,ok,,20260918,20260918
20260918,605151.SH,西上海,801093.SI,汽车零部件,L2,20,20,20,12.0,6.0,6.0,8.0,0.0,0.6,ok,,20260918,20260918
20260918,920978.BJ,开特股份,801093.SI,汽车零部件,L2,20,20,20,12.0,5.0,7.0,8.0,0.0,0.6,ok,,20260918,20260918
20260918,600104.SH,上汽集团,801095.SI,乘用车,L2,20,20,20,12.0,7.0,5.0,8.0,0.0,0.6,ok,,20260918,20260918
20260918,000951.SZ,中国重汽,801096.SI,商用车,L2,20,20,20,12.0,5.0,7.0,8.0,0.0,0.6,ok,,20260918,20260918
20260918,300479.SZ,神思电子,801101.SI,计算机设备,L2,20,20,20,12.0,5.0,7.0,8.0,0.0,0.6,ok,,20260918,20260918
20260918,300645.SZ,正元智慧,801101.SI,计算机设备,L2,20,20,20,12.0,4.0,8.0,8.0,0.0,0.6,ok,,20260918,20260918
20260918,300941.SZ,创识科技,801101.SI,计算机设备,L2,20,20,20,12.0,4.0,8.0,8.0,0.0,0.6,ok,,20260918,20260918
20260918,301318.SZ,维海德,801101.SI,计算机设备,L2,20,20,20,12.0,5.0,7.0,8.0,0.0,0.6,ok,,20260918,20260918
20260918,603106.SH,恒银科技,801101.SI,计算机设备,L2,20,20,20,12.0,4.0,8.0,8.0,0.0,0.6,ok,,20260918,20260918
20260918,688060.SH,云涌科技,801101.SI,计算机设备,L2,20,20,20,12.0,6.0,6.0,8.0,0.0,0.6,ok,,20260918,20260918
20260918,920036.BJ,觅睿科技,801101.SI,计算机设备,L2,20,20,20,12.0,6.0,6.0,8.0,0.0,0.6,ok,,20260918,20260918
20260918,920808.BJ,曙光数创,801101.SI,计算机设备,L2,20,20,20,12.0,5.0,7.0,8.0,0.0,0.6,ok,,20260918,20260918
20260918,002298.SZ,中电鑫龙,801104.SI,软件开发,L2,20,20,20,12.0,6.0,6.0,8.0,0.0,0.6,ok,,20260918,20260918
20260918,002920.SZ,德赛西威,801104.SI,软件开发,L2,20,20,20,12.0,6.0,6.0,8.0,0.0,0.6,ok,,20260918,20260918
20260918,300556.SZ,丝路视觉,801104.SI,软件开发,L2,20,20,20,12.0,6.0,6.0,8.0,0.0,0.6,ok,,20260918,20260918
20260918,301270.SZ,汉仪股份,801104.SI,软件开发,L2,20,20,20,12.0,7.0,5.0,8.0,0.0,0.6,ok,,20260918,20260918
20260918,688031.SH,星环科技,801104.SI,软件开发,L2,20,20,20,12.0,6.0,6.0,8.0,0.0,0.6,ok,,20260918,20260918
20260918,688168.SH,安博通,801104.SI,软件开发,L2,20,20,20,12.0,7.0,5.0,8.0,0.0,0.6,ok,,20260918,20260918
20260918,688435.SH,英方软件,801104.SI,软件开发,L2,20,20,20,12.0,5.0,7.0,8.0,0.0,0.6,ok,,20260918,20260918
20260918,688507.SH,索辰科技,801104.SI,软件开发,L2,20,20,20,12.0,5.0,7.0,8.0,0.0,0.6,ok,,20260918,20260918
20260918,002242.SZ,九阳股份,801113.SI,小家电,L2,20,20,20,12.0,6.0,6.0,8.0,0.0,0.6,ok,,20260918,20260918
20260918,603219.SH,富佳股份,801113.SI,小家电,L2,20,20,20,12.0,4.0,8.0,8.0,0.0,0.6,ok,,20260918,20260918
20260918,603355.SH,莱克电气,801113.SI,小家电,L2,20,20,20,12.0,4.0,8.0,8.0,0.0,0.6,ok,,20260918,20260918
20260918,002723.SZ,小崧股份,801115.SI,照明设备Ⅱ,L2,20,20,20,12.0,7.0,5.0,8.0,0.0,0.6,ok,,20260918,20260918
20260918,002860.SZ,星帅尔,801116.SI,家电零部件Ⅱ,L2,20,20,20,12.0,5.0,7.0,8.0,0.0,0.6,ok,,20260918,20260918
20260918,300543.SZ,朗科智能,801116.SI,家电零部件Ⅱ,L2,20,20,20,12.0,5.0,7.0,8.0,0.0,0.6,ok,,20260918,20260918
20260918,603075.SH,热威股份,801116.SI,家电零部件Ⅱ,L2,20,20,20,12.0,5.0,7.0,8.0,0.0,0.6,ok,,20260918,20260918
20260918,603519.SH,立霸股份,801116.SI,家电零部件Ⅱ,L2,20,20,20,12.0,5.0,7.0,8.0,0.0,0.6,ok,,20260918,20260918
20260918,603578.SH,三星新材,801116.SI,家电零部件Ⅱ,L2,20,20,20,12.0,6.0,6.0,8.0,0.0,0.6,ok,,20260918,20260918
20260918,002661.SZ,克明食品,801124.SI,食品加工,L2,20,20,20,12.0,6.0,6.0,8.0,0.0,0.6,ok,,20260918,20260918
20260918,600573.SH,惠泉啤酒,801126.SI,非白酒,L2,20,20,20,12.0,8.0,4.0,8.0,0.0,0.6,ok,,20260918,20260918
20260918,603317.SH,天味食品,801129.SI,调味发酵品Ⅱ,L2,20,20,20,12.0,5.0,7.0,8.0,0.0,0.6,ok,,20260918,20260918
20260918,600987.SH,航民股份,801131.SI,纺织制造,L2,20,20,20,12.0,6.0,6.0,8.0,0.0,0.6,ok,,20260918,20260918
20260918,605189.SH,富春染织,801131.SI,纺织制造,L2,20,20,20,12.0,6.0,6.0,8.0,0.0,0.6,ok,,20260918,20260918
20260918,002154.SZ,报喜鸟,801132.SI,服装家纺,L2,20,20,20,12.0,7.0,5.0,8.0,0.0,0.6,ok,,20260918,20260918
20260918,002293.SZ,罗莱生活,801132.SI,服装家纺,L2,20,20,20,12.0,7.0,5.0,8.0,0.0,0.6,ok,,20260918,20260918
20260918,002832.SZ,比音勒芬,801132.SI,服装家纺,L2,20,20,20,12.0,8.0,4.0,8.0,0.0,0.6,ok,,20260918,20260918
20260918,002875.SZ,安奈儿,801132.SI,服装家纺,L2,20,20,20,12.0,6.0,6.0,8.0,0.0,0.6,ok,,20260918,20260918
20260918,300840.SZ,酷特智能,801132.SI,服装家纺,L2,20,20,20,12.0,8.0,4.0,8.0,0.0,0.6,ok,,20260918,20260918
20260918,300901.SZ,中胤时尚,801132.SI,服装家纺,L2,20,20,20,12.0,7.0,5.0,8.0,0.0,0.6,ok,,20260918,20260918
20260918,002014.SZ,永新股份,801141.SI,包装印刷,L2,20,20,20,12.0,6.0,6.0,8.0,0.0,0.6,ok,,20260918,20260918
20260918,002831.SZ,裕同科技,801141.SI,包装印刷,L2,20,20,20,12.0,7.0,5.0,8.0,0.0,0.6,ok,,20260918,20260918
20260918,600210.SH,紫江企业,801141.SI,包装印刷,L2,20,20,20,12.0,7.0,5.0,8.0,0.0,0.6,ok,,20260918,20260918
20260918,920075.BJ,柏星龙,801141.SI,包装印刷,L2,20,20,20,12.0,7.0,5.0,8.0,0.0,0.6,ok,,20260918,20260918
20260918,001323.SZ,慕思股份,801142.SI,家居用品,L2,20,20,20,12.0,6.0,6.0,8.0,0.0,0.6,ok,,20260918,20260918
20260918,300749.SZ,顶固集创,801142.SI,家居用品,L2,20,20,20,12.0,7.0,5.0,8.0,0.0,0.6,ok,,20260918,20260918
20260918,603226.SH,菲林格尔,801142.SI,家居用品,L2,20,20,20,12.0,8.0,4.0,8.0,0.0,0.6,ok,,20260918,20260918
20260918,603615.SH,茶花股份,801142.SI,家居用品,L2,20,20,20,12.0,8.0,4.0,8.0,0.0,0.6,ok,,20260918,20260918
20260918,603661.SH,恒林股份,801142.SI,家居用品,L2,20,20,20,12.0,6.0,6.0,8.0,0.0,0.6,ok,,20260918,20260918
20260918,603816.SH,顾家家居,801142.SI,家居用品,L2,20,20,20,12.0,6.0,6.0,8.0,0.0,0.6,ok,,20260918,20260918
20260918,688087.SH,英科再生,801142.SI,家居用品,L2,20,20,20,12.0,5.0,7.0,8.0,0.0,0.6,ok,,20260918,20260918
20260918,002301.SZ,齐心集团,801145.SI,文娱用品,L2,20,20,20,12.0,7.0,5.0,8.0,0.0,0.6,ok,,20260918,20260918
20260918,301335.SZ,天元宠物,801145.SI,文娱用品,L2,20,20,20,12.0,5.0,7.0,8.0,0.0,0.6,ok,,20260918,20260918
20260918,000766.SZ,通化金马,801151.SI,化学制药,L2,20,20,20,12.0,7.0,5.0,8.0,0.0,0.6,ok,,20260918,20260918
20260918,002422.SZ,科伦药业,801151.SI,化学制药,L2,20,20,20,12.0,5.0,7.0,8.0,0.0,0.6,ok,,20260918,20260918
20260918,002653.SZ,海思科,801151.SI,化学制药,L2,20,20,20,12.0,6.0,6.0,8.0,0.0,0.6,ok,,20260918,20260918
20260918,688428.SH,诺诚健华,801151.SI,化学制药,L2,20,20,20,12.0,6.0,6.0,8.0,0.0,0.6,ok,,20260918,20260918
20260918,688759.SH,必贝特,801151.SI,化学制药,L2,20,20,20,12.0,5.0,7.0,8.0,0.0,0.6,ok,,20260918,20260918
20260918,002432.SZ,九安医疗,801153.SI,医疗器械,L2,20,20,20,12.0,5.0,7.0,8.0,0.0,0.6,ok,,20260918,20260918
20260918,300246.SZ,宝莱特,801153.SI,医疗器械,L2,20,20,20,12.0,5.0,7.0,8.0,0.0,0.6,ok,,20260918,20260918
20260918,301033.SZ,迈普医学,801153.SI,医疗器械,L2,20,20,20,12.0,5.0,7.0,8.0,0.0,0.6,ok,,20260918,20260918
20260918,301234.SZ,五洲医疗,801153.SI,医疗器械,L2,20,20,20,12.0,7.0,5.0,8.0,0.0,0.6,ok,,20260918,20260918
20260918,301580.SZ,爱迪特,801153.SI,医疗器械,L2,20,20,20,12.0,6.0,6.0,8.0,0.0,0.6,ok,,20260918,20260918
20260918,605369.SH,拱东医疗,801153.SI,医疗器械,L2,20,20,20,12.0,4.0,8.0,8.0,0.0,0.6,ok,,20260918,20260918
20260918,688161.SH,威高骨科,801153.SI,医疗器械,L2,20,20,20,12.0,5.0,7.0,8.0,0.0,0.6,ok,,20260918,20260918
20260918,688212.SH,澳华内镜,801153.SI,医疗器械,L2,20,20,20,12.0,6.0,6.0,8.0,0.0,0.6,ok,,20260918,20260918
20260918,688607.SH,康众科技,801153.SI,医疗器械,L2,20,20,20,12.0,5.0,7.0,8.0,0.0,0.6,ok,,20260918,20260918
20260918,688755.SH,汉邦科技,801153.SI,医疗器械,L2,20,20,20,12.0,6.0,6.0,8.0,0.0,0.6,ok,,20260918,20260918
20260918,603233.SH,大参林,801154.SI,医药商业,L2,20,20,20,12.0,6.0,6.0,8.0,0.0,0.6,ok,,20260918,20260918
20260918,002172.SZ,澳洋健康,801156.SI,医疗服务,L2,20,20,20,12.0,5.0,7.0,8.0,0.0,0.6,ok,,20260918,20260918
20260918,002219.SZ,新里程,801156.SI,医疗服务,L2,20,20,20,12.0,5.0,7.0,8.0,0.0,0.6,ok,,20260918,20260918
20260918,300244.SZ,迪安诊断,801156.SI,医疗服务,L2,20,20,20,12.0,4.0,8.0,8.0,0.0,0.6,ok,,20260918,20260918
20260918,000155.SZ,川能动力,801161.SI,电力,L2,20,20,20,12.0,5.0,7.0,8.0,0.0,0.6,ok,,20260918,20260918
20260918,000993.SZ,闽东电力,801161.SI,电力,L2,20,20,20,12.0,9.0,3.0,8.0,0.0,0.6,ok,,20260918,20260918
20260918,002015.SZ,协鑫能科,801161.SI,电力,L2,20,20,20,12.0,6.0,6.0,8.0,0.0,0.6,ok,,20260918,20260918
20260918,300125.SZ,聆达股份,801161.SI,电力,L2,20,20,20,12.0,7.0,5.0,8.0,0.0,0.6,ok,,20260918,20260918
20260918,605028.SH,世茂能源,801161.SI,电力,L2,20,20,20,12.0,7.0,5.0,8.0,0.0,0.6,ok,,20260918,20260918
20260918,000593.SZ,德龙汇能,801163.SI,燃气Ⅱ,L2,20,20,20,12.0,6.0,6.0,8.0,0.0,0.6,ok,,20260918,20260918
20260918,300483.SZ,首华燃气,801163.SI,燃气Ⅱ,L2,20,20,20,12.0,7.0,5.0,8.0,0.0,0.6,ok,,20260918,20260918
20260918,600803.SH,新奥股份,801163.SI,燃气Ⅱ,L2,20,20,20,12.0,8.0,4.0,8.0,0.0,0.6,ok,,20260918,20260918
20260918,603689.SH,皖天然气,801163.SI,燃气Ⅱ,L2,20,20,20,12.0,7.0,5.0,8.0,0.0,0.6,ok,,20260918,20260918
20260918,002800.SZ,天顺股份,801178.SI,物流,L2,20,20,20,12.0,6.0,6.0,8.0,0.0,0.6,ok,,20260918,20260918
20260918,000668.SZ,荣丰控股,801181.SI,房地产开发,L2,20,20,20,12.0,7.0,5.0,8.0,0.0,0.6,ok,,20260918,20260918
20260918,000809.SZ,和展能源,801181.SI,房地产开发,L2,20,20,15,9.0,6.0,3.0,6.0,5.0,0.6,ok,,20260918,20260918
20260918,001979.SZ,招商蛇口,801181.SI,房地产开发,L2,20,20,20,12.0,6.0,6.0,8.0,0.0,0.6,ok,,20260918,20260918
20260918,002244.SZ,滨江集团,801181.SI,房地产开发,L2,20,20,20,12.0,6.0,6.0,8.0,0.0,0.6,ok,,20260918,20260918
20260918,600007.SH,中国国贸,801181.SI,房地产开发,L2,20,20,20,12.0,8.0,4.0,8.0,0.0,0.6,ok,,20260918,20260918
20260918,600094.SH,大名城,801181.SI,房地产开发,L2,20,20,20,12.0,7.0,5.0,8.0,0.0,0.6,ok,,20260918,20260918
20260918,600246.SH,万通发展,801181.SI,房地产开发,L2,20,20,20,12.0,7.0,5.0,8.0,0.0,0.6,ok,,20260918,20260918
20260918,600287.SH,苏豪时尚,801202.SI,贸易Ⅱ,L2,20,20,20,12.0,6.0,6.0,8.0,0.0,0.6,ok,,20260918,20260918
20260918,600605.SH,汇通能源,801203.SI,一般零售,L2,20,20,20,12.0,7.0,5.0,8.0,0.0,0.6,ok,,20260918,20260918
20260918,300592.SZ,华凯易佰,801206.SI,互联网电商,L2,20,20,20,12.0,9.0,3.0,8.0,0.0,0.6,ok,,20260918,20260918
20260918,003008.SZ,开普检测,801218.SI,专业服务,L2,20,20,20,12.0,6.0,6.0,8.0,0.0,0.6,ok,,20260918,20260918
20260918,300012.SZ,华测检测,801218.SI,专业服务,L2,20,20,20,12.0,6.0,6.0,8.0,0.0,0.6,ok,,20260918,20260918
20260918,300572.SZ,安车检测,801218.SI,专业服务,L2,20,20,20,12.0,7.0,5.0,8.0,0.0,0.6,ok,,20260918,20260918
20260918,301228.SZ,实朴检测,801218.SI,专业服务,L2,20,20,20,12.0,6.0,6.0,8.0,0.0,0.6,ok,,20260918,20260918
20260918,920039.BJ,国义招标,801218.SI,专业服务,L2,20,20,20,12.0,5.0,7.0,8.0,0.0,0.6,ok,,20260918,20260918
20260918,000523.SZ,红棉股份,801231.SI,综合Ⅱ,L2,20,20,20,12.0,7.0,5.0,8.0,0.0,0.6,ok,,20260918,20260918
20260918,002575.SZ,群兴玩具,801231.SI,综合Ⅱ,L2,20,20,20,12.0,6.0,6.0,8.0,0.0,0.6,ok,,20260918,20260918
20260918,600051.SH,宁波联合,801231.SI,综合Ⅱ,L2,20,20,20,12.0,6.0,6.0,8.0,0.0,0.6,ok,,20260918,20260918
20260918,000672.SZ,上峰材料,801711.SI,水泥,L2,20,20,20,12.0,8.0,4.0,8.0,0.0,0.6,ok,,20260918,20260918
20260918,600425.SH,青松建化,801711.SI,水泥,L2,20,20,20,12.0,7.0,5.0,8.0,0.0,0.6,ok,,20260918,20260918
20260918,600449.SH,宁夏建材,801711.SI,水泥,L2,20,20,20,12.0,7.0,5.0,8.0,0.0,0.6,ok,,20260918,20260918
20260918,002652.SZ,扬子新材,801713.SI,装修建材,L2,20,20,20,12.0,7.0,5.0,8.0,0.0,0.6,ok,,20260918,20260918
20260918,301010.SZ,晶雪节能,801713.SI,装修建材,L2,20,20,20,12.0,7.0,5.0,8.0,0.0,0.6,ok,,20260918,20260918
20260918,605318.SH,法狮龙,801713.SI,装修建材,L2,20,20,20,12.0,6.0,6.0,8.0,0.0,0.6,ok,,20260918,20260918
20260918,002163.SZ,海南发展,801722.SI,装修装饰Ⅱ,L2,20,20,20,12.0,6.0,6.0,8.0,0.0,0.6,ok,,20260918,20260918
20260918,600234.SH,科新发展,801722.SI,装修装饰Ⅱ,L2,20,20,20,12.0,6.0,6.0,8.0,0.0,0.6,ok,,20260918,20260918
20260918,600039.SH,四川路桥,801723.SI,基础建设,L2,20,20,20,12.0,7.0,5.0,8.0,0.0,0.6,ok,,20260918,20260918
20260918,603778.SH,国晟科技,801723.SI,基础建设,L2,20,20,20,12.0,6.0,6.0,8.0,0.0,0.6,ok,,20260918,20260918
20260918,002541.SZ,鸿路钢构,801724.SI,专业工程,L2,20,20,20,12.0,6.0,6.0,8.0,0.0,0.6,ok,,20260918,20260918
20260918,300517.SZ,海波重科,801724.SI,专业工程,L2,20,20,20,12.0,7.0,5.0,8.0,0.0,0.6,ok,,20260918,20260918
20260918,601068.SH,中铝国际,801724.SI,专业工程,L2,20,20,20,12.0,5.0,7.0,8.0,0.0,0.6,ok,,20260918,20260918
20260918,920019.BJ,铜冠矿建,801724.SI,专业工程,L2,20,20,20,12.0,6.0,6.0,8.0,0.0,0.6,ok,,20260918,20260918
20260918,920057.BJ,百甲科技,801724.SI,专业工程,L2,20,20,20,12.0,6.0,6.0,8.0,0.0,0.6,ok,,20260918,20260918
20260918,300989.SZ,蕾奥规划,801726.SI,工程咨询服务Ⅱ,L2,20,20,20,12.0,6.0,6.0,8.0,0.0,0.6,ok,,20260918,20260918
20260918,301027.SZ,华蓝集团,801726.SI,工程咨询服务Ⅱ,L2,20,20,20,12.0,6.0,6.0,8.0,0.0,0.6,ok,,20260918,20260918
20260918,301058.SZ,中粮科工,801726.SI,工程咨询服务Ⅱ,L2,20,20,20,12.0,7.0,5.0,8.0,0.0,0.6,ok,,20260918,20260918
20260918,301505.SZ,苏州规划,801726.SI,工程咨询服务Ⅱ,L2,20,20,20,12.0,7.0,5.0,8.0,0.0,0.6,ok,,20260918,20260918
20260918,603153.SH,上海建科,801726.SI,工程咨询服务Ⅱ,L2,20,20,20,12.0,6.0,6.0,8.0,0.0,0.6,ok,,20260918,20260918
20260918,920892.BJ,广咨国际,801726.SI,工程咨询服务Ⅱ,L2,20,20,20,12.0,6.0,6.0,8.0,0.0,0.6,ok,,20260918,20260918
20260918,002576.SZ,通达动力,801731.SI,电机Ⅱ,L2,20,20,20,12.0,6.0,6.0,8.0,0.0,0.6,ok,,20260918,20260918
20260918,603988.SH,中电电机,801731.SI,电机Ⅱ,L2,20,20,20,12.0,4.0,8.0,8.0,0.0,0.6,ok,,20260918,20260918
20260918,920011.BJ,晨光电机,801731.SI,电机Ⅱ,L2,20,20,20,12.0,6.0,6.0,8.0,0.0,0.6,ok,,20260918,20260918
20260918,600405.SH,动力源,801733.SI,其他电源设备Ⅱ,L2,20,20,20,12.0,7.0,5.0,8.0,0.0,0.6,ok,,20260918,20260918
20260918,003022.SZ,联泓新科,801735.SI,光伏设备,L2,20,20,20,12.0,4.0,8.0,8.0,0.0,0.6,ok,,20260918,20260918
20260918,300776.SZ,帝尔激光,801735.SI,光伏设备,L2,20,20,20,12.0,3.0,9.0,8.0,0.0,0.6,ok,,20260918,20260918
20260918,300842.SZ,帝科股份,801735.SI,光伏设备,L2,20,20,20,12.0,2.0,10.0,8.0,0.0,0.6,ok,,20260918,20260918
20260918,300690.SZ,双一科技,801736.SI,风电设备,L2,20,20,20,12.0,6.0,6.0,8.0,0.0,0.6,ok,,20260918,20260918
20260918,688660.SH,电气风电,801736.SI,风电设备,L2,20,20,20,12.0,7.0,5.0,8.0,0.0,0.6,ok,,20260918,20260918
20260918,002733.SZ,雄韬股份,801737.SI,电池,L2,20,20,20,12.0,3.0,9.0,8.0,0.0,0.6,ok,,20260918,20260918
20260918,300128.SZ,锦富技术,801737.SI,电池,L2,20,20,20,12.0,5.0,7.0,8.0,0.0,0.6,ok,,20260918,20260918
20260918,300530.SZ,领湃科技,801737.SI,电池,L2,20,20,20,12.0,4.0,8.0,8.0,0.0,0.6,ok,,20260918,20260918
20260918,301487.SZ,盟固利,801737.SI,电池,L2,20,20,20,12.0,4.0,8.0,8.0,0.0,0.6,ok,,20260918,20260918
20260918,301511.SZ,德福科技,801737.SI,电池,L2,20,20,20,12.0,4.0,8.0,8.0,0.0,0.6,ok,,20260918,20260918
20260918,301513.SZ,尚水智能,801737.SI,电池,L2,20,20,20,12.0,2.0,10.0,8.0,0.0,0.6,ok,,20260918,20260918
20260918,301587.SZ,中瑞股份,801737.SI,电池,L2,20,20,20,12.0,4.0,8.0,8.0,0.0,0.6,ok,,20260918,20260918
20260918,600110.SH,诺德股份,801737.SI,电池,L2,20,20,20,12.0,4.0,8.0,8.0,0.0,0.6,ok,,20260918,20260918
20260918,603031.SH,安孚科技,801737.SI,电池,L2,20,20,20,12.0,4.0,8.0,8.0,0.0,0.6,ok,,20260918,20260918
20260918,688345.SH,博力威,801737.SI,电池,L2,20,20,20,12.0,3.0,9.0,8.0,0.0,0.6,ok,,20260918,20260918
20260918,688392.SH,骄成超声,801737.SI,电池,L2,20,20,20,12.0,2.0,10.0,8.0,0.0,0.6,ok,,20260918,20260918
20260918,688819.SH,天能股份,801737.SI,电池,L2,20,20,20,12.0,4.0,8.0,8.0,0.0,0.6,ok,,20260918,20260918
20260918,920119.BJ,美德乐,801737.SI,电池,L2,20,20,20,12.0,5.0,7.0,8.0,0.0,0.6,ok,,20260918,20260918
20260918,920522.BJ,纳科诺尔,801737.SI,电池,L2,20,20,20,12.0,2.0,10.0,8.0,0.0,0.6,ok,,20260918,20260918
20260918,920779.BJ,武汉蓝电,801737.SI,电池,L2,20,20,20,12.0,2.0,10.0,8.0,0.0,0.6,ok,,20260918,20260918
20260918,002169.SZ,智光电气,801738.SI,电网设备,L2,20,20,20,12.0,4.0,8.0,8.0,0.0,0.6,ok,,20260918,20260918
20260918,002927.SZ,泰永长征,801738.SI,电网设备,L2,20,20,20,12.0,6.0,6.0,8.0,0.0,0.6,ok,,20260918,20260918
20260918,300018.SZ,中元股份,801738.SI,电网设备,L2,20,20,20,12.0,4.0,8.0,8.0,0.0,0.6,ok,,20260918,20260918
20260918,300882.SZ,万胜智能,801738.SI,电网设备,L2,20,20,20,12.0,4.0,8.0,8.0,0.0,0.6,ok,,20260918,20260918
20260918,301439.SZ,泓淋电力,801738.SI,电网设备,L2,20,20,20,12.0,4.0,8.0,8.0,0.0,0.6,ok,,20260918,20260918
20260918,301609.SZ,山大电力,801738.SI,电网设备,L2,20,20,20,12.0,5.0,7.0,8.0,0.0,0.6,ok,,20260918,20260918
20260918,603312.SH,西典新能,801738.SI,电网设备,L2,20,20,20,12.0,5.0,7.0,8.0,0.0,0.6,ok,,20260918,20260918
20260918,603897.SH,长城科技,801738.SI,电网设备,L2,20,20,20,12.0,4.0,8.0,8.0,0.0,0.6,ok,,20260918,20260918
20260918,688226.SH,威腾电气,801738.SI,电网设备,L2,20,20,20,12.0,5.0,7.0,8.0,0.0,0.6,ok,,20260918,20260918
20260918,688450.SH,光格科技,801738.SI,电网设备,L2,20,20,20,12.0,3.0,9.0,8.0,0.0,0.6,ok,,20260918,20260918
20260918,688616.SH,西力科技,801738.SI,电网设备,L2,20,20,20,12.0,4.0,8.0,8.0,0.0,0.6,ok,,20260918,20260918
20260918,920029.BJ,开发科技,801738.SI,电网设备,L2,20,20,20,12.0,4.0,8.0,8.0,0.0,0.6,ok,,20260918,20260918
20260918,920046.BJ,亿能电力,801738.SI,电网设备,L2,20,20,20,12.0,4.0,8.0,8.0,0.0,0.6,ok,,20260918,20260918
20260918,000561.SZ,烽火电子,801742.SI,航空装备Ⅱ,L2,20,20,20,12.0,7.0,5.0,8.0,0.0,0.6,ok,,20260918,20260918
20260918,002297.SZ,博云新材,801742.SI,航空装备Ⅱ,L2,20,20,20,12.0,6.0,6.0,8.0,0.0,0.6,ok,,20260918,20260918
20260918,002389.SZ,航天彩虹,801742.SI,航空装备Ⅱ,L2,20,20,20,12.0,8.0,4.0,8.0,0.0,0.6,ok,,20260918,20260918
20260918,002933.SZ,新兴装备,801742.SI,航空装备Ⅱ,L2,20,20,20,12.0,7.0,5.0,8.0,0.0,0.6,ok,,20260918,20260918
20260918,300900.SZ,广联航空,801742.SI,航空装备Ⅱ,L2,20,20,20,12.0,5.0,7.0,8.0,0.0,0.6,ok,,20260918,20260918
20260918,688122.SH,西部超导,801742.SI,航空装备Ⅱ,L2,20,20,20,12.0,6.0,6.0,8.0,0.0,0.6,ok,,20260918,20260918
20260918,000547.SZ,航天发展,801745.SI,军工电子Ⅱ,L2,20,20,20,12.0,7.0,5.0,8.0,0.0,0.6,ok,,20260918,20260918
20260918,002025.SZ,航天电器,801745.SI,军工电子Ⅱ,L2,20,20,20,12.0,6.0,6.0,8.0,0.0,0.6,ok,,20260918,20260918
20260918,002338.SZ,奥普光电,801745.SI,军工电子Ⅱ,L2,20,20,20,12.0,5.0,7.0,8.0,0.0,0.6,ok,,20260918,20260918
20260918,300101.SZ,振芯科技,801745.SI,军工电子Ⅱ,L2,20,20,20,12.0,5.0,7.0,8.0,0.0,0.6,ok,,20260918,20260918
20260918,301302.SZ,华如科技,801745.SI,军工电子Ⅱ,L2,20,20,20,12.0,6.0,6.0,8.0,0.0,0.6,ok,,20260918,20260918
20260918,688439.SH,振华风光,801745.SI,军工电子Ⅱ,L2,20,20,20,12.0,5.0,7.0,8.0,0.0,0.6,ok,,20260918,20260918
20260918,688552.SH,航天南湖,801745.SI,军工电子Ⅱ,L2,20,20,20,12.0,7.0,5.0,8.0,0.0,0.6,ok,,20260918,20260918
20260918,603721.SH,中广天择,801766.SI,影视院线,L2,20,20,20,12.0,6.0,6.0,8.0,0.0,0.6,ok,,20260918,20260918
20260918,601998.SH,中信银行,801783.SI,股份制银行Ⅱ,L2,20,20,20,12.0,7.0,5.0,8.0,0.0,0.6,ok,,20260918,20260918
20260918,600099.SH,林海股份,801881.SI,摩托车及其他,L2,20,20,20,12.0,7.0,5.0,8.0,0.0,0.6,ok,,20260918,20260918
20260918,603529.SH,爱玛科技,801881.SI,摩托车及其他,L2,20,20,20,12.0,7.0,5.0,8.0,0.0,0.6,ok,,20260918,20260918
20260918,920058.BJ,华洋赛车,801881.SI,摩托车及其他,L2,20,20,20,12.0,7.0,5.0,8.0,0.0,0.6,ok,,20260918,20260918
20260918,600397.SH,江钨装备,801951.SI,煤炭开采,L2,20,20,20,12.0,4.0,8.0,8.0,0.0,0.6,ok,,20260918,20260918
20260918,300839.SZ,博汇股份,801963.SI,炼化及贸易,L2,20,20,20,12.0,4.0,8.0,8.0,0.0,0.6,ok,,20260918,20260918
20260918,600506.SH,统一股份,801963.SI,炼化及贸易,L2,20,20,20,12.0,5.0,7.0,8.0,0.0,0.6,ok,,20260918,20260918
20260918,603353.SH,和顺石油,801963.SI,炼化及贸易,L2,20,20,20,12.0,6.0,6.0,8.0,0.0,0.6,ok,,20260918,20260918
20260918,000803.SZ,山高环能,801971.SI,环境治理,L2,20,20,20,12.0,4.0,8.0,8.0,0.0,0.6,ok,,20260918,20260918
20260918,003039.SZ,顺控发展,801971.SI,环境治理,L2,20,20,20,12.0,5.0,7.0,8.0,0.0,0.6,ok,,20260918,20260918
20260918,300854.SZ,中兰环保,801971.SI,环境治理,L2,20,20,20,12.0,5.0,7.0,8.0,0.0,0.6,ok,,20260918,20260918
20260918,300961.SZ,深水海纳,801971.SI,环境治理,L2,20,20,20,12.0,7.0,5.0,8.0,0.0,0.6,ok,,20260918,20260918
20260918,301068.SZ,大地海洋,801971.SI,环境治理,L2,20,20,20,12.0,6.0,6.0,8.0,0.0,0.6,ok,,20260918,20260918
20260918,301109.SZ,军信股份,801971.SI,环境治理,L2,20,20,20,12.0,5.0,7.0,8.0,0.0,0.6,ok,,20260918,20260918
20260918,301259.SZ,艾布鲁,801971.SI,环境治理,L2,20,20,20,12.0,5.0,7.0,8.0,0.0,0.6,ok,,20260918,20260918
20260918,688178.SH,万德斯,801971.SI,环境治理,L2,20,20,20,12.0,5.0,7.0,8.0,0.0,0.6,ok,,20260918,20260918
20260918,001336.SZ,楚环科技,801972.SI,环保设备Ⅱ,L2,20,20,20,12.0,6.0,6.0,8.0,0.0,0.6,ok,,20260918,20260918
20260918,300210.SZ,森远股份,801972.SI,环保设备Ⅱ,L2,20,20,20,12.0,5.0,7.0,8.0,0.0,0.6,ok,,20260918,20260918
20260918,920145.BJ,恒合股份,801972.SI,环保设备Ⅱ,L2,20,20,20,12.0,5.0,7.0,8.0,0.0,0.6,ok,,20260918,20260918
20260918,300886.SZ,华业香料,801982.SI,化妆品,L2,20,20,20,12.0,5.0,7.0,8.0,0.0,0.6,ok,,20260918,20260918
20260918,000905.SZ,厦门港务,801992.SI,航运港口,L2,20,20,20,12.0,7.0,5.0,8.0,0.0,0.6,ok,,20260918,20260918
20260918,600179.SH,安通控股,801992.SI,航运港口,L2,20,20,20,12.0,6.0,6.0,8.0,0.0,0.6,ok,,20260918,20260918
20260918,600751.SH,海航科技,801992.SI,航运港口,L2,20,20,20,12.0,4.0,8.0,8.0,0.0,0.6,ok,,20260918,20260918
20260918,601326.SH,秦港股份,801992.SI,航运港口,L2,20,20,20,12.0,6.0,6.0,8.0,0.0,0.6,ok,,20260918,20260918
20260918,300688.SZ,创业黑马,801994.SI,教育,L2,20,20,20,12.0,10.0,2.0,8.0,0.0,0.6,ok,,20260918,20260918
20260918,300305.SZ,裕兴股份,801036.SI,塑料,L2,20,20,17,10.0,6.0,4.0,7.0,3.0,0.5882352941176471,ok,,20260918,20260918
20260918,000852.SZ,石化机械,801074.SI,专用设备,L2,20,20,17,10.0,5.0,5.0,7.0,3.0,0.5882352941176471,ok,,20260918,20260918
20260918,002021.SZ,中捷资源,801074.SI,专用设备,L2,20,20,17,10.0,3.0,7.0,7.0,3.0,0.5882352941176471,ok,,20260918,20260918
20260918,002355.SZ,兴民智通,801093.SI,汽车零部件,L2,20,20,17,10.0,5.0,5.0,7.0,3.0,0.5882352941176471,ok,,20260918,20260918
20260918,002363.SZ,隆基机械,801093.SI,汽车零部件,L2,20,20,17,10.0,5.0,5.0,7.0,3.0,0.5882352941176471,ok,,20260918,20260918
20260918,601163.SH,三角轮胎,801093.SI,汽车零部件,L2,20,20,17,10.0,5.0,5.0,7.0,3.0,0.5882352941176471,ok,,20260918,20260918
20260918,600998.SH,九州通,801154.SI,医药商业,L2,20,20,17,10.0,5.0,5.0,7.0,3.0,0.5882352941176471,ok,,20260918,20260918
20260918,600020.SH,中原高速,801179.SI,铁路公路,L2,20,20,17,10.0,5.0,5.0,7.0,3.0,0.5882352941176471,ok,,20260918,20260918
20260918,601107.SH,四川成渝,801179.SI,铁路公路,L2,20,20,17,10.0,6.0,4.0,7.0,3.0,0.5882352941176471,ok,,20260918,20260918
20260918,600826.SH,兰生股份,801218.SI,专业服务,L2,20,20,17,10.0,4.0,6.0,7.0,3.0,0.5882352941176471,ok,,20260918,20260918
20260918,002377.SZ,国创高新,801963.SI,炼化及贸易,L2,20,20,17,10.0,3.0,7.0,7.0,3.0,0.5882352941176471,ok,,20260918,20260918
20260918,603406.SH,天富龙,801032.SI,化学纤维,L2,20,20,19,11.0,5.0,6.0,8.0,1.0,0.5789473684210527,ok,,20260918,20260918
20260918,000635.SZ,英力特,801033.SI,化学原料,L2,20,20,19,11.0,6.0,5.0,8.0,1.0,0.5789473684210527,ok,,20260918,20260918
20260918,002319.SZ,乐通股份,801034.SI,化学制品,L2,20,20,19,11.0,5.0,6.0,8.0,1.0,0.5789473684210527,ok,,20260918,20260918
20260918,002783.SZ,凯龙股份,801034.SI,化学制品,L2,20,20,19,11.0,7.0,4.0,8.0,1.0,0.5789473684210527,ok,,20260918,20260918
20260918,300225.SZ,金力泰,801034.SI,化学制品,L2,20,20,19,11.0,6.0,5.0,8.0,1.0,0.5789473684210527,ok,,20260918,20260918
20260918,300610.SZ,晨化股份,801034.SI,化学制品,L2,20,20,19,11.0,5.0,6.0,8.0,1.0,0.5789473684210527,ok,,20260918,20260918
20260918,603310.SH,巍华新材,801034.SI,化学制品,L2,20,20,19,11.0,6.0,5.0,8.0,1.0,0.5789473684210527,ok,,20260918,20260918
20260918,603968.SH,醋化股份,801034.SI,化学制品,L2,20,20,19,11.0,6.0,5.0,8.0,1.0,0.5789473684210527,ok,,20260918,20260918
20260918,688267.SH,中触媒,801034.SI,化学制品,L2,20,20,19,11.0,7.0,4.0,8.0,1.0,0.5789473684210527,ok,,20260918,20260918
20260918,920974.BJ,凯大催化,801034.SI,化学制品,L2,20,20,19,11.0,5.0,6.0,8.0,1.0,0.5789473684210527,ok,,20260918,20260918
20260918,002825.SZ,纳尔股份,801036.SI,塑料,L2,20,20,19,11.0,5.0,6.0,8.0,1.0,0.5789473684210527,ok,,20260918,20260918
20260918,300218.SZ,安利股份,801036.SI,塑料,L2,20,20,19,11.0,5.0,6.0,8.0,1.0,0.5789473684210527,ok,,20260918,20260918
20260918,300478.SZ,杭州高新,801036.SI,塑料,L2,20,20,19,11.0,6.0,5.0,8.0,1.0,0.5789473684210527,ok,,20260918,20260918
20260918,301003.SZ,江苏博云,801036.SI,塑料,L2,20,20,19,11.0,5.0,6.0,8.0,1.0,0.5789473684210527,ok,,20260918,20260918
20260918,600135.SH,乐凯胶片,801036.SI,塑料,L2,20,20,19,11.0,6.0,5.0,8.0,1.0,0.5789473684210527,ok,,20260918,20260918
20260918,603879.SH,永悦科技,801036.SI,塑料,L2,20,20,19,11.0,5.0,6.0,8.0,1.0,0.5789473684210527,ok,,20260918,20260918
20260918,920665.BJ,科强股份,801037.SI,橡胶,L2,20,20,19,11.0,6.0,5.0,8.0,1.0,0.5789473684210527,ok,,20260918,20260918
20260918,603639.SH,海利尔,801038.SI,农化制品,L2,20,20,19,11.0,4.0,7.0,8.0,1.0,0.5789473684210527,ok,,20260918,20260918
20260918,920576.BJ,天力复合,801051.SI,金属新材料,L2,20,20,19,11.0,5.0,6.0,8.0,1.0,0.5789473684210527,ok,,20260918,20260918
20260918,920634.BJ,新威凌,801055.SI,工业金属,L2,20,20,19,11.0,5.0,6.0,8.0,1.0,0.5789473684210527,ok,,20260918,20260918
20260918,002444.SZ,巨星科技,801072.SI,通用设备,L2,20,20,19,11.0,4.0,7.0,8.0,1.0,0.5789473684210527,ok,,20260918,20260918
20260918,300515.SZ,三德科技,801072.SI,通用设备,L2,20,20,19,11.0,5.0,6.0,8.0,1.0,0.5789473684210527,ok,,20260918,20260918
20260918,603187.SH,海容冷链,801072.SI,通用设备,L2,20,20,19,11.0,6.0,5.0,8.0,1.0,0.5789473684210527,ok,,20260918,20260918
20260918,920363.BJ,莱赛激光,801072.SI,通用设备,L2,20,20,19,11.0,5.0,6.0,8.0,1.0,0.5789473684210527,ok,,20260918,20260918
20260918,002073.SZ,软控股份,801074.SI,专用设备,L2,20,20,19,11.0,4.0,7.0,8.0,1.0,0.5789473684210527,ok,,20260918,20260918
20260918,002564.SZ,天沃科技,801074.SI,专用设备,L2,20,20,19,11.0,4.0,7.0,8.0,1.0,0.5789473684210527,ok,,20260918,20260918
20260918,300512.SZ,中亚股份,801074.SI,专用设备,L2,20,20,19,11.0,5.0,6.0,8.0,1.0,0.5789473684210527,ok,,20260918,20260918
20260918,600894.SH,广日股份,801074.SI,专用设备,L2,20,20,19,11.0,3.0,8.0,8.0,1.0,0.5789473684210527,ok,,20260918,20260918
20260918,603321.SH,梅轮电梯,801074.SI,专用设备,L2,20,20,19,11.0,5.0,6.0,8.0,1.0,0.5789473684210527,ok,,20260918,20260918
20260918,920475.BJ,三友科技,801074.SI,专用设备,L2,20,20,19,11.0,4.0,7.0,8.0,1.0,0.5789473684210527,ok,,20260918,20260918
20260918,300851.SZ,交大思诺,801076.SI,轨交设备Ⅱ,L2,20,20,19,11.0,7.0,4.0,8.0,1.0,0.5789473684210527,ok,,20260918,20260918
20260918,603111.SH,康尼机,801076.SI,轨交设备Ⅱ,L2,20,20,19,11.0,7.0,4.0,8.0,1.0,0.5789473684210527,ok,,20260918,20260918
20260918,688569.SH,铁科轨道,801076.SI,轨交设备Ⅱ,L2,20,20,19,11.0,6.0,5.0,8.0,1.0,0.5789473684210527,ok,,20260918,20260918
20260918,603194.SH,中力股份,801077.SI,工程机械,L2,20,20,19,11.0,5.0,6.0,8.0,1.0,0.5789473684210527,ok,,20260918,20260918
20260918,603015.SH,弘讯科技,801078.SI,自动化设备,L2,20,20,19,11.0,5.0,6.0,8.0,1.0,0.5789473684210527,ok,,20260918,20260918
20260918,688570.SH,天玛智控,801078.SI,自动化设备,L2,20,20,19,11.0,4.0,7.0,8.0,1.0,0.5789473684210527,ok,,20260918,20260918
20260918,688816.SH,易思维,801078.SI,自动化设备,L2,20,20,19,11.0,5.0,6.0,8.0,1.0,0.5789473684210527,ok,,20260918,20260918
20260918,920579.BJ,机科股份,801078.SI,自动化设备,L2,20,20,19,11.0,4.0,7.0,8.0,1.0,0.5789473684210527,ok,,20260918,20260918
20260918,688539.SH,高华科技,801083.SI,元件,L2,20,20,19,11.0,4.0,7.0,8.0,1.0,0.5789473684210527,ok,,20260918,20260918
20260918,300708.SZ,聚灿光电,801084.SI,光学光电子,L2,20,20,19,11.0,5.0,6.0,8.0,1.0,0.5789473684210527,ok,,20260918,20260918
20260918,300808.SZ,久量股份,801084.SI,光学光电子,L2,20,20,19,11.0,7.0,4.0,8.0,1.0,0.5789473684210527,ok,,20260918,20260918
20260918,002584.SZ,西陇科学,801086.SI,电子化学品Ⅱ,L2,20,20,19,11.0,6.0,5.0,8.0,1.0,0.5789473684210527,ok,,20260918,20260918
20260918,000570.SZ,苏常柴A,801093.SI,汽车零部件,L2,20,20,19,11.0,7.0,4.0,8.0,1.0,0.5789473684210527,ok,,20260918,20260918
20260918,000816.SZ,智慧农业,801093.SI,汽车零部件,L2,20,20,19,11.0,6.0,5.0,8.0,1.0,0.5789473684210527,ok,,20260918,20260918
20260918,002406.SZ,远东传动,801093.SI,汽车零部件,L2,20,20,19,11.0,6.0,5.0,8.0,1.0,0.5789473684210527,ok,,20260918,20260918
20260918,002765.SZ,蓝黛科技,801093.SI,汽车零部件,L2,20,20,19,11.0,5.0,6.0,8.0,1.0,0.5789473684210527,ok,,20260918,20260918
20260918,002766.SZ,索菱股份,801093.SI,汽车零部件,L2,20,20,19,11.0,5.0,6.0,8.0,1.0,0.5789473684210527,ok,,20260918,20260918
20260918,301229.SZ,纽泰格,801093.SI,汽车零部件,L2,20,20,19,11.0,5.0,6.0,8.0,1.0,0.5789473684210527,ok,,20260918,20260918
20260918,301233.SZ,盛帮股份,801093.SI,汽车零部件,L2,20,20,19,11.0,4.0,7.0,8.0,1.0,0.5789473684210527,ok,,20260918,20260918
20260918,301656.SZ,联合动力,801093.SI,汽车零部件,L2,20,20,19,11.0,4.0,7.0,8.0,1.0,0.5789473684210527,ok,,20260918,20260918
20260918,600151.SH,航天机电,801093.SI,汽车零部件,L2,20,20,19,11.0,5.0,6.0,8.0,1.0,0.5789473684210527,ok,,20260918,20260918
20260918,600218.SH,全柴动力,801093.SI,汽车零部件,L2,20,20,19,11.0,7.0,4.0,8.0,1.0,0.5789473684210527,ok,,20260918,20260918
20260918,600626.SH,申达股份,801093.SI,汽车零部件,L2,20,20,19,11.0,6.0,5.0,8.0,1.0,0.5789473684210527,ok,,20260918,20260918
20260918,600742.SH,富维股份,801093.SI,汽车零部件,L2,20,20,19,11.0,6.0,5.0,8.0,1.0,0.5789473684210527,ok,,20260918,20260918
20260918,603210.SH,泰鸿万立,801093.SI,汽车零部件,L2,20,20,19,11.0,6.0,5.0,8.0,1.0,0.5789473684210527,ok,,20260918,20260918
20260918,603266.SH,天龙股份,801093.SI,汽车零部件,L2,20,20,19,11.0,5.0,6.0,8.0,1.0,0.5789473684210527,ok,,20260918,20260918
20260918,603348.SH,文灿股份,801093.SI,汽车零部件,L2,20,20,19,11.0,6.0,5.0,8.0,1.0,0.5789473684210527,ok,,20260918,20260918
20260918,603390.SH,通达电气,801093.SI,汽车零部件,L2,20,20,19,11.0,6.0,5.0,8.0,1.0,0.5789473684210527,ok,,20260918,20260918
20260918,603409.SH,汇通控股,801093.SI,汽车零部件,L2,20,20,19,11.0,6.0,5.0,8.0,1.0,0.5789473684210527,ok,,20260918,20260918
20260918,603982.SH,泉峰汽车,801093.SI,汽车零部件,L2,20,20,19,11.0,6.0,5.0,8.0,1.0,0.5789473684210527,ok,,20260918,20260918
20260918,920059.BJ,双英集团,801093.SI,汽车零部件,L2,20,20,19,11.0,3.0,8.0,8.0,1.0,0.5789473684210527,ok,,20260918,20260918
20260918,920146.BJ,华阳变速,801093.SI,汽车零部件,L2,20,20,19,11.0,6.0,5.0,8.0,1.0,0.5789473684210527,ok,,20260918,20260918
20260918,920168.BJ,通宝光电,801093.SI,汽车零部件,L2,20,20,19,11.0,5.0,6.0,8.0,1.0,0.5789473684210527,ok,,20260918,20260918
20260918,920195.BJ,三祥科技,801093.SI,汽车零部件,L2,20,20,19,11.0,6.0,5.0,8.0,1.0,0.5789473684210527,ok,,20260918,20260918
20260918,920663.BJ,明阳科技,801093.SI,汽车零部件,L2,20,20,19,11.0,6.0,5.0,8.0,1.0,0.5789473684210527,ok,,20260918,20260918
20260918,603508.SH,思维列控,801101.SI,计算机设备,L2,20,20,19,11.0,3.0,8.0,8.0,1.0,0.5789473684210527,ok,,20260918,20260918
20260918,002194.SZ,武汉凡谷,801102.SI,通信设备,L2,20,20,19,11.0,5.0,6.0,8.0,1.0,0.5789473684210527,ok,,20260918,20260918
20260918,002396.SZ,星网锐捷,801102.SI,通信设备,L2,20,20,19,11.0,5.0,6.0,8.0,1.0,0.5789473684210527,ok,,20260918,20260918
20260918,300627.SZ,华测导航,801102.SI,通信设备,L2,20,20,19,11.0,4.0,7.0,8.0,1.0,0.5789473684210527,ok,,20260918,20260918
20260918,301419.SZ,阿莱德,801102.SI,通信设备,L2,20,20,19,11.0,5.0,6.0,8.0,1.0,0.5789473684210527,ok,,20260918,20260918
20260918,601869.SH,长飞光纤,801102.SI,通信设备,L2,20,20,19,11.0,5.0,6.0,8.0,1.0,0.5789473684210527,ok,,20260918,20260918
20260918,603083.SH,剑桥科技,801102.SI,通信设备,L2,20,20,19,11.0,4.0,7.0,8.0,1.0,0.5789473684210527,ok,,20260918,20260918
20260918,688100.SH,威胜信息,801102.SI,通信设备,L2,20,20,19,11.0,4.0,7.0,8.0,1.0,0.5789473684210527,ok,,20260918,20260918
20260918,300536.SZ,农尚环境,801103.SI,IT服务Ⅱ,L2,20,20,19,11.0,4.0,7.0,8.0,1.0,0.5789473684210527,ok,,20260918,20260918
20260918,301638.SZ,南网数字,801103.SI,IT服务Ⅱ,L2,20,20,19,11.0,4.0,7.0,8.0,1.0,0.5789473684210527,ok,,20260918,20260918
20260918,920199.BJ,倍益康,801113.SI,小家电,L2,20,20,19,11.0,4.0,7.0,8.0,1.0,0.5789473684210527,ok,,20260918,20260918
20260918,603170.SH,宝立食品,801129.SI,调味发酵品Ⅱ,L2,20,20,19,11.0,5.0,6.0,8.0,1.0,0.5789473684210527,ok,,20260918,20260918
20260918,002083.SZ,孚日股份,801131.SI,纺织制造,L2,20,20,19,11.0,5.0,6.0,8.0,1.0,0.5789473684210527,ok,,20260918,20260918
20260918,603889.SH,新澳股份,801131.SI,纺织制造,L2,20,20,19,11.0,7.0,4.0,8.0,1.0,0.5789473684210527,ok,,20260918,20260918
20260918,002397.SZ,梦洁股份,801132.SI,服装家纺,L2,20,20,19,11.0,7.0,4.0,8.0,1.0,0.5789473684210527,ok,,20260918,20260918
20260918,002563.SZ,森马服饰,801132.SI,服装家纺,L2,20,20,19,11.0,7.0,4.0,8.0,1.0,0.5789473684210527,ok,,20260918,20260918
20260918,603365.SH,水星家纺,801132.SI,服装家纺,L2,20,20,19,11.0,5.0,6.0,8.0,1.0,0.5789473684210527,ok,,20260918,20260918
20260918,603587.SH,地素时尚,801132.SI,服装家纺,L2,20,20,19,11.0,6.0,5.0,8.0,1.0,0.5789473684210527,ok,,20260918,20260918
20260918,000659.SZ,珠海中富,801141.SI,包装印刷,L2,20,20,19,11.0,6.0,5.0,8.0,1.0,0.5789473684210527,ok,,20260918,20260918
20260918,002735.SZ,王子新材,801141.SI,包装印刷,L2,20,20,19,11.0,6.0,5.0,8.0,1.0,0.5789473684210527,ok,,20260918,20260918
20260918,920121.BJ,江天科技,801141.SI,包装印刷,L2,20,20,19,11.0,6.0,5.0,8.0,1.0,0.5789473684210527,ok,,20260918,20260918
20260918,920392.BJ,佳合科技,801141.SI,包装印刷,L2,20,20,19,11.0,7.0,4.0,8.0,1.0,0.5789473684210527,ok,,20260918,20260918
20260918,002790.SZ,瑞尔特,801142.SI,家居用品,L2,20,20,19,11.0,7.0,4.0,8.0,1.0,0.5789473684210527,ok,,20260918,20260918
20260918,301004.SZ,嘉益股份,801142.SI,家居用品,L2,20,20,19,11.0,6.0,5.0,8.0,1.0,0.5789473684210527,ok,,20260918,20260918
20260918,603600.SH,永艺股份,801142.SI,家居用品,L2,20,20,19,11.0,7.0,4.0,8.0,1.0,0.5789473684210527,ok,,20260918,20260918
20260918,000915.SZ,华特达因,801151.SI,化学制药,L2,20,20,19,11.0,7.0,4.0,8.0,1.0,0.5789473684210527,ok,,20260918,20260918
20260918,920047.BJ,诺思兰德,801152.SI,生物制品,L2,20,20,19,11.0,5.0,6.0,8.0,1.0,0.5789473684210527,ok,,20260918,20260918
20260918,600529.SH,山东药玻,801153.SI,医疗器械,L2,20,20,19,11.0,5.0,6.0,8.0,1.0,0.5789473684210527,ok,,20260918,20260918
20260918,002039.SZ,黔源电力,801161.SI,电力,L2,20,20,19,11.0,5.0,6.0,8.0,1.0,0.5789473684210527,ok,,20260918,20260918
20260918,003035.SZ,南网能源,801161.SI,电力,L2,20,20,19,11.0,6.0,5.0,8.0,1.0,0.5789473684210527,ok,,20260918,20260918
20260918,002259.SZ,升达林业,801163.SI,燃气Ⅱ,L2,20,20,19,11.0,6.0,5.0,8.0,1.0,0.5789473684210527,ok,,20260918,20260918
20260918,300435.SZ,中泰股份,801163.SI,燃气Ⅱ,L2,20,20,19,11.0,7.0,4.0,8.0,1.0,0.5789473684210527,ok,,20260918,20260918
20260918,603066.SH,音飞储存,801178.SI,物流,L2,20,20,19,11.0,7.0,4.0,8.0,1.0,0.5789473684210527,ok,,20260918,20260918
20260918,605050.SH,福然德,801178.SI,物流,L2,20,20,19,11.0,6.0,5.0,8.0,1.0,0.5789473684210527,ok,,20260918,20260918
20260918,603069.SH,海汽集团,801179.SI,铁路公路,L2,20,20,19,11.0,8.0,3.0,8.0,1.0,0.5789473684210527,ok,,20260918,20260918
20260918,000620.SZ,盈新发展,801181.SI,房地产开发,L2,20,20,19,11.0,5.0,6.0,8.0,1.0,0.5789473684210527,ok,,20260918,20260918
20260918,000151.SZ,中成股份,801202.SI,贸易Ⅱ,L2,20,20,19,11.0,6.0,5.0,8.0,1.0,0.5789473684210527,ok,,20260918,20260918
20260918,600113.SH,浙江东日,801203.SI,一般零售,L2,20,20,19,11.0,5.0,6.0,8.0,1.0,0.5789473684210527,ok,,20260918,20260918
20260918,600662.SH,外服控股,801218.SI,专业服务,L2,20,20,19,11.0,5.0,6.0,8.0,1.0,0.5789473684210527,ok,,20260918,20260918
20260918,600861.SH,北京人力,801218.SI,专业服务,L2,20,20,19,11.0,6.0,5.0,8.0,1.0,0.5789473684210527,ok,,20260918,20260918
20260918,603183.SH,建研院,801218.SI,专业服务,L2,20,20,19,11.0,7.0,4.0,8.0,1.0,0.5789473684210527,ok,,20260918,20260918
20260918,603373.SH,安邦护卫,801218.SI,专业服务,L2,20,20,19,11.0,6.0,5.0,8.0,1.0,0.5789473684210527,ok,,20260918,20260918
20260918,920160.BJ,北矿检测,801218.SI,专业服务,L2,20,20,19,11.0,4.0,7.0,8.0,1.0,0.5789473684210527,ok,,20260918,20260918
20260918,300513.SZ,恒实科技,801223.SI,通信服务,L2,20,20,19,11.0,4.0,7.0,8.0,1.0,0.5789473684210527,ok,,20260918,20260918
20260918,002671.SZ,龙泉股份,801711.SI,水泥,L2,20,20,19,11.0,6.0,5.0,8.0,1.0,0.5789473684210527,ok,,20260918,20260918
20260918,002062.SZ,宏润建设,801723.SI,基础建设,L2,20,20,19,11.0,7.0,4.0,8.0,1.0,0.5789473684210527,ok,,20260918,20260918
20260918,002628.SZ,成都路桥,801723.SI,基础建设,L2,20,20,19,11.0,5.0,6.0,8.0,1.0,0.5789473684210527,ok,,20260918,20260918
20260918,601096.SH,宏盛华,801724.SI,专业工程,L2,20,20,19,11.0,6.0,5.0,8.0,1.0,0.5789473684210527,ok,,20260918,20260918
20260918,920149.BJ,旭杰科技,801726.SI,工程咨询服务Ⅱ,L2,20,20,19,11.0,7.0,4.0,8.0,1.0,0.5789473684210527,ok,,20260918,20260918
20260918,920873.BJ,中设咨询,801726.SI,工程咨询服务Ⅱ,L2,20,20,19,11.0,5.0,6.0,8.0,1.0,0.5789473684210527,ok,,20260918,20260918
20260918,001269.SZ,欧晶科技,801735.SI,光伏设备,L2,20,20,19,11.0,2.0,9.0,8.0,1.0,0.5789473684210527,ok,,20260918,20260918
20260918,300080.SZ,易成新能,801735.SI,光伏设备,L2,20,20,19,11.0,4.0,7.0,8.0,1.0,0.5789473684210527,ok,,20260918,20260918
20260918,603806.SH,福斯特,801735.SI,光伏设备,L2,20,20,19,11.0,2.0,9.0,8.0,1.0,0.5789473684210527,ok,,20260918,20260918
20260918,688223.SH,晶科能源,801735.SI,光伏设备,L2,20,20,19,11.0,2.0,9.0,8.0,1.0,0.5789473684210527,ok,,20260918,20260918
20260918,920368.BJ,连城数控,801735.SI,光伏设备,L2,20,20,19,11.0,4.0,7.0,8.0,1.0,0.5789473684210527,ok,,20260918,20260918
20260918,920414.BJ,欧普泰,801735.SI,光伏设备,L2,20,20,19,11.0,3.0,8.0,8.0,1.0,0.5789473684210527,ok,,20260918,20260918
20260918,300340.SZ,科恒股份,801737.SI,电池,L2,20,20,19,11.0,3.0,8.0,8.0,1.0,0.5789473684210527,ok,,20260918,20260918
20260918,688772.SH,珠海冠宇,801737.SI,电池,L2,20,20,19,11.0,3.0,8.0,8.0,1.0,0.5789473684210527,ok,,20260918,20260918
20260918,300062.SZ,中能电气,801738.SI,电网设备,L2,20,20,19,11.0,5.0,6.0,8.0,1.0,0.5789473684210527,ok,,20260918,20260918
20260918,300283.SZ,温州宏丰,801738.SI,电网设备,L2,20,20,19,11.0,5.0,6.0,8.0,1.0,0.5789473684210527,ok,,20260918,20260918
20260918,300853.SZ,申昊科技,801738.SI,电网设备,L2,20,20,19,11.0,4.0,7.0,8.0,1.0,0.5789473684210527,ok,,20260918,20260918
20260918,600038.SH,中直股份,801742.SI,航空装备Ⅱ,L2,20,20,19,11.0,7.0,4.0,8.0,1.0,0.5789473684210527,ok,,20260918,20260918
20260918,300031.SZ,宝通科技,801764.SI,游戏Ⅱ,L2,20,20,19,11.0,5.0,6.0,8.0,1.0,0.5789473684210527,ok,,20260918,20260918
20260918,000554.SZ,泰山石油,801963.SI,炼化及贸易,L2,20,20,19,11.0,4.0,7.0,8.0,1.0,0.5789473684210527,ok,,20260918,20260918
20260918,600323.SH,瀚蓝环境,801971.SI,环境治理,L2,20,20,19,11.0,6.0,5.0,8.0,1.0,0.5789473684210527,ok,,20260918,20260918
20260918,601199.SH,江南水务,801971.SI,环境治理,L2,20,20,19,11.0,4.0,7.0,8.0,1.0,0.5789473684210527,ok,,20260918,20260918
20260918,000820.SZ,神雾节能,801972.SI,环保设备Ⅱ,L2,20,20,19,11.0,6.0,5.0,8.0,1.0,0.5789473684210527,ok,,20260918,20260918
20260918,603023.SH,威帝股份,801093.SI,汽车零部件,L2,20,20,16,9.0,4.0,5.0,7.0,4.0,0.5625,ok,,20260918,20260918
20260918,300079.SZ,数码视讯,801103.SI,IT服务Ⅱ,L2,20,20,16,9.0,4.0,5.0,7.0,4.0,0.5625,ok,,20260918,20260918
20260918,600035.SH,楚天高速,801179.SI,铁路公路,L2,20,20,16,9.0,6.0,3.0,7.0,4.0,0.5625,ok,,20260918,20260918
20260918,300185.SZ,通裕重工,801736.SI,风电设备,L2,20,20,16,9.0,7.0,2.0,7.0,4.0,0.5625,ok,,20260918,20260918
20260918,600575.SH,淮河能源,801951.SI,煤炭开采,L2,20,20,16,9.0,5.0,4.0,7.0,4.0,0.5625,ok,,20260918,20260918
20260918,002998.SZ,优彩资源,801032.SI,化学纤维,L2,20,20,18,10.0,7.0,3.0,8.0,2.0,0.5555555555555556,ok,,20260918,20260918
20260918,002562.SZ,兄弟科技,801034.SI,化学制品,L2,20,20,18,10.0,4.0,6.0,8.0,2.0,0.5555555555555556,ok,,20260918,20260918
20260918,600165.SH,宁科生物,801034.SI,化学制品,L2,20,20,18,10.0,5.0,5.0,8.0,2.0,0.5555555555555556,ok,,20260918,20260918
20260918,300180.SZ,华峰超纤,801036.SI,塑料,L2,20,20,18,10.0,5.0,5.0,8.0,2.0,0.5555555555555556,ok,,20260918,20260918
20260918,000777.SZ,中核科技,801072.SI,通用设备,L2,20,20,18,10.0,4.0,6.0,8.0,2.0,0.5555555555555556,ok,,20260918,20260918
20260918,603277.SH,银都股份,801072.SI,通用设备,L2,20,20,18,10.0,3.0,7.0,8.0,2.0,0.5555555555555556,ok,,20260918,20260918
20260918,002367.SZ,康力电梯,801074.SI,专用设备,L2,20,20,18,10.0,5.0,5.0,8.0,2.0,0.5555555555555556,ok,,20260918,20260918
20260918,300281.SZ,金明精机,801074.SI,专用设备,L2,20,20,18,10.0,5.0,5.0,8.0,2.0,0.5555555555555556,ok,,20260918,20260918
20260918,601038.SH,一拖股份,801074.SI,专用设备,L2,20,20,18,10.0,4.0,6.0,8.0,2.0,0.5555555555555556,ok,,20260918,20260918
20260918,688459.SH,哈铁科技,801076.SI,轨交设备Ⅱ,L2,20,20,18,10.0,7.0,3.0,8.0,2.0,0.5555555555555556,ok,,20260918,20260918
20260918,603273.SH,天元智能,801077.SI,工程机械,L2,20,20,18,10.0,5.0,5.0,8.0,2.0,0.5555555555555556,ok,,20260918,20260918
20260918,000509.SZ,华塑控股,801084.SI,光学光电子,L2,20,20,18,10.0,5.0,5.0,8.0,2.0,0.5555555555555556,ok,,20260918,20260918
20260918,920212.BJ,智新电子,801085.SI,消费电子,L2,20,20,18,10.0,4.0,6.0,8.0,2.0,0.5555555555555556,ok,,20260918,20260918
20260918,002590.SZ,万安科技,801093.SI,汽车零部件,L2,20,20,18,10.0,5.0,5.0,8.0,2.0,0.5555555555555556,ok,,20260918,20260918
20260918,600469.SH,风神股份,801093.SI,汽车零部件,L2,20,20,18,10.0,4.0,6.0,8.0,2.0,0.5555555555555556,ok,,20260918,20260918
20260918,603007.SH,顺景科技,801093.SI,汽车零部件,L2,20,20,18,10.0,4.0,6.0,8.0,2.0,0.5555555555555556,ok,,20260918,20260918
20260918,300213.SZ,佳讯飞鸿,801102.SI,通信设备,L2,20,20,18,10.0,5.0,5.0,8.0,2.0,0.5555555555555556,ok,,20260918,20260918
20260918,300440.SZ,运达科技,801103.SI,IT服务Ⅱ,L2,20,20,18,10.0,3.0,7.0,8.0,2.0,0.5555555555555556,ok,,20260918,20260918
20260918,002420.SZ,毅昌科技,801116.SI,家电零部件Ⅱ,L2,20,20,18,10.0,5.0,5.0,8.0,2.0,0.5555555555555556,ok,,20260918,20260918
20260918,300217.SZ,东方电热,801116.SI,家电零部件Ⅱ,L2,20,20,18,10.0,4.0,6.0,8.0,2.0,0.5555555555555556,ok,,20260918,20260918
20260918,002695.SZ,煌上煌,801128.SI,休闲食品,L2,20,20,18,10.0,6.0,4.0,8.0,2.0,0.5555555555555556,ok,,20260918,20260918
20260918,600400.SH,红豆股份,801132.SI,服装家纺,L2,20,20,18,10.0,7.0,3.0,8.0,2.0,0.5555555555555556,ok,,20260918,20260918
20260918,000516.SZ,国际医学,801156.SI,医疗服务,L2,20,20,18,10.0,4.0,6.0,8.0,2.0,0.5555555555555556,ok,,20260918,20260918
20260918,600719.SH,大连热电,801161.SI,电力,L2,20,20,18,10.0,7.0,3.0,8.0,2.0,0.5555555555555556,ok,,20260918,20260918
20260918,601619.SH,嘉泽新能,801161.SI,电力,L2,20,20,18,10.0,4.0,6.0,8.0,2.0,0.5555555555555556,ok,,20260918,20260918
20260918,300013.SZ,新宁物流,801178.SI,物流,L2,20,20,18,10.0,6.0,4.0,8.0,2.0,0.5555555555555556,ok,,20260918,20260918
20260918,600064.SH,南京高科,801181.SI,房地产开发,L2,20,20,18,10.0,6.0,4.0,8.0,2.0,0.5555555555555556,ok,,20260918,20260918
20260918,002316.SZ,亚联发展,801231.SI,综合Ⅱ,L2,20,20,18,10.0,4.0,6.0,8.0,2.0,0.5555555555555556,ok,,20260918,20260918
20260918,002420.SZ,毅昌科技,801231.SI,综合Ⅱ,L2,20,20,18,10.0,5.0,5.0,8.0,2.0,0.5555555555555556,ok,,20260918,20260918
20260918,300234.SZ,开尔新材,801713.SI,装修建材,L2,20,20,18,10.0,6.0,4.0,8.0,2.0,0.5555555555555556,ok,,20260918,20260918
20260918,300384.SZ,三联虹普,801724.SI,专业工程,L2,20,20,18,10.0,4.0,6.0,8.0,2.0,0.5555555555555556,ok,,20260918,20260918
20260918,600846.SH,同济科技,801726.SI,工程咨询服务Ⅱ,L2,20,20,18,10.0,4.0,6.0,8.0,2.0,0.5555555555555556,ok,,20260918,20260918
20260918,920208.BJ,青矩技术,801726.SI,工程咨询服务Ⅱ,L2,20,20,18,10.0,4.0,6.0,8.0,2.0,0.5555555555555556,ok,,20260918,20260918
20260918,002623.SZ,亚玛顿,801735.SI,光伏设备,L2,20,20,18,10.0,4.0,6.0,8.0,2.0,0.5555555555555556,ok,,20260918,20260918
20260918,600478.SH,科力远,801737.SI,电池,L2,20,20,18,10.0,2.0,8.0,8.0,2.0,0.5555555555555556,ok,,20260918,20260918
20260918,920914.BJ,远航精密,801737.SI,电池,L2,20,20,18,10.0,2.0,8.0,8.0,2.0,0.5555555555555556,ok,,20260918,20260918
20260918,601616.SH,广电电气,801738.SI,电网设备,L2,20,20,18,10.0,4.0,6.0,8.0,2.0,0.5555555555555556,ok,,20260918,20260918
20260918,002266.SZ,浙富控股,801971.SI,环境治理,L2,20,20,18,10.0,5.0,5.0,8.0,2.0,0.5555555555555556,ok,,20260918,20260918
20260918,688057.SH,金达莱,801971.SI,环境治理,L2,20,20,18,10.0,4.0,6.0,8.0,2.0,0.5555555555555556,ok,,20260918,20260918
20260918,601298.SH,青岛港,801992.SI,航运港口,L2,20,20,18,10.0,6.0,4.0,8.0,2.0,0.5555555555555556,ok,,20260918,20260918
20260918,605198.SH,安德利,801012.SI,农产品加工,L2,20,20,20,11.0,8.0,3.0,9.0,0.0,0.55,ok,,20260918,20260918
20260918,688156.SH,路德科技,801014.SI,饲料,L2,20,20,20,11.0,5.0,6.0,9.0,0.0,0.55,ok,,20260918,20260918
20260918,300313.SZ,天山生物,801017.SI,养殖业,L2,20,20,20,11.0,6.0,5.0,9.0,0.0,0.55,ok,,20260918,20260918
20260918,000707.SZ,双环科技,801033.SI,化学原料,L2,20,20,20,11.0,6.0,5.0,9.0,0.0,0.55,ok,,20260918,20260918
20260918,000822.SZ,山东海化,801033.SI,化学原料,L2,20,20,20,11.0,5.0,6.0,9.0,0.0,0.55,ok,,20260918,20260918
20260918,300927.SZ,江天化学,801033.SI,化学原料,L2,20,20,20,11.0,5.0,6.0,9.0,0.0,0.55,ok,,20260918,20260918
20260918,301190.SZ,善水科技,801033.SI,化学原料,L2,20,20,20,11.0,7.0,4.0,9.0,0.0,0.55,ok,,20260918,20260918
20260918,600714.SH,金瑞矿业,801033.SI,化学原料,L2,20,20,20,11.0,7.0,4.0,9.0,0.0,0.55,ok,,20260918,20260918
20260918,001335.SZ,信凯科技,801034.SI,化学制品,L2,20,20,20,11.0,6.0,5.0,9.0,0.0,0.55,ok,,20260918,20260918
20260918,002037.SZ,保利联合,801034.SI,化学制品,L2,20,20,20,11.0,4.0,7.0,9.0,0.0,0.55,ok,,20260918,20260918
20260918,002166.SZ,莱茵生物,801034.SI,化学制品,L2,20,20,20,11.0,6.0,5.0,9.0,0.0,0.55,ok,,20260918,20260918
20260918,300109.SZ,新开源,801034.SI,化学制品,L2,20,20,20,11.0,4.0,7.0,9.0,0.0,0.55,ok,,20260918,20260918
20260918,300200.SZ,高盟新材,801034.SI,化学制品,L2,20,20,20,11.0,6.0,5.0,9.0,0.0,0.55,ok,,20260918,20260918
20260918,300321.SZ,同大股份,801034.SI,化学制品,L2,20,20,20,11.0,5.0,6.0,9.0,0.0,0.55,ok,,20260918,20260918
20260918,300858.SZ,科拓生物,801034.SI,化学制品,L2,20,20,20,11.0,5.0,6.0,9.0,0.0,0.55,ok,,20260918,20260918
20260918,300886.SZ,华业香料,801034.SI,化学制品,L2,20,20,20,11.0,5.0,6.0,9.0,0.0,0.55,ok,,20260918,20260918
20260918,603079.SH,圣达生物,801034.SI,化学制品,L2,20,20,20,11.0,5.0,6.0,9.0,0.0,0.55,ok,,20260918,20260918
20260918,603285.SH,键邦股份,801034.SI,化学制品,L2,20,20,20,11.0,5.0,6.0,9.0,0.0,0.55,ok,,20260918,20260918
20260918,603739.SH,蔚蓝生物,801034.SI,化学制品,L2,20,20,20,11.0,6.0,5.0,9.0,0.0,0.55,ok,,20260918,20260918
20260918,605566.SH,福莱蒽特,801034.SI,化学制品,L2,20,20,20,11.0,4.0,7.0,9.0,0.0,0.55,ok,,20260918,20260918
20260918,688129.SH,东来技术,801034.SI,化学制品,L2,20,20,20,11.0,5.0,6.0,9.0,0.0,0.55,ok,,20260918,20260918
20260918,920033.BJ,康普化学,801034.SI,化学制品,L2,20,20,20,11.0,6.0,5.0,9.0,0.0,0.55,ok,,20260918,20260918
20260918,920694.BJ,中裕科技,801037.SI,橡胶,L2,20,20,20,11.0,5.0,6.0,9.0,0.0,0.55,ok,,20260918,20260918
20260918,301665.SZ,泰禾股份,801038.SI,农化制品,L2,20,20,20,11.0,4.0,7.0,9.0,0.0,0.55,ok,,20260918,20260918
20260918,603810.SH,丰山集团,801038.SI,农化制品,L2,20,20,20,11.0,4.0,7.0,9.0,0.0,0.55,ok,,20260918,20260918
20260918,605033.SH,美邦股份,801038.SI,农化制品,L2,20,20,20,11.0,5.0,6.0,9.0,0.0,0.55,ok,,20260918,20260918
20260918,000633.SZ,合金投资,801051.SI,金属新材料,L2,20,20,20,11.0,5.0,6.0,9.0,0.0,0.55,ok,,20260918,20260918
20260918,688190.SH,云路股份,801051.SI,金属新材料,L2,20,20,20,11.0,5.0,6.0,9.0,0.0,0.55,ok,,20260918,20260918
20260918,920078.BJ,族兴新材,801051.SI,金属新材料,L2,20,20,20,11.0,3.0,8.0,9.0,0.0,0.55,ok,,20260918,20260918
20260918,002978.SZ,安宁股份,801054.SI,小金属,L2,20,20,20,11.0,4.0,7.0,9.0,0.0,0.55,ok,,20260918,20260918
20260918,300057.SZ,万顺新材,801055.SI,工业金属,L2,20,20,20,11.0,6.0,5.0,9.0,0.0,0.55,ok,,20260918,20260918
20260918,002026.SZ,山东威达,801072.SI,通用设备,L2,20,20,20,11.0,4.0,7.0,9.0,0.0,0.55,ok,,20260918,20260918
20260918,300157.SZ,新锦动力,801072.SI,通用设备,L2,20,20,20,11.0,6.0,5.0,9.0,0.0,0.55,ok,,20260918,20260918
20260918,300193.SZ,佳士科技,801072.SI,通用设备,L2,20,20,20,11.0,5.0,6.0,9.0,0.0,0.55,ok,,20260918,20260918
20260918,300370.SZ,安控科技,801072.SI,通用设备,L2,20,20,20,11.0,5.0,6.0,9.0,0.0,0.55,ok,,20260918,20260918
20260918,300818.SZ,耐普矿机,801072.SI,通用设备,L2,20,20,20,11.0,3.0,8.0,9.0,0.0,0.55,ok,,20260918,20260918
20260918,300897.SZ,山科智能,801072.SI,通用设备,L2,20,20,20,11.0,5.0,6.0,9.0,0.0,0.55,ok,,20260918,20260918
20260918,301043.SZ,绿岛风,801072.SI,通用设备,L2,20,20,20,11.0,7.0,4.0,9.0,0.0,0.55,ok,,20260918,20260918
20260918,301151.SZ,冠龙节能,801072.SI,通用设备,L2,20,20,20,11.0,7.0,4.0,9.0,0.0,0.55,ok,,20260918,20260918
20260918,301528.SZ,多浦乐,801072.SI,通用设备,L2,20,20,20,11.0,5.0,6.0,9.0,0.0,0.55,ok,,20260918,20260918
20260918,600343.SH,航天动力,801072.SI,通用设备,L2,20,20,20,11.0,6.0,5.0,9.0,0.0,0.55,ok,,20260918,20260918
20260918,600992.SH,贵绳股份,801072.SI,通用设备,L2,20,20,20,11.0,6.0,5.0,9.0,0.0,0.55,ok,,20260918,20260918
20260918,920260.BJ,中寰股份,801072.SI,通用设备,L2,20,20,20,11.0,6.0,5.0,9.0,0.0,0.55,ok,,20260918,20260918
20260918,920407.BJ,驰诚股份,801072.SI,通用设备,L2,20,20,20,11.0,6.0,5.0,9.0,0.0,0.55,ok,,20260918,20260918
20260918,920505.BJ,九菱科技,801072.SI,通用设备,L2,20,20,20,11.0,5.0,6.0,9.0,0.0,0.55,ok,,20260918,20260918
20260918,920509.BJ,同惠电子,801072.SI,通用设备,L2,20,20,20,11.0,5.0,6.0,9.0,0.0,0.55,ok,,20260918,20260918
20260918,920651.BJ,天罡股份,801072.SI,通用设备,L2,20,20,20,11.0,4.0,7.0,9.0,0.0,0.55,ok,,20260918,20260918
20260918,920943.BJ,优机股份,801072.SI,通用设备,L2,20,20,20,11.0,5.0,6.0,9.0,0.0,0.55,ok,,20260918,20260918
20260918,002535.SZ,林州重机,801074.SI,专用设备,L2,20,20,20,11.0,5.0,6.0,9.0,0.0,0.55,ok,,20260918,20260918
20260918,300879.SZ,大叶股份,801074.SI,专用设备,L2,20,20,20,11.0,5.0,6.0,9.0,0.0,0.55,ok,,20260918,20260918
20260918,600262.SH,北方股份,801074.SI,专用设备,L2,20,20,20,11.0,4.0,7.0,9.0,0.0,0.55,ok,,20260918,20260918
20260918,600560.SH,金自天正,801074.SI,专用设备,L2,20,20,20,11.0,5.0,6.0,9.0,0.0,0.55,ok,,20260918,20260918
20260918,601369.SH,陕鼓动力,801074.SI,专用设备,L2,20,20,20,11.0,4.0,7.0,9.0,0.0,0.55,ok,,20260918,20260918
20260918,603029.SH,天鹅股份,801074.SI,专用设备,L2,20,20,20,11.0,5.0,6.0,9.0,0.0,0.55,ok,,20260918,20260918
20260918,603698.SH,航天工,801074.SI,专用设备,L2,20,20,20,11.0,5.0,6.0,9.0,0.0,0.55,ok,,20260918,20260918
20260918,920703.BJ,广厦环能,801074.SI,专用设备,L2,20,20,20,11.0,4.0,7.0,9.0,0.0,0.55,ok,,20260918,20260918
20260918,920810.BJ,春光智能,801074.SI,专用设备,L2,20,20,20,11.0,3.0,8.0,9.0,0.0,0.55,ok,,20260918,20260918
20260918,920855.BJ,浙江大农,801074.SI,专用设备,L2,20,20,20,11.0,4.0,7.0,9.0,0.0,0.55,ok,,20260918,20260918
20260918,920931.BJ,无锡鼎邦,801074.SI,专用设备,L2,20,20,20,11.0,5.0,6.0,9.0,0.0,0.55,ok,,20260918,20260918
20260918,001324.SZ,长青科技,801076.SI,轨交设备Ⅱ,L2,20,20,20,11.0,7.0,4.0,9.0,0.0,0.55,ok,,20260918,20260918
20260918,600458.SH,时代新材,801076.SI,轨交设备Ⅱ,L2,20,20,20,11.0,8.0,3.0,9.0,0.0,0.55,ok,,20260918,20260918
20260918,603680.SH,今创集团,801076.SI,轨交设备Ⅱ,L2,20,20,20,11.0,7.0,4.0,9.0,0.0,0.55,ok,,20260918,20260918
20260918,002097.SZ,山河智能,801077.SI,工程机械,L2,20,20,20,11.0,5.0,6.0,9.0,0.0,0.55,ok,,20260918,20260918
20260918,300201.SZ,海伦哲,801077.SI,工程机械,L2,20,20,20,11.0,4.0,7.0,9.0,0.0,0.55,ok,,20260918,20260918
20260918,301079.SZ,邵阳液压,801077.SI,工程机械,L2,20,20,20,11.0,4.0,7.0,9.0,0.0,0.55,ok,,20260918,20260918
20260918,301161.SZ,唯万密封,801077.SI,工程机械,L2,20,20,20,11.0,6.0,5.0,9.0,0.0,0.55,ok,,20260918,20260918
20260918,603280.SH,南方路机,801077.SI,工程机械,L2,20,20,20,11.0,6.0,5.0,9.0,0.0,0.55,ok,,20260918,20260918
20260918,920101.BJ,志高机械,801077.SI,工程机械,L2,20,20,20,11.0,6.0,5.0,9.0,0.0,0.55,ok,,20260918,20260918
20260918,920839.BJ,万通液压,801077.SI,工程机械,L2,20,20,20,11.0,6.0,5.0,9.0,0.0,0.55,ok,,20260918,20260918
20260918,920942.BJ,恒立钻具,801077.SI,工程机械,L2,20,20,20,11.0,5.0,6.0,9.0,0.0,0.55,ok,,20260918,20260918
20260918,603082.SH,北自科技,801078.SI,自动化设备,L2,20,20,20,11.0,5.0,6.0,9.0,0.0,0.55,ok,,20260918,20260918
20260918,688215.SH,瑞晟智能,801078.SI,自动化设备,L2,20,20,20,11.0,5.0,6.0,9.0,0.0,0.55,ok,,20260918,20260918
20260918,603991.SH,领先股份,801081.SI,半导体,L2,20,20,20,11.0,6.0,5.0,9.0,0.0,0.55,ok,,20260918,20260918
20260918,688135.SH,利扬芯片,801081.SI,半导体,L2,20,20,20,11.0,6.0,5.0,9.0,0.0,0.55,ok,,20260918,20260918
20260918,688498.SH,源杰科技,801081.SI,半导体,L2,20,20,20,11.0,4.0,7.0,9.0,0.0,0.55,ok,,20260918,20260918
20260918,688807.SH,优迅股份,801081.SI,半导体,L2,20,20,20,11.0,4.0,7.0,9.0,0.0,0.55,ok,,20260918,20260918
20260918,002138.SZ,顺络电子,801083.SI,元件,L2,20,20,20,11.0,6.0,5.0,9.0,0.0,0.55,ok,,20260918,20260918
20260918,301628.SZ,强达电路,801083.SI,元件,L2,20,20,20,11.0,7.0,4.0,9.0,0.0,0.55,ok,,20260918,20260918
20260918,000020.SZ,深华发A,801084.SI,光学光电子,L2,20,20,20,11.0,5.0,6.0,9.0,0.0,0.55,ok,,20260918,20260918
20260918,002654.SZ,万润科技,801084.SI,光学光电子,L2,20,20,20,11.0,5.0,6.0,9.0,0.0,0.55,ok,,20260918,20260918
20260918,600071.SH,凤凰光学,801084.SI,光学光电子,L2,20,20,20,11.0,6.0,5.0,9.0,0.0,0.55,ok,,20260918,20260918
20260918,603679.SH,华体科技,801084.SI,光学光电子,L2,20,20,20,11.0,5.0,6.0,9.0,0.0,0.55,ok,,20260918,20260918
20260918,603115.SH,海星股份,801086.SI,电子化学品Ⅱ,L2,20,20,20,11.0,5.0,6.0,9.0,0.0,0.55,ok,,20260918,20260918
20260918,000901.SZ,航天科技,801093.SI,汽车零部件,L2,20,20,20,11.0,6.0,5.0,9.0,0.0,0.55,ok,,20260918,20260918
20260918,001285.SZ,瑞立科密,801093.SI,汽车零部件,L2,20,20,20,11.0,5.0,6.0,9.0,0.0,0.55,ok,,20260918,20260918
20260918,002284.SZ,亚太股份,801093.SI,汽车零部件,L2,20,20,20,11.0,6.0,5.0,9.0,0.0,0.55,ok,,20260918,20260918
20260918,002976.SZ,瑞玛精密,801093.SI,汽车零部件,L2,20,20,20,11.0,6.0,5.0,9.0,0.0,0.55,ok,,20260918,20260918
20260918,002997.SZ,瑞鹄模具,801093.SI,汽车零部件,L2,20,20,20,11.0,5.0,6.0,9.0,0.0,0.55,ok,,20260918,20260918
20260918,300446.SZ,航天智造,801093.SI,汽车零部件,L2,20,20,20,11.0,5.0,6.0,9.0,0.0,0.55,ok,,20260918,20260918
20260918,300694.SZ,蠡湖股份,801093.SI,汽车零部件,L2,20,20,20,11.0,6.0,5.0,9.0,0.0,0.55,ok,,20260918,20260918
20260918,301007.SZ,德迈仕,801093.SI,汽车零部件,L2,20,20,20,11.0,7.0,4.0,9.0,0.0,0.55,ok,,20260918,20260918
20260918,301613.SZ,新铝时代,801093.SI,汽车零部件,L2,20,20,20,11.0,4.0,7.0,9.0,0.0,0.55,ok,,20260918,20260918
20260918,600660.SH,福耀玻璃,801093.SI,汽车零部件,L2,20,20,20,11.0,4.0,7.0,9.0,0.0,0.55,ok,,20260918,20260918
20260918,600960.SH,渤海汽车,801093.SI,汽车零部件,L2,20,20,20,11.0,5.0,6.0,9.0,0.0,0.55,ok,,20260918,20260918
20260918,603768.SH,常青股份,801093.SI,汽车零部件,L2,20,20,20,11.0,6.0,5.0,9.0,0.0,0.55,ok,,20260918,20260918
20260918,605128.SH,上海沿浦,801093.SI,汽车零部件,L2,20,20,20,11.0,4.0,7.0,9.0,0.0,0.55,ok,,20260918,20260918
20260918,605319.SH,无锡振华,801093.SI,汽车零部件,L2,20,20,20,11.0,5.0,6.0,9.0,0.0,0.55,ok,,20260918,20260918
20260918,920000.BJ,安徽凤凰,801093.SI,汽车零部件,L2,20,20,20,11.0,6.0,5.0,9.0,0.0,0.55,ok,,20260918,20260918
20260918,920020.BJ,泰凯英,801093.SI,汽车零部件,L2,20,20,20,11.0,4.0,7.0,9.0,0.0,0.55,ok,,20260918,20260918
20260918,920221.BJ,易实精密,801093.SI,汽车零部件,L2,20,20,20,11.0,5.0,6.0,9.0,0.0,0.55,ok,,20260918,20260918
20260918,920247.BJ,华密新材,801093.SI,汽车零部件,L2,20,20,20,11.0,5.0,6.0,9.0,0.0,0.55,ok,,20260918,20260918
20260918,920533.BJ,骏创科技,801093.SI,汽车零部件,L2,20,20,20,11.0,5.0,6.0,9.0,0.0,0.55,ok,,20260918,20260918
20260918,920871.BJ,派特尔,801093.SI,汽车零部件,L2,20,20,20,11.0,6.0,5.0,9.0,0.0,0.55,ok,,20260918,20260918
20260918,920906.BJ,舜宇精工,801093.SI,汽车零部件,L2,20,20,20,11.0,5.0,6.0,9.0,0.0,0.55,ok,,20260918,20260918
20260918,300551.SZ,古鳌科技,801101.SI,计算机设备,L2,20,20,20,11.0,4.0,7.0,9.0,0.0,0.55,ok,,20260918,20260918
20260918,300588.SZ,熙菱信息,801101.SI,计算机设备,L2,20,20,20,11.0,4.0,7.0,9.0,0.0,0.55,ok,,20260918,20260918
20260918,300743.SZ,天地数码,801101.SI,计算机设备,L2,20,20,20,11.0,4.0,7.0,9.0,0.0,0.55,ok,,20260918,20260918
20260918,688489.SH,三未信安,801101.SI,计算机设备,L2,20,20,20,11.0,3.0,8.0,9.0,0.0,0.55,ok,,20260918,20260918
20260918,688619.SH,罗普特,801101.SI,计算机设备,L2,20,20,20,11.0,4.0,7.0,9.0,0.0,0.55,ok,,20260918,20260918
20260918,003007.SZ,直真科技,801104.SI,软件开发,L2,20,20,20,11.0,5.0,6.0,9.0,0.0,0.55,ok,,20260918,20260918
20260918,300469.SZ,信息发展,801104.SI,软件开发,L2,20,20,20,11.0,5.0,6.0,9.0,0.0,0.55,ok,,20260918,20260918
20260918,301095.SZ,广立微,801104.SI,软件开发,L2,20,20,20,11.0,4.0,7.0,9.0,0.0,0.55,ok,,20260918,20260918
20260918,688152.SH,麒麟信安,801104.SI,软件开发,L2,20,20,20,11.0,6.0,5.0,9.0,0.0,0.55,ok,,20260918,20260918
20260918,688296.SH,和达科技,801104.SI,软件开发,L2,20,20,20,11.0,5.0,6.0,9.0,0.0,0.55,ok,,20260918,20260918
20260918,003023.SZ,彩虹集团,801113.SI,小家电,L2,20,20,20,11.0,4.0,7.0,9.0,0.0,0.55,ok,,20260918,20260918
20260918,603215.SH,比依股份,801113.SI,小家电,L2,20,20,20,11.0,4.0,7.0,9.0,0.0,0.55,ok,,20260918,20260918
20260918,002508.SZ,老板电器,801114.SI,厨卫电器,L2,20,20,20,11.0,6.0,5.0,9.0,0.0,0.55,ok,,20260918,20260918
20260918,603515.SH,欧普照明,801115.SI,照明设备Ⅱ,L2,20,20,20,11.0,3.0,8.0,9.0,0.0,0.55,ok,,20260918,20260918
20260918,601956.SH,东贝集团,801116.SI,家电零部件Ⅱ,L2,20,20,20,11.0,5.0,6.0,9.0,0.0,0.55,ok,,20260918,20260918
20260918,603657.SH,春光科技,801116.SI,家电零部件Ⅱ,L2,20,20,20,11.0,7.0,4.0,9.0,0.0,0.55,ok,,20260918,20260918
20260918,920718.BJ,合肥高科,801116.SI,家电零部件Ⅱ,L2,20,20,20,11.0,6.0,5.0,9.0,0.0,0.55,ok,,20260918,20260918
20260918,603237.SH,五芳斋,801124.SI,食品加工,L2,20,20,20,11.0,7.0,4.0,9.0,0.0,0.55,ok,,20260918,20260918
20260918,000929.SZ,兰州黄河,801126.SI,非白酒,L2,20,20,20,11.0,7.0,4.0,9.0,0.0,0.55,ok,,20260918,20260918
20260918,603156.SH,养元饮品,801127.SI,饮料乳品,L2,20,20,20,11.0,5.0,6.0,9.0,0.0,0.55,ok,,20260918,20260918
20260918,600298.SH,安琪酵母,801129.SI,调味发酵品Ⅱ,L2,20,20,20,11.0,5.0,6.0,9.0,0.0,0.55,ok,,20260918,20260918
20260918,002394.SZ,联发股份,801131.SI,纺织制造,L2,20,20,20,11.0,7.0,4.0,9.0,0.0,0.55,ok,,20260918,20260918
20260918,300819.SZ,聚杰微纤,801131.SI,纺织制造,L2,20,20,20,11.0,7.0,4.0,9.0,0.0,0.55,ok,,20260918,20260918
20260918,300877.SZ,金春股份,801131.SI,纺织制造,L2,20,20,20,11.0,6.0,5.0,9.0,0.0,0.55,ok,,20260918,20260918
20260918,603130.SH,云中马,801131.SI,纺织制造,L2,20,20,20,11.0,5.0,6.0,9.0,0.0,0.55,ok,,20260918,20260918
20260918,603558.SH,健盛集团,801131.SI,纺织制造,L2,20,20,20,11.0,8.0,3.0,9.0,0.0,0.55,ok,,20260918,20260918
20260918,300005.SZ,探路者,801132.SI,服装家纺,L2,20,20,20,11.0,6.0,5.0,9.0,0.0,0.55,ok,,20260918,20260918
20260918,603958.SH,哈森股份,801132.SI,服装家纺,L2,20,20,20,11.0,6.0,5.0,9.0,0.0,0.55,ok,,20260918,20260918
20260918,000812.SZ,陕西金叶,801141.SI,包装印刷,L2,20,20,20,11.0,6.0,5.0,9.0,0.0,0.55,ok,,20260918,20260918
20260918,920163.BJ,方大新材,801141.SI,包装印刷,L2,20,20,20,11.0,5.0,6.0,9.0,0.0,0.55,ok,,20260918,20260918
20260918,301501.SZ,恒鑫生活,801142.SI,家居用品,L2,20,20,20,11.0,5.0,6.0,9.0,0.0,0.55,ok,,20260918,20260918
20260918,301575.SZ,艾芬达,801142.SI,家居用品,L2,20,20,20,11.0,6.0,5.0,9.0,0.0,0.55,ok,,20260918,20260918
20260918,301595.SZ,太力科技,801142.SI,家居用品,L2,20,20,20,11.0,6.0,5.0,9.0,0.0,0.55,ok,,20260918,20260918
20260918,603195.SH,公牛集团,801142.SI,家居用品,L2,20,20,20,11.0,5.0,6.0,9.0,0.0,0.55,ok,,20260918,20260918
20260918,605099.SH,共创草坪,801142.SI,家居用品,L2,20,20,20,11.0,6.0,5.0,9.0,0.0,0.55,ok,,20260918,20260918
20260918,920218.BJ,新天力,801142.SI,家居用品,L2,20,20,20,11.0,5.0,6.0,9.0,0.0,0.55,ok,,20260918,20260918
20260918,002348.SZ,高乐股份,801145.SI,文娱用品,L2,20,20,20,11.0,5.0,6.0,9.0,0.0,0.55,ok,,20260918,20260918
20260918,603899.SH,晨光股份,801145.SI,文娱用品,L2,20,20,20,11.0,7.0,4.0,9.0,0.0,0.55,ok,,20260918,20260918
20260918,300702.SZ,天宇股份,801151.SI,化学制药,L2,20,20,20,11.0,6.0,5.0,9.0,0.0,0.55,ok,,20260918,20260918
20260918,300966.SZ,共同药业,801151.SI,化学制药,L2,20,20,20,11.0,6.0,5.0,9.0,0.0,0.55,ok,,20260918,20260918
20260918,920230.BJ,欧康医药,801151.SI,化学制药,L2,20,20,20,11.0,7.0,4.0,9.0,0.0,0.55,ok,,20260918,20260918
20260918,920656.BJ,海昇药业,801151.SI,化学制药,L2,20,20,20,11.0,7.0,4.0,9.0,0.0,0.55,ok,,20260918,20260918
20260918,000534.SZ,万泽股份,801152.SI,生物制品,L2,20,20,20,11.0,4.0,7.0,9.0,0.0,0.55,ok,,20260918,20260918
20260918,300049.SZ,福瑞医科,801153.SI,医疗器械,L2,20,20,20,11.0,5.0,6.0,9.0,0.0,0.55,ok,,20260918,20260918
20260918,300760.SZ,迈瑞医疗,801153.SI,医疗器械,L2,20,20,20,11.0,6.0,5.0,9.0,0.0,0.55,ok,,20260918,20260918
20260918,301087.SZ,可孚医疗,801153.SI,医疗器械,L2,20,20,20,11.0,6.0,5.0,9.0,0.0,0.55,ok,,20260918,20260918
20260918,301097.SZ,天益医疗,801153.SI,医疗器械,L2,20,20,20,11.0,5.0,6.0,9.0,0.0,0.55,ok,,20260918,20260918
20260918,301188.SZ,力诺药包,801153.SI,医疗器械,L2,20,20,20,11.0,5.0,6.0,9.0,0.0,0.55,ok,,20260918,20260918
20260918,603301.SH,振德医疗,801153.SI,医疗器械,L2,20,20,20,11.0,6.0,5.0,9.0,0.0,0.55,ok,,20260918,20260918
20260918,688026.SH,洁特生物,801153.SI,医疗器械,L2,20,20,20,11.0,6.0,5.0,9.0,0.0,0.55,ok,,20260918,20260918
20260918,688217.SH,睿昂基因,801153.SI,医疗器械,L2,20,20,20,11.0,5.0,6.0,9.0,0.0,0.55,ok,,20260918,20260918
20260918,688271.SH,联影医疗,801153.SI,医疗器械,L2,20,20,20,11.0,4.0,7.0,9.0,0.0,0.55,ok,,20260918,20260918
20260918,688656.SH,浩欧博,801153.SI,医疗器械,L2,20,20,20,11.0,5.0,6.0,9.0,0.0,0.55,ok,,20260918,20260918
20260918,300878.SZ,维康药业,801155.SI,中药Ⅱ,L2,20,20,20,11.0,6.0,5.0,9.0,0.0,0.55,ok,,20260918,20260918
20260918,301096.SZ,百诚医药,801156.SI,医疗服务,L2,20,20,20,11.0,5.0,6.0,9.0,0.0,0.55,ok,,20260918,20260918
20260918,003816.SZ,中国广核,801161.SI,电力,L2,20,20,20,11.0,7.0,4.0,9.0,0.0,0.55,ok,,20260918,20260918
20260918,600226.SH,亨通股份,801161.SI,电力,L2,20,20,20,11.0,5.0,6.0,9.0,0.0,0.55,ok,,20260918,20260918
20260918,600969.SH,郴电国际,801161.SI,电力,L2,20,20,20,11.0,5.0,6.0,9.0,0.0,0.55,ok,,20260918,20260918
20260918,605011.SH,杭州热电,801161.SI,电力,L2,20,20,20,11.0,7.0,4.0,9.0,0.0,0.55,ok,,20260918,20260918
20260918,603706.SH,东方环宇,801163.SI,燃气Ⅱ,L2,20,20,20,11.0,5.0,6.0,9.0,0.0,0.55,ok,,20260918,20260918
20260918,001202.SZ,炬申股份,801178.SI,物流,L2,20,20,20,11.0,7.0,4.0,9.0,0.0,0.55,ok,,20260918,20260918
20260918,002682.SZ,龙洲股份,801178.SI,物流,L2,20,20,20,11.0,7.0,4.0,9.0,0.0,0.55,ok,,20260918,20260918
20260918,603713.SH,密尔克卫,801178.SI,物流,L2,20,20,20,11.0,7.0,4.0,9.0,0.0,0.55,ok,,20260918,20260918
20260918,603813.SH,原尚股份,801178.SI,物流,L2,20,20,20,11.0,6.0,5.0,9.0,0.0,0.55,ok,,20260918,20260918
20260918,000429.SZ,粤高速A,801179.SI,铁路公路,L2,20,20,20,11.0,4.0,7.0,9.0,0.0,0.55,ok,,20260918,20260918
20260918,000608.SZ,阳光股份,801181.SI,房地产开发,L2,20,20,20,11.0,6.0,5.0,9.0,0.0,0.55,ok,,20260918,20260918
20260918,300972.SZ,万辰集团,801203.SI,一般零售,L2,20,20,20,11.0,5.0,6.0,9.0,0.0,0.55,ok,,20260918,20260918
20260918,603682.SH,锦和商管,801203.SI,一般零售,L2,20,20,20,11.0,4.0,7.0,9.0,0.0,0.55,ok,,20260918,20260918
20260918,301508.SZ,中机认检,801218.SI,专业服务,L2,20,20,20,11.0,6.0,5.0,9.0,0.0,0.55,ok,,20260918,20260918
20260918,000421.SZ,南京公用,801231.SI,综合Ⅱ,L2,20,20,20,11.0,5.0,6.0,9.0,0.0,0.55,ok,,20260918,20260918
20260918,600802.SH,福建水泥,801711.SI,水泥,L2,20,20,20,11.0,6.0,5.0,9.0,0.0,0.55,ok,,20260918,20260918
20260918,601636.SH,旗滨集团,801712.SI,玻璃玻纤,L2,20,20,20,11.0,7.0,4.0,9.0,0.0,0.55,ok,,20260918,20260918
20260918,002088.SZ,鲁阳节能,801713.SI,装修建材,L2,20,20,20,11.0,5.0,6.0,9.0,0.0,0.55,ok,,20260918,20260918
20260918,002718.SZ,友邦吊顶,801713.SI,装修建材,L2,20,20,20,11.0,5.0,6.0,9.0,0.0,0.55,ok,,20260918,20260918
20260918,300715.SZ,凯伦股份,801713.SI,装修建材,L2,20,20,20,11.0,4.0,7.0,9.0,0.0,0.55,ok,,20260918,20260918
20260918,300506.SZ,名家汇,801722.SI,装修装饰Ⅱ,L2,20,20,20,11.0,5.0,6.0,9.0,0.0,0.55,ok,,20260918,20260918
20260918,605287.SH,德才股份,801722.SI,装修装饰Ⅱ,L2,20,20,20,11.0,4.0,7.0,9.0,0.0,0.55,ok,,20260918,20260918
20260918,000779.SZ,甘咨询,801726.SI,工程咨询服务Ⅱ,L2,20,20,20,11.0,5.0,6.0,9.0,0.0,0.55,ok,,20260918,20260918
20260918,002949.SZ,华阳国际,801726.SI,工程咨询服务Ⅱ,L2,20,20,20,11.0,5.0,6.0,9.0,0.0,0.55,ok,,20260918,20260918
20260918,003013.SZ,地铁设计,801726.SI,工程咨询服务Ⅱ,L2,20,20,20,11.0,7.0,4.0,9.0,0.0,0.55,ok,,20260918,20260918
20260918,300746.SZ,汉嘉数智,801726.SI,工程咨询服务Ⅱ,L2,20,20,20,11.0,5.0,6.0,9.0,0.0,0.55,ok,,20260918,20260918
20260918,300826.SZ,测绘股份,801726.SI,工程咨询服务Ⅱ,L2,20,20,20,11.0,6.0,5.0,9.0,0.0,0.55,ok,,20260918,20260918
20260918,301024.SZ,霍普股份,801726.SI,工程咨询服务Ⅱ,L2,20,20,20,11.0,6.0,5.0,9.0,0.0,0.55,ok,,20260918,20260918
20260918,301136.SZ,招标股份,801726.SI,工程咨询服务Ⅱ,L2,20,20,20,11.0,6.0,5.0,9.0,0.0,0.55,ok,,20260918,20260918
20260918,600629.SH,华建集团,801726.SI,工程咨询服务Ⅱ,L2,20,20,20,11.0,5.0,6.0,9.0,0.0,0.55,ok,,20260918,20260918
20260918,603458.SH,勘设股份,801726.SI,工程咨询服务Ⅱ,L2,20,20,20,11.0,7.0,4.0,9.0,0.0,0.55,ok,,20260918,20260918
20260918,301516.SZ,中远通,801733.SI,其他电源设备Ⅱ,L2,20,20,20,11.0,2.0,9.0,9.0,0.0,0.55,ok,,20260918,20260918
20260918,300051.SZ,琏升科技,801735.SI,光伏设备,L2,20,20,20,11.0,2.0,9.0,9.0,0.0,0.55,ok,,20260918,20260918
20260918,603778.SH,国晟科技,801735.SI,光伏设备,L2,20,20,20,11.0,2.0,9.0,9.0,0.0,0.55,ok,,20260918,20260918
20260918,605117.SH,德业股份,801735.SI,光伏设备,L2,20,20,20,11.0,4.0,7.0,9.0,0.0,0.55,ok,,20260918,20260918
20260918,300904.SZ,威力传动,801736.SI,风电设备,L2,20,20,20,11.0,6.0,5.0,9.0,0.0,0.55,ok,,20260918,20260918
20260918,301040.SZ,中环海陆,801736.SI,风电设备,L2,20,20,20,11.0,6.0,5.0,9.0,0.0,0.55,ok,,20260918,20260918
20260918,603507.SH,振江股份,801736.SI,风电设备,L2,20,20,20,11.0,6.0,5.0,9.0,0.0,0.55,ok,,20260918,20260918
20260918,001283.SZ,豪鹏科技,801737.SI,电池,L2,20,20,20,11.0,5.0,6.0,9.0,0.0,0.55,ok,,20260918,20260918
20260918,300035.SZ,中科电气,801737.SI,电池,L2,20,20,20,11.0,3.0,8.0,9.0,0.0,0.55,ok,,20260918,20260918
20260918,300390.SZ,天华新能,801737.SI,电池,L2,20,20,20,11.0,3.0,8.0,9.0,0.0,0.55,ok,,20260918,20260918
20260918,301210.SZ,金杨精密,801737.SI,电池,L2,20,20,20,11.0,4.0,7.0,9.0,0.0,0.55,ok,,20260918,20260918
20260918,301325.SZ,曼恩斯特,801737.SI,电池,L2,20,20,20,11.0,3.0,8.0,9.0,0.0,0.55,ok,,20260918,20260918
20260918,600241.SH,时代万恒,801737.SI,电池,L2,20,20,20,11.0,4.0,7.0,9.0,0.0,0.55,ok,,20260918,20260918
20260918,605378.SH,野马电池,801737.SI,电池,L2,20,20,20,11.0,3.0,8.0,9.0,0.0,0.55,ok,,20260918,20260918
20260918,688567.SH,孚能科技,801737.SI,电池,L2,20,20,20,11.0,3.0,8.0,9.0,0.0,0.55,ok,,20260918,20260918
20260918,920117.BJ,龙鑫智能,801737.SI,电池,L2,20,20,20,11.0,3.0,8.0,9.0,0.0,0.55,ok,,20260918,20260918
20260918,920239.BJ,长虹能源,801737.SI,电池,L2,20,20,20,11.0,2.0,9.0,9.0,0.0,0.55,ok,,20260918,20260918
20260918,920252.BJ,天宏锂电,801737.SI,电池,L2,20,20,20,11.0,3.0,8.0,9.0,0.0,0.55,ok,,20260918,20260918
20260918,920523.BJ,德瑞锂电,801737.SI,电池,L2,20,20,20,11.0,3.0,8.0,9.0,0.0,0.55,ok,,20260918,20260918
20260918,920627.BJ,力王股份,801737.SI,电池,L2,20,20,20,11.0,3.0,8.0,9.0,0.0,0.55,ok,,20260918,20260918
20260918,001388.SZ,信通电子,801738.SI,电网设备,L2,20,20,20,11.0,5.0,6.0,9.0,0.0,0.55,ok,,20260918,20260918
20260918,002121.SZ,科陆电子,801738.SI,电网设备,L2,20,20,20,11.0,4.0,7.0,9.0,0.0,0.55,ok,,20260918,20260918
20260918,002346.SZ,柘中股份,801738.SI,电网设备,L2,20,20,20,11.0,2.0,9.0,9.0,0.0,0.55,ok,,20260918,20260918
20260918,002350.SZ,北京科锐,801738.SI,电网设备,L2,20,20,20,11.0,3.0,8.0,9.0,0.0,0.55,ok,,20260918,20260918
20260918,002879.SZ,长缆科技,801738.SI,电网设备,L2,20,20,20,11.0,4.0,7.0,9.0,0.0,0.55,ok,,20260918,20260918
20260918,300141.SZ,和顺电气,801738.SI,电网设备,L2,20,20,20,11.0,5.0,6.0,9.0,0.0,0.55,ok,,20260918,20260918
20260918,300423.SZ,昇辉科技,801738.SI,电网设备,L2,20,20,20,11.0,3.0,8.0,9.0,0.0,0.55,ok,,20260918,20260918
20260918,300880.SZ,迦南智能,801738.SI,电网设备,L2,20,20,20,11.0,5.0,6.0,9.0,0.0,0.55,ok,,20260918,20260918
20260918,601700.SH,风范股份,801738.SI,电网设备,L2,20,20,20,11.0,3.0,8.0,9.0,0.0,0.55,ok,,20260918,20260918
20260918,603070.SH,万控智造,801738.SI,电网设备,L2,20,20,20,11.0,4.0,7.0,9.0,0.0,0.55,ok,,20260918,20260918
20260918,603530.SH,神马电力,801738.SI,电网设备,L2,20,20,20,11.0,4.0,7.0,9.0,0.0,0.55,ok,,20260918,20260918
20260918,603577.SH,汇金通,801738.SI,电网设备,L2,20,20,20,11.0,4.0,7.0,9.0,0.0,0.55,ok,,20260918,20260918
20260918,603618.SH,杭电股份,801738.SI,电网设备,L2,20,20,20,11.0,5.0,6.0,9.0,0.0,0.55,ok,,20260918,20260918
20260918,605196.SH,华通线缆,801738.SI,电网设备,L2,20,20,20,11.0,3.0,8.0,9.0,0.0,0.55,ok,,20260918,20260918
20260918,605222.SH,起帆电缆,801738.SI,电网设备,L2,20,20,20,11.0,4.0,7.0,9.0,0.0,0.55,ok,,20260918,20260918
20260918,920018.BJ,宏远股份,801738.SI,电网设备,L2,20,20,20,11.0,5.0,6.0,9.0,0.0,0.55,ok,,20260918,20260918
20260918,920118.BJ,太湖远大,801738.SI,电网设备,L2,20,20,20,11.0,5.0,6.0,9.0,0.0,0.55,ok,,20260918,20260918
20260918,920222.BJ,益坤电气,801738.SI,电网设备,L2,20,20,20,11.0,4.0,7.0,9.0,0.0,0.55,ok,,20260918,20260918
20260918,920556.BJ,雅达股份,801738.SI,电网设备,L2,20,20,20,11.0,5.0,6.0,9.0,0.0,0.55,ok,,20260918,20260918
20260918,688685.SH,迈信林,801742.SI,航空装备Ⅱ,L2,20,20,20,11.0,4.0,7.0,9.0,0.0,0.55,ok,,20260918,20260918
20260918,920006.BJ,晟楠科技,801742.SI,航空装备Ⅱ,L2,20,20,20,11.0,6.0,5.0,9.0,0.0,0.55,ok,,20260918,20260918
20260918,600184.SH,光电股份,801743.SI,地面兵装Ⅱ,L2,20,20,20,11.0,7.0,4.0,9.0,0.0,0.55,ok,,20260918,20260918
20260918,300065.SZ,海兰信,801744.SI,航海装备Ⅱ,L2,20,20,20,11.0,6.0,5.0,9.0,0.0,0.55,ok,,20260918,20260918
20260918,301592.SZ,六九一二,801745.SI,军工电子Ⅱ,L2,20,20,20,11.0,5.0,6.0,9.0,0.0,0.55,ok,,20260918,20260918
20260918,688011.SH,新光光电,801745.SI,军工电子Ⅱ,L2,20,20,20,11.0,6.0,5.0,9.0,0.0,0.55,ok,,20260918,20260918
20260918,688081.SH,兴图新科,801745.SI,军工电子Ⅱ,L2,20,20,20,11.0,4.0,7.0,9.0,0.0,0.55,ok,,20260918,20260918
20260918,688272.SH,富吉瑞,801745.SI,军工电子Ⅱ,L2,20,20,20,11.0,4.0,7.0,9.0,0.0,0.55,ok,,20260918,20260918
20260918,920008.BJ,成电光信,801745.SI,军工电子Ⅱ,L2,20,20,20,11.0,4.0,7.0,9.0,0.0,0.55,ok,,20260918,20260918
20260918,600679.SH,上海凤凰,801881.SI,摩托车及其他,L2,20,20,20,11.0,8.0,3.0,9.0,0.0,0.55,ok,,20260918,20260918
20260918,601777.SH,千里科技,801881.SI,摩托车及其他,L2,20,20,20,11.0,6.0,5.0,9.0,0.0,0.55,ok,,20260918,20260918
20260918,603468.SH,津富士达,801881.SI,摩托车及其他,L2,20,20,20,11.0,5.0,6.0,9.0,0.0,0.55,ok,,20260918,20260918
20260918,920088.BJ,科力股份,801962.SI,油服工程,L2,20,20,20,11.0,3.0,8.0,9.0,0.0,0.55,ok,,20260918,20260918
20260918,000819.SZ,岳阳兴长,801963.SI,炼化及贸易,L2,20,20,20,11.0,5.0,6.0,9.0,0.0,0.55,ok,,20260918,20260918
20260918,002221.SZ,东华能源,801963.SI,炼化及贸易,L2,20,20,20,11.0,4.0,7.0,9.0,0.0,0.55,ok,,20260918,20260918
20260918,603223.SH,恒通股份,801963.SI,炼化及贸易,L2,20,20,20,11.0,2.0,9.0,9.0,0.0,0.55,ok,,20260918,20260918
20260918,601330.SH,绿色动力,801971.SI,环境治理,L2,20,20,20,11.0,8.0,3.0,9.0,0.0,0.55,ok,,20260918,20260918
20260918,688309.SH,恒誉科技,801972.SI,环保设备Ⅱ,L2,20,20,20,11.0,5.0,6.0,9.0,0.0,0.55,ok,,20260918,20260918
20260918,605303.SH,园林股份,801723.SI,基础建设,L2,20,20,15,8.0,5.0,3.0,7.0,5.0,0.5333333333333333,ok,,20260918,20260918
20260918,920175.BJ,东方碳素,801039.SI,非金属材料Ⅱ,L2,20,20,17,9.0,5.0,4.0,8.0,3.0,0.5294117647058824,ok,,20260918,20260918
20260918,600528.SH,中铁工业,801076.SI,轨交设备Ⅱ,L2,20,20,17,9.0,6.0,3.0,8.0,3.0,0.5294117647058824,ok,,20260918,20260918
20260918,600795.SH,国电电力,801161.SI,电力,L2,20,20,17,9.0,4.0,5.0,8.0,3.0,0.5294117647058824,ok,,20260918,20260918
20260918,600901.SH,江苏金租,801191.SI,多元金融,L2,20,20,17,9.0,4.0,5.0,8.0,3.0,0.5294117647058824,ok,,20260918,20260918
20260918,600067.SH,冠城新材,801738.SI,电网设备,L2,20,20,17,9.0,3.0,6.0,8.0,3.0,0.5294117647058824,ok,,20260918,20260918
20260918,003030.SZ,祖名股份,801012.SI,农产品加工,L2,20,20,19,10.0,7.0,3.0,9.0,1.0,0.5263157894736842,ok,,20260918,20260918
20260918,002100.SZ,天康生物,801014.SI,饲料,L2,20,20,19,10.0,5.0,5.0,9.0,1.0,0.5263157894736842,ok,,20260918,20260918
20260918,601065.SH,江盐集团,801033.SI,化学原料,L2,20,20,19,10.0,6.0,4.0,9.0,1.0,0.5263157894736842,ok,,20260918,20260918
20260918,920489.BJ,佳先股份,801033.SI,化学原料,L2,20,20,19,10.0,5.0,5.0,9.0,1.0,0.5263157894736842,ok,,20260918,20260918
20260918,002591.SZ,恒大高新,801034.SI,化学制品,L2,20,20,19,10.0,5.0,5.0,9.0,1.0,0.5263157894736842,ok,,20260918,20260918
20260918,002669.SZ,康达新材,801034.SI,化学制品,L2,20,20,19,10.0,5.0,5.0,9.0,1.0,0.5263157894736842,ok,,20260918,20260918
20260918,301059.SZ,金三江,801034.SI,化学制品,L2,20,20,19,10.0,6.0,4.0,9.0,1.0,0.5263157894736842,ok,,20260918,20260918
20260918,301206.SZ,三元生物,801034.SI,化学制品,L2,20,20,19,10.0,4.0,6.0,9.0,1.0,0.5263157894736842,ok,,20260918,20260918
20260918,000859.SZ,国风新材,801036.SI,塑料,L2,20,20,19,10.0,6.0,4.0,9.0,1.0,0.5263157894736842,ok,,20260918,20260918
20260918,000973.SZ,佛塑科技,801036.SI,塑料,L2,20,20,19,10.0,3.0,7.0,9.0,1.0,0.5263157894736842,ok,,20260918,20260918
20260918,002108.SZ,沧州明珠,801036.SI,塑料,L2,20,20,19,10.0,5.0,5.0,9.0,1.0,0.5263157894736842,ok,,20260918,20260918
20260918,603150.SH,万朗磁塑,801036.SI,塑料,L2,20,20,19,10.0,5.0,5.0,9.0,1.0,0.5263157894736842,ok,,20260918,20260918
20260918,603330.SH,天洋新材,801036.SI,塑料,L2,20,20,19,10.0,4.0,6.0,9.0,1.0,0.5263157894736842,ok,,20260918,20260918
20260918,920056.BJ,能之光,801036.SI,塑料,L2,20,20,19,10.0,4.0,6.0,9.0,1.0,0.5263157894736842,ok,,20260918,20260918
20260918,002224.SZ,三力士,801037.SI,橡胶,L2,20,20,19,10.0,5.0,5.0,9.0,1.0,0.5263157894736842,ok,,20260918,20260918
20260918,920719.BJ,宁新新材,801039.SI,非金属材料Ⅱ,L2,20,20,19,10.0,5.0,5.0,9.0,1.0,0.5263157894736842,ok,,20260918,20260918
20260918,688750.SH,金天钛业,801054.SI,小金属,L2,20,20,19,10.0,6.0,4.0,9.0,1.0,0.5263157894736842,ok,,20260918,20260918
20260918,600615.SH,鑫源智造,801055.SI,工业金属,L2,20,20,19,10.0,5.0,5.0,9.0,1.0,0.5263157894736842,ok,,20260918,20260918
20260918,002877.SZ,智能自控,801072.SI,通用设备,L2,20,20,19,10.0,5.0,5.0,9.0,1.0,0.5263157894736842,ok,,20260918,20260918
20260918,300145.SZ,南方泵业,801072.SI,通用设备,L2,20,20,19,10.0,6.0,4.0,9.0,1.0,0.5263157894736842,ok,,20260918,20260918
20260918,300228.SZ,富瑞特装,801072.SI,通用设备,L2,20,20,19,10.0,3.0,7.0,9.0,1.0,0.5263157894736842,ok,,20260918,20260918
20260918,920570.BJ,坤博精工,801072.SI,通用设备,L2,20,20,19,10.0,5.0,5.0,9.0,1.0,0.5263157894736842,ok,,20260918,20260918
20260918,600499.SH,科达制造,801074.SI,专用设备,L2,20,20,19,10.0,3.0,7.0,9.0,1.0,0.5263157894736842,ok,,20260918,20260918
20260918,000927.SZ,中国铁物,801076.SI,轨交设备Ⅱ,L2,20,20,19,10.0,7.0,3.0,9.0,1.0,0.5263157894736842,ok,,20260918,20260918
20260918,603611.SH,诺力股份,801077.SI,工程机械,L2,20,20,19,10.0,4.0,6.0,9.0,1.0,0.5263157894736842,ok,,20260918,20260918
20260918,002139.SZ,拓邦股份,801085.SI,消费电子,L2,20,20,19,10.0,4.0,6.0,9.0,1.0,0.5263157894736842,ok,,20260918,20260918
20260918,920346.BJ,威贸电子,801085.SI,消费电子,L2,20,20,19,10.0,4.0,6.0,9.0,1.0,0.5263157894736842,ok,,20260918,20260918
20260918,000599.SZ,青岛双星,801093.SI,汽车零部件,L2,20,20,19,10.0,5.0,5.0,9.0,1.0,0.5263157894736842,ok,,20260918,20260918
20260918,002703.SZ,浙江世宝,801093.SI,汽车零部件,L2,20,20,19,10.0,4.0,6.0,9.0,1.0,0.5263157894736842,ok,,20260918,20260918
20260918,002906.SZ,华阳集团,801093.SI,汽车零部件,L2,20,20,19,10.0,5.0,5.0,9.0,1.0,0.5263157894736842,ok,,20260918,20260918
20260918,300176.SZ,鸿特科技,801093.SI,汽车零部件,L2,20,20,19,10.0,4.0,6.0,9.0,1.0,0.5263157894736842,ok,,20260918,20260918
20260918,603107.SH,上海汽配,801093.SI,汽车零部件,L2,20,20,19,10.0,5.0,5.0,9.0,1.0,0.5263157894736842,ok,,20260918,20260918
20260918,920270.BJ,天铭科技,801093.SI,汽车零部件,L2,20,20,19,10.0,3.0,7.0,9.0,1.0,0.5263157894736842,ok,,20260918,20260918
20260918,920378.BJ,泰德股份,801093.SI,汽车零部件,L2,20,20,19,10.0,5.0,5.0,9.0,1.0,0.5263157894736842,ok,,20260918,20260918
20260918,920454.BJ,同心传动,801093.SI,汽车零部件,L2,20,20,19,10.0,5.0,5.0,9.0,1.0,0.5263157894736842,ok,,20260918,20260918
20260918,002897.SZ,意华股份,801102.SI,通信设备,L2,20,20,19,10.0,5.0,5.0,9.0,1.0,0.5263157894736842,ok,,20260918,20260918
20260918,688159.SH,有方科技,801102.SI,通信设备,L2,20,20,19,10.0,4.0,6.0,9.0,1.0,0.5263157894736842,ok,,20260918,20260918
20260918,688592.SH,司南导航,801102.SI,通信设备,L2,20,20,19,10.0,2.0,8.0,9.0,1.0,0.5263157894736842,ok,,20260918,20260918
20260918,920045.BJ,蘅东光,801102.SI,通信设备,L2,20,20,19,10.0,5.0,5.0,9.0,1.0,0.5263157894736842,ok,,20260918,20260918
20260918,300895.SZ,铜牛信息,801103.SI,IT服务Ⅱ,L2,20,20,19,10.0,4.0,6.0,9.0,1.0,0.5263157894736842,ok,,20260918,20260918
20260918,600131.SH,国网信通,801103.SI,IT服务Ⅱ,L2,20,20,19,10.0,2.0,8.0,9.0,1.0,0.5263157894736842,ok,,20260918,20260918
20260918,002212.SZ,天融信,801104.SI,软件开发,L2,20,20,19,10.0,6.0,4.0,9.0,1.0,0.5263157894736842,ok,,20260918,20260918
20260918,600983.SH,惠而浦,801111.SI,白色家电,L2,20,20,19,10.0,4.0,6.0,9.0,1.0,0.5263157894736842,ok,,20260918,20260918
20260918,300272.SZ,开能健康,801113.SI,小家电,L2,20,20,19,10.0,4.0,6.0,9.0,1.0,0.5263157894736842,ok,,20260918,20260918
20260918,002035.SZ,华帝股份,801114.SI,厨卫电器,L2,20,20,19,10.0,6.0,4.0,9.0,1.0,0.5263157894736842,ok,,20260918,20260918
20260918,920108.BJ,宏海科技,801116.SI,家电零部件Ⅱ,L2,20,20,19,10.0,5.0,5.0,9.0,1.0,0.5263157894736842,ok,,20260918,20260918
20260918,002840.SZ,华统股份,801124.SI,食品加工,L2,20,20,19,10.0,3.0,7.0,9.0,1.0,0.5263157894736842,ok,,20260918,20260918
20260918,600398.SH,海澜之家,801132.SI,服装家纺,L2,20,20,19,10.0,5.0,5.0,9.0,1.0,0.5263157894736842,ok,,20260918,20260918
20260918,603216.SH,梦天家居,801142.SI,家居用品,L2,20,20,19,10.0,5.0,5.0,9.0,1.0,0.5263157894736842,ok,,20260918,20260918
20260918,603818.SH,曲美家居,801142.SI,家居用品,L2,20,20,19,10.0,5.0,5.0,9.0,1.0,0.5263157894736842,ok,,20260918,20260918
20260918,920394.BJ,民士达,801143.SI,造纸,L2,20,20,19,10.0,5.0,5.0,9.0,1.0,0.5263157894736842,ok,,20260918,20260918
20260918,002675.SZ,东诚药业,801151.SI,化学制药,L2,20,20,19,10.0,4.0,6.0,9.0,1.0,0.5263157894736842,ok,,20260918,20260918
20260918,605507.SH,国邦医药,801151.SI,化学制药,L2,20,20,19,10.0,6.0,4.0,9.0,1.0,0.5263157894736842,ok,,20260918,20260918
20260918,600055.SH,万东医疗,801153.SI,医疗器械,L2,20,20,19,10.0,3.0,7.0,9.0,1.0,0.5263157894736842,ok,,20260918,20260918
20260918,002218.SZ,拓日新能,801161.SI,电力,L2,20,20,19,10.0,6.0,4.0,9.0,1.0,0.5263157894736842,ok,,20260918,20260918
20260918,600233.SH,圆通速递,801178.SI,物流,L2,20,20,19,10.0,5.0,5.0,9.0,1.0,0.5263157894736842,ok,,20260918,20260918
20260918,603117.SH,万林物流,801178.SI,物流,L2,20,20,19,10.0,6.0,4.0,9.0,1.0,0.5263157894736842,ok,,20260918,20260918
20260918,603648.SH,畅联股份,801178.SI,物流,L2,20,20,19,10.0,4.0,6.0,9.0,1.0,0.5263157894736842,ok,,20260918,20260918
20260918,000886.SZ,海南高速,801179.SI,铁路公路,L2,20,20,19,10.0,7.0,3.0,9.0,1.0,0.5263157894736842,ok,,20260918,20260918
20260918,600682.SH,南京新百,801231.SI,综合Ⅱ,L2,20,20,19,10.0,5.0,5.0,9.0,1.0,0.5263157894736842,ok,,20260918,20260918
20260918,002586.SZ,围海股份,801723.SI,基础建设,L2,20,20,19,10.0,3.0,7.0,9.0,1.0,0.5263157894736842,ok,,20260918,20260918
20260918,002593.SZ,日上集团,801724.SI,专业工程,L2,20,20,19,10.0,5.0,5.0,9.0,1.0,0.5263157894736842,ok,,20260918,20260918
20260918,600151.SH,航天机电,801735.SI,光伏设备,L2,20,20,19,10.0,2.0,8.0,9.0,1.0,0.5263157894736842,ok,,20260918,20260918
20260918,300569.SZ,天能重工,801736.SI,风电设备,L2,20,20,19,10.0,6.0,4.0,9.0,1.0,0.5263157894736842,ok,,20260918,20260918
20260918,600072.SH,中船科技,801736.SI,风电设备,L2,20,20,19,10.0,7.0,3.0,9.0,1.0,0.5263157894736842,ok,,20260918,20260918
20260918,603248.SH,锡华科技,801736.SI,风电设备,L2,20,20,19,10.0,5.0,5.0,9.0,1.0,0.5263157894736842,ok,,20260918,20260918
20260918,002451.SZ,摩恩电气,801738.SI,电网设备,L2,20,20,19,10.0,4.0,6.0,9.0,1.0,0.5263157894736842,ok,,20260918,20260918
20260918,600379.SH,宝光股份,801738.SI,电网设备,L2,20,20,19,10.0,3.0,7.0,9.0,1.0,0.5263157894736842,ok,,20260918,20260918
20260918,603097.SH,江苏华辰,801738.SI,电网设备,L2,20,20,19,10.0,3.0,7.0,9.0,1.0,0.5263157894736842,ok,,20260918,20260918
20260918,688132.SH,邦彦技术,801745.SI,军工电子Ⅱ,L2,20,20,19,10.0,5.0,5.0,9.0,1.0,0.5263157894736842,ok,,20260918,20260918
20260918,301322.SZ,绿通科技,801881.SI,摩托车及其他,L2,20,20,19,10.0,6.0,4.0,9.0,1.0,0.5263157894736842,ok,,20260918,20260918
20260918,603291.SH,联合水务,801971.SI,环境治理,L2,20,20,19,10.0,5.0,5.0,9.0,1.0,0.5263157894736842,ok,,20260918,20260918
20260918,000088.SZ,盐田港,801992.SI,航运港口,L2,20,20,19,10.0,5.0,5.0,9.0,1.0,0.5263157894736842,ok,,20260918,20260918
20260918,603336.SH,宏辉果蔬,801016.SI,种植业,L2,20,20,20,10.0,7.0,3.0,10.0,0.0,0.5,ok,,20260918,20260918
20260918,000048.SZ,京基智农,801017.SI,养殖业,L2,20,20,20,10.0,4.0,6.0,10.0,0.0,0.5,ok,,20260918,20260918
20260918,300905.SZ,宝丽迪,801032.SI,化学纤维,L2,20,20,20,10.0,3.0,7.0,10.0,0.0,0.5,ok,,20260918,20260918
20260918,002748.SZ,世龙实业,801033.SI,化学原料,L2,20,20,20,10.0,5.0,5.0,10.0,0.0,0.5,ok,,20260918,20260918
20260918,600328.SH,中盐化工,801033.SI,化学原料,L2,20,20,20,10.0,4.0,6.0,10.0,0.0,0.5,ok,,20260918,20260918
20260918,002917.SZ,金奥博,801034.SI,化学制品,L2,20,20,20,10.0,6.0,4.0,10.0,0.0,0.5,ok,,20260918,20260918
20260918,300041.SZ,回天新材,801034.SI,化学制品,L2,20,20,20,10.0,5.0,5.0,10.0,0.0,0.5,ok,,20260918,20260918
20260918,300405.SZ,科隆股份,801034.SI,化学制品,L2,20,20,20,10.0,4.0,6.0,10.0,0.0,0.5,ok,,20260918,20260918
20260918,300848.SZ,美瑞新材,801034.SI,化学制品,L2,20,20,20,10.0,5.0,5.0,10.0,0.0,0.5,ok,,20260918,20260918
20260918,301156.SZ,美农生物,801034.SI,化学制品,L2,20,20,20,10.0,4.0,6.0,10.0,0.0,0.5,ok,,20260918,20260918
20260918,603867.SH,新化股,801034.SI,化学制品,L2,20,20,20,10.0,5.0,5.0,10.0,0.0,0.5,ok,,20260918,20260918
20260918,920038.BJ,森合高科,801034.SI,化学制品,L2,20,20,20,10.0,5.0,5.0,10.0,0.0,0.5,ok,,20260918,20260918
20260918,920261.BJ,一诺威,801034.SI,化学制品,L2,20,20,20,10.0,6.0,4.0,10.0,0.0,0.5,ok,,20260918,20260918
20260918,605183.SH,确成股份,801037.SI,橡胶,L2,20,20,20,10.0,6.0,4.0,10.0,0.0,0.5,ok,,20260918,20260918
20260918,300804.SZ,广康生化,801038.SI,农化制品,L2,20,20,20,10.0,5.0,5.0,10.0,0.0,0.5,ok,,20260918,20260918
20260918,300963.SZ,中洲特材,801051.SI,金属新材料,L2,20,20,20,10.0,3.0,7.0,10.0,0.0,0.5,ok,,20260918,20260918
20260918,600255.SH,鑫科材料,801051.SI,金属新材料,L2,20,20,20,10.0,6.0,4.0,10.0,0.0,0.5,ok,,20260918,20260918
20260918,603978.SH,深圳新星,801051.SI,金属新材料,L2,20,20,20,10.0,5.0,5.0,10.0,0.0,0.5,ok,,20260918,20260918
20260918,605158.SH,华达新材,801051.SI,金属新材料,L2,20,20,20,10.0,4.0,6.0,10.0,0.0,0.5,ok,,20260918,20260918
20260918,920751.BJ,惠同新材,801051.SI,金属新材料,L2,20,20,18,9.0,4.0,5.0,9.0,2.0,0.5,ok,,20260918,20260918
20260918,003038.SZ,鑫铂股份,801055.SI,工业金属,L2,20,20,20,10.0,6.0,4.0,10.0,0.0,0.5,ok,,20260918,20260918
20260918,600768.SH,富邦新材,801055.SI,工业金属,L2,20,20,20,10.0,4.0,6.0,10.0,0.0,0.5,ok,,20260918,20260918
20260918,002795.SZ,永和智控,801072.SI,通用设备,L2,20,20,20,10.0,5.0,5.0,10.0,0.0,0.5,ok,,20260918,20260918
20260918,600558.SH,大西洋,801072.SI,通用设备,L2,20,20,18,9.0,4.0,5.0,9.0,2.0,0.5,ok,,20260918,20260918
20260918,603400.SH,华之杰,801072.SI,通用设备,L2,20,20,16,8.0,3.0,5.0,8.0,4.0,0.5,ok,,20260918,20260918
20260918,920879.BJ,基康技术,801072.SI,通用设备,L2,20,20,20,10.0,5.0,5.0,10.0,0.0,0.5,ok,,20260918,20260918
20260918,002353.SZ,杰瑞股份,801074.SI,专用设备,L2,20,20,20,10.0,2.0,8.0,10.0,0.0,0.5,ok,,20260918,20260918
20260918,002523.SZ,天桥起重,801074.SI,专用设备,L2,20,20,16,8.0,3.0,5.0,8.0,4.0,0.5,ok,,20260918,20260918
20260918,002529.SZ,海源复材,801074.SI,专用设备,L2,20,20,20,10.0,3.0,7.0,10.0,0.0,0.5,ok,,20260918,20260918
20260918,300411.SZ,金盾股份,801074.SI,专用设备,L2,20,20,20,10.0,5.0,5.0,10.0,0.0,0.5,ok,,20260918,20260918
20260918,300471.SZ,厚普股份,801074.SI,专用设备,L2,20,20,20,10.0,4.0,6.0,10.0,0.0,0.5,ok,,20260918,20260918
20260918,300521.SZ,爱司凯,801074.SI,专用设备,L2,20,20,20,10.0,4.0,6.0,10.0,0.0,0.5,ok,,20260918,20260918
20260918,301053.SZ,远信工业,801074.SI,专用设备,L2,20,20,20,10.0,3.0,7.0,10.0,0.0,0.5,ok,,20260918,20260918
20260918,301056.SZ,森赫股份,801074.SI,专用设备,L2,20,20,20,10.0,4.0,6.0,10.0,0.0,0.5,ok,,20260918,20260918
20260918,600501.SH,航天晨光,801074.SI,专用设备,L2,20,20,20,10.0,6.0,4.0,10.0,0.0,0.5,ok,,20260918,20260918
20260918,601608.SH,中信重工,801074.SI,专用设备,L2,20,20,20,10.0,4.0,6.0,10.0,0.0,0.5,ok,,20260918,20260918
20260918,601798.SH,蓝科高新,801074.SI,专用设备,L2,20,20,18,9.0,3.0,6.0,9.0,2.0,0.5,ok,,20260918,20260918
20260918,603081.SH,大丰实业,801074.SI,专用设备,L2,20,20,18,9.0,3.0,6.0,9.0,2.0,0.5,ok,,20260918,20260918
20260918,603095.SH,越剑智能,801074.SI,专用设备,L2,20,20,20,10.0,4.0,6.0,10.0,0.0,0.5,ok,,20260918,20260918
20260918,603159.SH,上海亚虹,801074.SI,专用设备,L2,20,20,16,8.0,4.0,4.0,8.0,4.0,0.5,ok,,20260918,20260918
20260918,603169.SH,兰石重装,801074.SI,专用设备,L2,20,20,20,10.0,3.0,7.0,10.0,0.0,0.5,ok,,20260918,20260918
20260918,603289.SH,泰瑞机器,801074.SI,专用设备,L2,20,20,18,9.0,4.0,5.0,9.0,2.0,0.5,ok,,20260918,20260918
20260918,605259.SH,绿田机械,801074.SI,专用设备,L2,20,20,20,10.0,4.0,6.0,10.0,0.0,0.5,ok,,20260918,20260918
20260918,920158.BJ,长江能科,801074.SI,专用设备,L2,20,20,20,10.0,3.0,7.0,10.0,0.0,0.5,ok,,20260918,20260918
20260918,920284.BJ,灵鸽科技,801074.SI,专用设备,L2,20,20,20,10.0,3.0,7.0,10.0,0.0,0.5,ok,,20260918,20260918
20260918,920395.BJ,朗鸿科技,801074.SI,专用设备,L2,20,20,18,9.0,4.0,5.0,9.0,2.0,0.5,ok,,20260918,20260918
20260918,920608.BJ,丰安股份,801074.SI,专用设备,L2,20,20,20,10.0,4.0,6.0,10.0,0.0,0.5,ok,,20260918,20260918
20260918,920717.BJ,瑞星股份,801074.SI,专用设备,L2,20,20,20,10.0,5.0,5.0,10.0,0.0,0.5,ok,,20260918,20260918
20260918,920781.BJ,瑞奇智造,801074.SI,专用设备,L2,20,20,20,10.0,5.0,5.0,10.0,0.0,0.5,ok,,20260918,20260918
20260918,001226.SZ,拓山重工,801077.SI,工程机械,L2,20,20,20,10.0,3.0,7.0,10.0,0.0,0.5,ok,,20260918,20260918
20260918,600761.SH,安徽合力,801077.SI,工程机械,L2,20,20,20,10.0,5.0,5.0,10.0,0.0,0.5,ok,,20260918,20260918
20260918,920245.BJ,威博液压,801077.SI,工程机械,L2,20,20,20,10.0,6.0,4.0,10.0,0.0,0.5,ok,,20260918,20260918
20260918,920706.BJ,铁拓机械,801077.SI,工程机械,L2,20,20,20,10.0,5.0,5.0,10.0,0.0,0.5,ok,,20260918,20260918
20260918,300486.SZ,东杰智能,801078.SI,自动化设备,L2,20,20,20,10.0,4.0,6.0,10.0,0.0,0.5,ok,,20260918,20260918
20260918,688167.SH,炬光科技,801081.SI,半导体,L2,20,20,20,10.0,4.0,6.0,10.0,0.0,0.5,ok,,20260918,20260918
20260918,920491.BJ,奥迪威,801083.SI,元件,L2,20,20,20,10.0,6.0,4.0,10.0,0.0,0.5,ok,,20260918,20260918
20260918,301067.SZ,显盈科技,801085.SI,消费电子,L2,20,20,20,10.0,5.0,5.0,10.0,0.0,0.5,ok,,20260918,20260918
20260918,301606.SZ,绿联科技,801085.SI,消费电子,L2,20,20,20,10.0,3.0,7.0,10.0,0.0,0.5,ok,,20260918,20260918
20260918,000589.SZ,贵州轮胎,801093.SI,汽车零部件,L2,20,20,18,9.0,4.0,5.0,9.0,2.0,0.5,ok,,20260918,20260918
20260918,001233.SZ,海安集团,801093.SI,汽车零部件,L2,20,20,20,10.0,5.0,5.0,10.0,0.0,0.5,ok,,20260918,20260918
20260918,001319.SZ,铭科精技,801093.SI,汽车零部件,L2,20,20,20,10.0,6.0,4.0,10.0,0.0,0.5,ok,,20260918,20260918
20260918,002190.SZ,成飞集成,801093.SI,汽车零部件,L2,20,20,20,10.0,6.0,4.0,10.0,0.0,0.5,ok,,20260918,20260918
20260918,002454.SZ,松芝股份,801093.SI,汽车零部件,L2,20,20,20,10.0,4.0,6.0,10.0,0.0,0.5,ok,,20260918,20260918
20260918,002510.SZ,天汽模,801093.SI,汽车零部件,L2,20,20,18,9.0,4.0,5.0,9.0,2.0,0.5,ok,,20260918,20260918
20260918,002536.SZ,飞龙股份,801093.SI,汽车零部件,L2,20,20,20,10.0,5.0,5.0,10.0,0.0,0.5,ok,,20260918,20260918
20260918,300473.SZ,德尔股份,801093.SI,汽车零部件,L2,20,20,20,10.0,6.0,4.0,10.0,0.0,0.5,ok,,20260918,20260918
20260918,301539.SZ,宏鑫科技,801093.SI,汽车零部件,L2,20,20,20,10.0,6.0,4.0,10.0,0.0,0.5,ok,,20260918,20260918
20260918,301552.SZ,科力装备,801093.SI,汽车零部件,L2,20,20,20,10.0,5.0,5.0,10.0,0.0,0.5,ok,,20260918,20260918
20260918,600178.SH,东安动力,801093.SI,汽车零部件,L2,20,20,20,10.0,7.0,3.0,10.0,0.0,0.5,ok,,20260918,20260918
20260918,600698.SH,湖南天雁,801093.SI,汽车零部件,L2,20,20,20,10.0,5.0,5.0,10.0,0.0,0.5,ok,,20260918,20260918
20260918,600741.SH,华域汽车,801093.SI,汽车零部件,L2,20,20,20,10.0,5.0,5.0,10.0,0.0,0.5,ok,,20260918,20260918
20260918,601058.SH,赛轮轮胎,801093.SI,汽车零部件,L2,20,20,20,10.0,6.0,4.0,10.0,0.0,0.5,ok,,20260918,20260918
20260918,603335.SH,迪生力,801093.SI,汽车零部件,L2,20,20,20,10.0,3.0,7.0,10.0,0.0,0.5,ok,,20260918,20260918
20260918,603352.SH,至信股份,801093.SI,汽车零部件,L2,20,20,20,10.0,6.0,4.0,10.0,0.0,0.5,ok,,20260918,20260918
20260918,603418.SH,友升股份,801093.SI,汽车零部件,L2,20,20,20,10.0,5.0,5.0,10.0,0.0,0.5,ok,,20260918,20260918
20260918,920055.BJ,隆源股份,801093.SI,汽车零部件,L2,20,20,20,10.0,4.0,6.0,10.0,0.0,0.5,ok,,20260918,20260918
20260918,920086.BJ,科马材料,801093.SI,汽车零部件,L2,20,20,20,10.0,5.0,5.0,10.0,0.0,0.5,ok,,20260918,20260918
20260918,920242.BJ,建邦科技,801093.SI,汽车零部件,L2,20,20,18,9.0,4.0,5.0,9.0,2.0,0.5,ok,,20260918,20260918
20260918,920896.BJ,旺成科技,801093.SI,汽车零部件,L2,20,20,20,10.0,5.0,5.0,10.0,0.0,0.5,ok,,20260918,20260918
20260918,002268.SZ,电科网安,801101.SI,计算机设备,L2,20,20,20,10.0,4.0,6.0,10.0,0.0,0.5,ok,,20260918,20260918
20260918,300155.SZ,安居宝,801101.SI,计算机设备,L2,20,20,20,10.0,3.0,7.0,10.0,0.0,0.5,ok,,20260918,20260918
20260918,300546.SZ,雄帝科技,801101.SI,计算机设备,L2,20,20,20,10.0,2.0,8.0,10.0,0.0,0.5,ok,,20260918,20260918
20260918,002052.SZ,同洲电子,801112.SI,黑色家电,L2,20,20,18,9.0,4.0,5.0,9.0,2.0,0.5,ok,,20260918,20260918
20260918,002005.SZ,德豪润达,801113.SI,小家电,L2,20,20,16,8.0,4.0,4.0,8.0,4.0,0.5,ok,,20260918,20260918
20260918,605555.SH,德昌股份,801113.SI,小家电,L2,20,20,18,9.0,4.0,5.0,9.0,2.0,0.5,ok,,20260918,20260918
20260918,300160.SZ,秀强股份,801116.SI,家电零部件Ⅱ,L2,20,20,18,9.0,4.0,5.0,9.0,2.0,0.5,ok,,20260918,20260918
20260918,000895.SZ,双汇发展,801124.SI,食品加工,L2,20,20,20,10.0,1.0,9.0,10.0,0.0,0.5,ok,,20260918,20260918
20260918,600597.SH,光明乳业,801127.SI,饮料乳品,L2,20,20,20,10.0,4.0,6.0,10.0,0.0,0.5,ok,,20260918,20260918
20260918,603196.SH,璞源材料,801132.SI,服装家纺,L2,20,20,20,10.0,7.0,3.0,10.0,0.0,0.5,ok,,20260918,20260918
20260918,000026.SZ,飞亚达,801133.SI,饰品,L2,20,20,20,10.0,4.0,6.0,10.0,0.0,0.5,ok,,20260918,20260918
20260918,002853.SZ,皮阿诺,801142.SI,家居用品,L2,20,20,20,10.0,7.0,3.0,10.0,0.0,0.5,ok,,20260918,20260918
20260918,301356.SZ,天振股份,801142.SI,家居用品,L2,20,20,20,10.0,5.0,5.0,10.0,0.0,0.5,ok,,20260918,20260918
20260918,301376.SZ,致欧科技,801142.SI,家居用品,L2,20,20,20,10.0,7.0,3.0,10.0,0.0,0.5,ok,,20260918,20260918
20260918,603992.SH,松霖科技,801142.SI,家居用品,L2,20,20,20,10.0,6.0,4.0,10.0,0.0,0.5,ok,,20260918,20260918
20260918,605377.SH,华旺科技,801143.SI,造纸,L2,20,20,18,9.0,5.0,4.0,9.0,2.0,0.5,ok,,20260918,20260918
20260918,300199.SZ,翰宇药业,801151.SI,化学制药,L2,20,20,20,10.0,5.0,5.0,10.0,0.0,0.5,ok,,20260918,20260918
20260918,301235.SZ,华康洁净,801153.SI,医疗器械,L2,20,20,20,10.0,4.0,6.0,10.0,0.0,0.5,ok,,20260918,20260918
20260918,603880.SH,南卫股份,801153.SI,医疗器械,L2,20,20,20,10.0,5.0,5.0,10.0,0.0,0.5,ok,,20260918,20260918
20260918,603139.SH,康惠股份,801155.SI,中药Ⅱ,L2,20,20,20,10.0,5.0,5.0,10.0,0.0,0.5,ok,,20260918,20260918
20260918,002524.SZ,光正眼科,801156.SI,医疗服务,L2,20,20,20,10.0,5.0,5.0,10.0,0.0,0.5,ok,,20260918,20260918
20260918,688621.SH,阳光诺和,801156.SI,医疗服务,L2,20,20,20,10.0,5.0,5.0,10.0,0.0,0.5,ok,,20260918,20260918
20260918,001210.SZ,金房能源,801161.SI,电力,L2,20,20,20,10.0,5.0,5.0,10.0,0.0,0.5,ok,,20260918,20260918
20260918,600886.SH,国投电力,801161.SI,电力,L2,20,20,18,9.0,6.0,3.0,9.0,2.0,0.5,ok,,20260918,20260918
20260918,001331.SZ,胜通能源,801163.SI,燃气Ⅱ,L2,20,20,20,10.0,5.0,5.0,10.0,0.0,0.5,ok,,20260918,20260918
20260918,002492.SZ,恒基达鑫,801178.SI,物流,L2,20,20,20,10.0,7.0,3.0,10.0,0.0,0.5,ok,,20260918,20260918
20260918,002889.SZ,东方嘉盛,801178.SI,物流,L2,20,20,20,10.0,4.0,6.0,10.0,0.0,0.5,ok,,20260918,20260918
20260918,300240.SZ,飞力达,801178.SI,物流,L2,20,20,20,10.0,6.0,4.0,10.0,0.0,0.5,ok,,20260918,20260918
20260918,603836.SH,海程邦达,801178.SI,物流,L2,20,20,18,9.0,6.0,3.0,9.0,2.0,0.5,ok,,20260918,20260918
20260918,603967.SH,中创物流,801178.SI,物流,L2,20,20,20,10.0,6.0,4.0,10.0,0.0,0.5,ok,,20260918,20260918
20260918,001317.SZ,三羊马,801179.SI,铁路公路,L2,20,20,20,10.0,5.0,5.0,10.0,0.0,0.5,ok,,20260918,20260918
20260918,002357.SZ,富临运业,801179.SI,铁路公路,L2,20,20,20,10.0,6.0,4.0,10.0,0.0,0.5,ok,,20260918,20260918
20260918,000517.SZ,荣安地产,801181.SI,房地产开发,L2,20,20,18,9.0,3.0,6.0,9.0,2.0,0.5,ok,,20260918,20260918
20260918,600663.SH,陆家嘴,801181.SI,房地产开发,L2,20,20,20,10.0,6.0,4.0,10.0,0.0,0.5,ok,,20260918,20260918
20260918,002647.SZ,仁东控股,801191.SI,多元金融,L2,20,20,20,10.0,4.0,6.0,10.0,0.0,0.5,ok,,20260918,20260918
20260918,300464.SZ,星徽股份,801206.SI,互联网电商,L2,20,20,20,10.0,8.0,2.0,10.0,0.0,0.5,ok,,20260918,20260918
20260918,920122.BJ,中纺标,801218.SI,专业服务,L2,20,20,20,10.0,5.0,5.0,10.0,0.0,0.5,ok,,20260918,20260918
20260918,301380.SZ,挖金客,801223.SI,通信服务,L2,20,20,18,9.0,5.0,4.0,9.0,2.0,0.5,ok,,20260918,20260918
20260918,601728.SH,中国电信,801223.SI,通信服务,L2,20,20,18,9.0,2.0,7.0,9.0,2.0,0.5,ok,,20260918,20260918
20260918,600689.SH,上海三毛,801231.SI,综合Ⅱ,L2,20,20,20,10.0,6.0,4.0,10.0,0.0,0.5,ok,,20260918,20260918
20260918,605122.SH,四方新材,801711.SI,水泥,L2,20,20,20,10.0,5.0,5.0,10.0,0.0,0.5,ok,,20260918,20260918
20260918,000012.SZ,南玻A,801712.SI,玻璃玻纤,L2,20,20,20,10.0,7.0,3.0,10.0,0.0,0.5,ok,,20260918,20260918
20260918,002201.SZ,九鼎新材,801712.SI,玻璃玻纤,L2,20,20,20,10.0,8.0,2.0,10.0,0.0,0.5,ok,,20260918,20260918
20260918,301429.SZ,森泰股份,801713.SI,装修建材,L2,20,20,20,10.0,5.0,5.0,10.0,0.0,0.5,ok,,20260918,20260918
20260918,001267.SZ,汇绿生态,801723.SI,基础建设,L2,20,20,20,10.0,4.0,6.0,10.0,0.0,0.5,ok,,20260918,20260918
20260918,300536.SZ,农尚环境,801723.SI,基础建设,L2,20,20,20,10.0,6.0,4.0,10.0,0.0,0.5,ok,,20260918,20260918
20260918,300948.SZ,冠中生态,801723.SI,基础建设,L2,20,20,20,10.0,5.0,5.0,10.0,0.0,0.5,ok,,20260918,20260918
20260918,605167.SH,利柏特,801724.SI,专业工程,L2,20,20,20,10.0,6.0,4.0,10.0,0.0,0.5,ok,,20260918,20260918
20260918,300492.SZ,华图山鼎,801726.SI,工程咨询服务Ⅱ,L2,20,20,20,10.0,3.0,7.0,10.0,0.0,0.5,ok,,20260918,20260918
20260918,603257.SH,中国瑞林,801726.SI,工程咨询服务Ⅱ,L2,20,20,20,10.0,6.0,4.0,10.0,0.0,0.5,ok,,20260918,20260918
20260918,301232.SZ,飞沃科技,801736.SI,风电设备,L2,20,20,20,10.0,3.0,7.0,10.0,0.0,0.5,ok,,20260918,20260918
20260918,603985.SH,恒润股份,801736.SI,风电设备,L2,20,20,20,10.0,5.0,5.0,10.0,0.0,0.5,ok,,20260918,20260918
20260918,000695.SZ,滨海能源,801737.SI,电池,L2,20,20,20,10.0,2.0,8.0,10.0,0.0,0.5,ok,,20260918,20260918
20260918,002058.SZ,紫竹高科,801737.SI,电池,L2,20,20,20,10.0,3.0,7.0,10.0,0.0,0.5,ok,,20260918,20260918
20260918,301121.SZ,紫建电子,801737.SI,电池,L2,20,20,20,10.0,3.0,7.0,10.0,0.0,0.5,ok,,20260918,20260918
20260918,600847.SH,万里股份,801737.SI,电池,L2,20,20,20,10.0,3.0,7.0,10.0,0.0,0.5,ok,,20260918,20260918
20260918,688116.SH,天奈科技,801737.SI,电池,L2,20,20,20,10.0,4.0,6.0,10.0,0.0,0.5,ok,,20260918,20260918
20260918,688638.SH,誉辰智能,801737.SI,电池,L2,20,20,20,10.0,3.0,7.0,10.0,0.0,0.5,ok,,20260918,20260918
20260918,920809.BJ,安达科技,801737.SI,电池,L2,20,20,18,9.0,2.0,7.0,9.0,2.0,0.5,ok,,20260918,20260918
20260918,002270.SZ,华明装备,801738.SI,电网设备,L2,20,20,20,10.0,2.0,8.0,10.0,0.0,0.5,ok,,20260918,20260918
20260918,002309.SZ,中利集团,801738.SI,电网设备,L2,20,20,18,9.0,4.0,5.0,9.0,2.0,0.5,ok,,20260918,20260918
20260918,002441.SZ,众业达,801738.SI,电网设备,L2,20,20,20,10.0,5.0,5.0,10.0,0.0,0.5,ok,,20260918,20260918
20260918,002560.SZ,通达股份,801738.SI,电网设备,L2,20,20,20,10.0,4.0,6.0,10.0,0.0,0.5,ok,,20260918,20260918
20260918,300514.SZ,友讯达,801738.SI,电网设备,L2,20,20,20,10.0,5.0,5.0,10.0,0.0,0.5,ok,,20260918,20260918
20260918,300932.SZ,三友联众,801738.SI,电网设备,L2,20,20,20,10.0,5.0,5.0,10.0,0.0,0.5,ok,,20260918,20260918
20260918,300933.SZ,中辰股份,801738.SI,电网设备,L2,20,20,18,9.0,2.0,7.0,9.0,2.0,0.5,ok,,20260918,20260918
20260918,301082.SZ,久盛电气,801738.SI,电网设备,L2,20,20,20,10.0,4.0,6.0,10.0,0.0,0.5,ok,,20260918,20260918
20260918,601567.SH,三星电气,801738.SI,电网设备,L2,20,20,20,10.0,3.0,7.0,10.0,0.0,0.5,ok,,20260918,20260918
20260918,603016.SH,新宏泰,801738.SI,电网设备,L2,20,20,20,10.0,3.0,7.0,10.0,0.0,0.5,ok,,20260918,20260918
20260918,603333.SH,福华尚纬,801738.SI,电网设备,L2,20,20,20,10.0,3.0,7.0,10.0,0.0,0.5,ok,,20260918,20260918
20260918,603606.SH,东方电缆,801738.SI,电网设备,L2,20,20,20,10.0,5.0,5.0,10.0,0.0,0.5,ok,,20260918,20260918
20260918,688191.SH,智洋创新,801738.SI,电网设备,L2,20,20,20,10.0,4.0,6.0,10.0,0.0,0.5,ok,,20260918,20260918
20260918,688517.SH,金冠电气,801738.SI,电网设备,L2,20,20,20,10.0,3.0,7.0,10.0,0.0,0.5,ok,,20260918,20260918
20260918,920496.BJ,许昌智能,801738.SI,电网设备,L2,20,20,18,9.0,4.0,5.0,9.0,2.0,0.5,ok,,20260918,20260918
20260918,920508.BJ,殷图网联,801738.SI,电网设备,L2,20,20,20,10.0,4.0,6.0,10.0,0.0,0.5,ok,,20260918,20260918
20260918,300424.SZ,航新科技,801742.SI,航空装备Ⅱ,L2,20,20,20,10.0,6.0,4.0,10.0,0.0,0.5,ok,,20260918,20260918
20260918,603261.SH,立航科技,801742.SI,航空装备Ⅱ,L2,20,20,20,10.0,5.0,5.0,10.0,0.0,0.5,ok,,20260918,20260918
20260918,600892.SH,大晟文化,801764.SI,游戏Ⅱ,L2,20,20,20,10.0,5.0,5.0,10.0,0.0,0.5,ok,,20260918,20260918
20260918,002105.SZ,信隆健康,801881.SI,摩托车及其他,L2,20,20,18,9.0,5.0,4.0,9.0,2.0,0.5,ok,,20260918,20260918
20260918,003033.SZ,征和工业,801881.SI,摩托车及其他,L2,20,20,20,10.0,6.0,4.0,10.0,0.0,0.5,ok,,20260918,20260918
20260918,689009.SH,九号公司-WD,801881.SI,摩托车及其他,L2,20,20,20,10.0,4.0,6.0,10.0,0.0,0.5,ok,,20260918,20260918
20260918,000637.SZ,茂化实华,801963.SI,炼化及贸易,L2,20,20,18,9.0,3.0,6.0,9.0,2.0,0.5,ok,,20260918,20260918
20260918,300055.SZ,万邦达,801963.SI,炼化及贸易,L2,20,20,20,10.0,3.0,7.0,10.0,0.0,0.5,ok,,20260918,20260918
20260918,601827.SH,三峰环境,801971.SI,环境治理,L2,20,20,20,10.0,4.0,6.0,10.0,0.0,0.5,ok,,20260918,20260918
20260918,605069.SH,正和生态,801971.SI,环境治理,L2,20,20,20,10.0,4.0,6.0,10.0,0.0,0.5,ok,,20260918,20260918
20260918,688069.SH,德林海,801971.SI,环境治理,L2,20,20,20,10.0,6.0,4.0,10.0,0.0,0.5,ok,,20260918,20260918
20260918,600526.SH,菲达环保,801972.SI,环保设备Ⅱ,L2,20,20,18,9.0,3.0,6.0,9.0,2.0,0.5,ok,,20260918,20260918
20260918,000582.SZ,北部湾港,801992.SI,航运港口,L2,20,20,20,10.0,5.0,5.0,10.0,0.0,0.5,ok,,20260918,20260918
20260918,300192.SZ,科德教育,801994.SI,教育,L2,20,20,20,10.0,8.0,2.0,10.0,0.0,0.5,ok,,20260918,20260918
20260918,300522.SZ,世名科技,801034.SI,化学制品,L2,20,20,19,9.0,4.0,5.0,10.0,1.0,0.47368421052631576,ok,,20260918,20260918
20260918,301585.SZ,蓝宇股份,801034.SI,化学制品,L2,20,20,19,9.0,5.0,4.0,10.0,1.0,0.47368421052631576,ok,,20260918,20260918
20260918,002395.SZ,双象股份,801036.SI,塑料,L2,20,20,19,9.0,3.0,6.0,10.0,1.0,0.47368421052631576,ok,,20260918,20260918
20260918,688585.SH,上纬新材,801036.SI,塑料,L2,20,20,19,9.0,5.0,4.0,10.0,1.0,0.47368421052631576,ok,,20260918,20260918
20260918,920720.BJ,吉冈精密,801072.SI,通用设备,L2,20,20,19,9.0,3.0,6.0,10.0,1.0,0.47368421052631576,ok,,20260918,20260918
20260918,601399.SH,国机重装,801074.SI,专用设备,L2,20,20,19,9.0,4.0,5.0,10.0,1.0,0.47368421052631576,ok,,20260918,20260918
20260918,920857.BJ,泓禧科技,801085.SI,消费电子,L2,20,20,19,9.0,3.0,6.0,10.0,1.0,0.47368421052631576,ok,,20260918,20260918
20260918,002085.SZ,万丰奥威,801093.SI,汽车零部件,L2,20,20,19,9.0,3.0,6.0,10.0,1.0,0.47368421052631576,ok,,20260918,20260918
20260918,600182.SH,S佳通,801093.SI,汽车零部件,L2,20,20,19,9.0,4.0,5.0,10.0,1.0,0.47368421052631576,ok,,20260918,20260918
20260918,601279.SH,英利汽车,801093.SI,汽车零部件,L2,20,20,19,9.0,6.0,3.0,10.0,1.0,0.47368421052631576,ok,,20260918,20260918
20260918,603161.SH,科华控股,801093.SI,汽车零部件,L2,20,20,19,9.0,4.0,5.0,10.0,1.0,0.47368421052631576,ok,,20260918,20260918
20260918,300386.SZ,飞天诚信,801101.SI,计算机设备,L2,20,20,19,9.0,2.0,7.0,10.0,1.0,0.47368421052631576,ok,,20260918,20260918
20260918,002104.SZ,恒宝股份,801102.SI,通信设备,L2,20,20,19,9.0,2.0,7.0,10.0,1.0,0.47368421052631576,ok,,20260918,20260918
20260918,003040.SZ,楚天龙,801102.SI,通信设备,L2,20,20,19,9.0,3.0,6.0,10.0,1.0,0.47368421052631576,ok,,20260918,20260918
20260918,300711.SZ,广哈通信,801102.SI,通信设备,L2,20,20,19,9.0,2.0,7.0,10.0,1.0,0.47368421052631576,ok,,20260918,20260918
20260918,603421.SH,鼎信通讯,801102.SI,通信设备,L2,20,20,19,9.0,4.0,5.0,10.0,1.0,0.47368421052631576,ok,,20260918,20260918
20260918,301085.SZ,亚康股份,801103.SI,IT服务Ⅱ,L2,20,20,19,9.0,5.0,4.0,10.0,1.0,0.47368421052631576,ok,,20260918,20260918
20260918,603138.SH,海量数据,801103.SI,IT服务Ⅱ,L2,20,20,19,9.0,4.0,5.0,10.0,1.0,0.47368421052631576,ok,,20260918,20260918
20260918,605398.SH,新炬网络,801103.SI,IT服务Ⅱ,L2,20,20,19,9.0,4.0,5.0,10.0,1.0,0.47368421052631576,ok,,20260918,20260918
20260918,002677.SZ,浙江美大,801114.SI,厨卫电器,L2,20,20,19,9.0,3.0,6.0,10.0,1.0,0.47368421052631576,ok,,20260918,20260918
20260918,300279.SZ,和晶科技,801116.SI,家电零部件Ⅱ,L2,20,20,19,9.0,4.0,5.0,10.0,1.0,0.47368421052631576,ok,,20260918,20260918
20260918,920124.BJ,南特科技,801116.SI,家电零部件Ⅱ,L2,20,20,19,9.0,4.0,5.0,10.0,1.0,0.47368421052631576,ok,,20260918,20260918
20260918,600177.SH,雅戈尔,801132.SI,服装家纺,L2,20,20,19,9.0,6.0,3.0,10.0,1.0,0.47368421052631576,ok,,20260918,20260918
20260918,301227.SZ,森鹰窗业,801142.SI,家居用品,L2,20,20,19,9.0,5.0,4.0,10.0,1.0,0.47368421052631576,ok,,20260918,20260918
20260918,002099.SZ,海翔药业,801151.SI,化学制药,L2,20,20,19,9.0,5.0,4.0,10.0,1.0,0.47368421052631576,ok,,20260918,20260918
20260918,688677.SH,海泰新光,801153.SI,医疗器械,L2,20,20,19,9.0,4.0,5.0,10.0,1.0,0.47368421052631576,ok,,20260918,20260918
20260918,600671.SH,天目药业,801155.SI,中药Ⅱ,L2,20,20,19,9.0,4.0,5.0,10.0,1.0,0.47368421052631576,ok,,20260918,20260918
20260918,001376.SZ,百通能源,801161.SI,电力,L2,20,20,19,9.0,6.0,3.0,10.0,1.0,0.47368421052631576,ok,,20260918,20260918
20260918,600106.SH,重庆路桥,801179.SI,铁路公路,L2,20,20,19,9.0,6.0,3.0,10.0,1.0,0.47368421052631576,ok,,20260918,20260918
20260918,002818.SZ,富森美,801203.SI,一般零售,L2,20,20,19,9.0,7.0,2.0,10.0,1.0,0.47368421052631576,ok,,20260918,20260918
20260918,301381.SZ,赛维时代,801206.SI,互联网电商,L2,20,20,19,9.0,4.0,5.0,10.0,1.0,0.47368421052631576,ok,,20260918,20260918
20260918,600620.SH,天宸股份,801231.SI,综合Ⅱ,L2,20,20,19,9.0,4.0,5.0,10.0,1.0,0.47368421052631576,ok,,20260918,20260918
20260918,600805.SH,悦达投资,801231.SI,综合Ⅱ,L2,20,20,19,9.0,4.0,5.0,10.0,1.0,0.47368421052631576,ok,,20260918,20260918
20260918,600807.SH,济高发展,801231.SI,综合Ⅱ,L2,20,20,19,9.0,5.0,4.0,10.0,1.0,0.47368421052631576,ok,,20260918,20260918
20260918,603616.SH,韩建河山,801711.SI,水泥,L2,20,20,19,9.0,6.0,3.0,10.0,1.0,0.47368421052631576,ok,,20260918,20260918
20260918,600876.SH,凯盛新能,801712.SI,玻璃玻纤,L2,20,20,19,9.0,6.0,3.0,10.0,1.0,0.47368421052631576,ok,,20260918,20260918
20260918,300410.SZ,正业科技,801737.SI,电池,L2,20,20,19,9.0,3.0,6.0,10.0,1.0,0.47368421052631576,ok,,20260918,20260918
20260918,600152.SH,维科技术,801737.SI,电池,L2,20,20,19,9.0,3.0,6.0,10.0,1.0,0.47368421052631576,ok,,20260918,20260918
20260918,002857.SZ,三晖电气,801738.SI,电网设备,L2,20,20,19,9.0,1.0,8.0,10.0,1.0,0.47368421052631576,ok,,20260918,20260918
20260918,300360.SZ,炬华科技,801738.SI,电网设备,L2,20,20,19,9.0,2.0,7.0,10.0,1.0,0.47368421052631576,ok,,20260918,20260918
20260918,603050.SH,科林电气,801738.SI,电网设备,L2,20,20,19,9.0,4.0,5.0,10.0,1.0,0.47368421052631576,ok,,20260918,20260918
20260918,605066.SH,天正电气,801738.SI,电网设备,L2,20,20,19,9.0,1.0,8.0,10.0,1.0,0.47368421052631576,ok,,20260918,20260918
20260918,920062.BJ,科润智控,801738.SI,电网设备,L2,20,20,19,9.0,3.0,6.0,10.0,1.0,0.47368421052631576,ok,,20260918,20260918
20260918,002023.SZ,海特高新,801742.SI,航空装备Ⅱ,L2,20,20,19,9.0,4.0,5.0,10.0,1.0,0.47368421052631576,ok,,20260918,20260918
20260918,301265.SZ,华新科技,801971.SI,环境治理,L2,20,20,19,9.0,5.0,4.0,10.0,1.0,0.47368421052631576,ok,,20260918,20260918
20260918,001872.SZ,招商港口,801992.SI,航运港口,L2,20,20,19,9.0,4.0,5.0,10.0,1.0,0.47368421052631576,ok,,20260918,20260918
20260918,601000.SH,唐山港,801992.SI,航运港口,L2,20,20,19,9.0,5.0,4.0,10.0,1.0,0.47368421052631576,ok,,20260918,20260918
20260918,002226.SZ,江南化工,801034.SI,化学制品,L2,20,20,17,8.0,5.0,3.0,9.0,3.0,0.47058823529411764,ok,,20260918,20260918
20260918,600860.SH,京城股份,801072.SI,通用设备,L2,20,20,17,8.0,2.0,6.0,9.0,3.0,0.47058823529411764,ok,,20260918,20260918
20260918,600582.SH,天地科技,801074.SI,专用设备,L2,20,20,17,8.0,4.0,4.0,9.0,3.0,0.47058823529411764,ok,,20260918,20260918
20260918,600523.SH,贵航股份,801093.SI,汽车零部件,L2,20,20,17,8.0,5.0,3.0,9.0,3.0,0.47058823529411764,ok,,20260918,20260918
20260918,300376.SZ,易事特,801733.SI,其他电源设备Ⅱ,L2,20,20,15,7.0,4.0,3.0,8.0,5.0,0.4666666666666667,ok,,20260918,20260918
20260918,600962.SH,国投中鲁,801012.SI,农产品加工,L2,20,20,20,9.0,7.0,2.0,11.0,0.0,0.45,ok,,20260918,20260918
20260918,300169.SZ,天晟新材,801034.SI,化学制品,L2,20,20,20,9.0,4.0,5.0,11.0,0.0,0.45,ok,,20260918,20260918
20260918,301037.SZ,保立佳,801034.SI,化学制品,L2,20,20,20,9.0,3.0,6.0,11.0,0.0,0.45,ok,,20260918,20260918
20260918,603110.SH,东方材料,801034.SI,化学制品,L2,20,20,20,9.0,3.0,6.0,11.0,0.0,0.45,ok,,20260918,20260918
20260918,920099.BJ,瑞华技术,801034.SI,化学制品,L2,20,20,20,9.0,4.0,5.0,11.0,0.0,0.45,ok,,20260918,20260918
20260918,920206.BJ,彩客科技,801034.SI,化学制品,L2,20,20,20,9.0,3.0,6.0,11.0,0.0,0.45,ok,,20260918,20260918
20260918,920402.BJ,硅烷科技,801034.SI,化学制品,L2,20,20,20,9.0,5.0,4.0,11.0,0.0,0.45,ok,,20260918,20260918
20260918,002734.SZ,利民股份,801038.SI,农化制品,L2,20,20,20,9.0,6.0,3.0,11.0,0.0,0.45,ok,,20260918,20260918
20260918,000688.SZ,国城矿业,801054.SI,小金属,L2,20,20,20,9.0,4.0,5.0,11.0,0.0,0.45,ok,,20260918,20260918
20260918,920068.BJ,天工股份,801054.SI,小金属,L2,20,20,20,9.0,4.0,5.0,11.0,0.0,0.45,ok,,20260918,20260918
20260918,605208.SH,永茂泰,801055.SI,工业金属,L2,20,20,20,9.0,5.0,4.0,11.0,0.0,0.45,ok,,20260918,20260918
20260918,605376.SH,博迁新材,801056.SI,能源金属,L2,20,20,20,9.0,4.0,5.0,11.0,0.0,0.45,ok,,20260918,20260918
20260918,300154.SZ,瑞凌股份,801072.SI,通用设备,L2,20,20,20,9.0,5.0,4.0,11.0,0.0,0.45,ok,,20260918,20260918
20260918,300470.SZ,中密控股,801072.SI,通用设备,L2,20,20,20,9.0,4.0,5.0,11.0,0.0,0.45,ok,,20260918,20260918
20260918,920476.BJ,海能技术,801072.SI,通用设备,L2,20,20,20,9.0,3.0,6.0,11.0,0.0,0.45,ok,,20260918,20260918
20260918,920950.BJ,迅安科技,801072.SI,通用设备,L2,20,20,20,9.0,4.0,5.0,11.0,0.0,0.45,ok,,20260918,20260918
20260918,000856.SZ,冀东装备,801074.SI,专用设备,L2,20,20,20,9.0,4.0,5.0,11.0,0.0,0.45,ok,,20260918,20260918
20260918,688789.SH,宏华数科,801074.SI,专用设备,L2,20,20,20,9.0,3.0,6.0,11.0,0.0,0.45,ok,,20260918,20260918
20260918,920856.BJ,浩淼科技,801074.SI,专用设备,L2,20,20,20,9.0,3.0,6.0,11.0,0.0,0.45,ok,,20260918,20260918
20260918,920174.BJ,五新智能,801077.SI,工程机械,L2,20,20,20,9.0,5.0,4.0,11.0,0.0,0.45,ok,,20260918,20260918
20260918,603666.SH,亿嘉和,801078.SI,自动化设备,L2,20,20,20,9.0,3.0,6.0,11.0,0.0,0.45,ok,,20260918,20260918
20260918,002161.SZ,远望谷,801082.SI,其他电子Ⅱ,L2,20,20,20,9.0,5.0,4.0,11.0,0.0,0.45,ok,,20260918,20260918
20260918,002265.SZ,建设工业,801093.SI,汽车零部件,L2,20,20,20,9.0,6.0,3.0,11.0,0.0,0.45,ok,,20260918,20260918
20260918,002984.SZ,森麒麟,801093.SI,汽车零部件,L2,20,20,20,9.0,3.0,6.0,11.0,0.0,0.45,ok,,20260918,20260918
20260918,601966.SH,玲珑轮胎,801093.SI,汽车零部件,L2,20,20,20,9.0,4.0,5.0,11.0,0.0,0.45,ok,,20260918,20260918
20260918,603917.SH,合力科技,801093.SI,汽车零部件,L2,20,20,20,9.0,4.0,5.0,11.0,0.0,0.45,ok,,20260918,20260918
20260918,920106.BJ,林泰新材,801093.SI,汽车零部件,L2,20,20,20,9.0,4.0,5.0,11.0,0.0,0.45,ok,,20260918,20260918
20260918,920418.BJ,苏轴股份,801093.SI,汽车零部件,L2,20,20,20,9.0,4.0,5.0,11.0,0.0,0.45,ok,,20260918,20260918
20260918,300659.SZ,中孚信息,801101.SI,计算机设备,L2,20,20,20,9.0,3.0,6.0,11.0,0.0,0.45,ok,,20260918,20260918
20260918,301589.SZ,诺瓦星云,801101.SI,计算机设备,L2,20,20,20,9.0,5.0,4.0,11.0,0.0,0.45,ok,,20260918,20260918
20260918,300209.SZ,行云科技,801104.SI,软件开发,L2,20,20,20,9.0,5.0,4.0,11.0,0.0,0.45,ok,,20260918,20260918
20260918,000921.SZ,海信家电,801111.SI,白色家电,L2,20,20,20,9.0,5.0,4.0,11.0,0.0,0.45,ok,,20260918,20260918
20260918,920081.BJ,欧伦电气,801113.SI,小家电,L2,20,20,20,9.0,3.0,6.0,11.0,0.0,0.45,ok,,20260918,20260918
20260918,920926.BJ,鸿智科技,801113.SI,小家电,L2,20,20,20,9.0,4.0,5.0,11.0,0.0,0.45,ok,,20260918,20260918
20260918,603262.SH,技源集团,801124.SI,食品加工,L2,20,20,20,9.0,4.0,5.0,11.0,0.0,0.45,ok,,20260918,20260918
20260918,002078.SZ,太阳纸业,801143.SI,造纸,L2,20,20,20,9.0,3.0,6.0,11.0,0.0,0.45,ok,,20260918,20260918
20260918,300497.SZ,富祥股份,801151.SI,化学制药,L2,20,20,20,9.0,7.0,2.0,11.0,0.0,0.45,ok,,20260918,20260918
20260918,301122.SZ,采纳股份,801153.SI,医疗器械,L2,20,20,20,9.0,6.0,3.0,11.0,0.0,0.45,ok,,20260918,20260918
20260918,688253.SH,英诺特,801153.SI,医疗器械,L2,20,20,20,9.0,3.0,6.0,11.0,0.0,0.45,ok,,20260918,20260918
20260918,605580.SH,恒盛能源,801161.SI,电力,L2,20,20,20,9.0,5.0,4.0,11.0,0.0,0.45,ok,,20260918,20260918
20260918,601598.SH,中国外运,801178.SI,物流,L2,20,20,20,9.0,5.0,4.0,11.0,0.0,0.45,ok,,20260918,20260918
20260918,600819.SH,耀皮玻璃,801712.SI,玻璃玻纤,L2,20,20,20,9.0,6.0,3.0,11.0,0.0,0.45,ok,,20260918,20260918
20260918,002457.SZ,青龙管业,801713.SI,装修建材,L2,20,20,20,9.0,6.0,3.0,11.0,0.0,0.45,ok,,20260918,20260918
20260918,603038.SH,华立股份,801713.SI,装修建材,L2,20,20,20,9.0,4.0,5.0,11.0,0.0,0.45,ok,,20260918,20260918
20260918,002811.SZ,郑中设计,801722.SI,装修装饰Ⅱ,L2,20,20,20,9.0,5.0,4.0,11.0,0.0,0.45,ok,,20260918,20260918
20260918,603316.SH,诚邦股份,801723.SI,基础建设,L2,20,20,20,9.0,5.0,4.0,11.0,0.0,0.45,ok,,20260918,20260918
20260918,003001.SZ,中岩大地,801724.SI,专业工程,L2,20,20,20,9.0,4.0,5.0,11.0,0.0,0.45,ok,,20260918,20260918
20260918,600212.SH,绿能慧充,801733.SI,其他电源设备Ⅱ,L2,20,20,20,9.0,4.0,5.0,11.0,0.0,0.45,ok,,20260918,20260918
20260918,920770.BJ,艾能聚,801735.SI,光伏设备,L2,20,20,20,9.0,2.0,7.0,11.0,0.0,0.45,ok,,20260918,20260918
20260918,000009.SZ,中国宝安,801737.SI,电池,L2,20,20,20,9.0,2.0,7.0,11.0,0.0,0.45,ok,,20260918,20260918
20260918,301152.SZ,天力锂能,801737.SI,电池,L2,20,20,20,9.0,2.0,7.0,11.0,0.0,0.45,ok,,20260918,20260918
20260918,688573.SH,信宇人,801737.SI,电池,L2,20,20,20,9.0,2.0,7.0,11.0,0.0,0.45,ok,,20260918,20260918
20260918,920185.BJ,贝特瑞,801737.SI,电池,L2,20,20,20,9.0,2.0,7.0,11.0,0.0,0.45,ok,,20260918,20260918
20260918,001393.SZ,维通利,801738.SI,电网设备,L2,20,20,20,9.0,4.0,5.0,11.0,0.0,0.45,ok,,20260918,20260918
20260918,301012.SZ,扬电科技,801738.SI,电网设备,L2,20,20,20,9.0,2.0,7.0,11.0,0.0,0.45,ok,,20260918,20260918
20260918,301386.SZ,未来电器,801738.SI,电网设备,L2,20,20,20,9.0,3.0,6.0,11.0,0.0,0.45,ok,,20260918,20260918
20260918,301668.SZ,昊创瑞通,801738.SI,电网设备,L2,20,20,20,9.0,3.0,6.0,11.0,0.0,0.45,ok,,20260918,20260918
20260918,920111.BJ,聚星科技,801738.SI,电网设备,L2,20,20,20,9.0,3.0,6.0,11.0,0.0,0.45,ok,,20260918,20260918
20260918,302132.SZ,中航成飞,801745.SI,军工电子Ⅱ,L2,20,20,20,9.0,3.0,6.0,11.0,0.0,0.45,ok,,20260918,20260918
20260918,603787.SH,新日股份,801881.SI,摩托车及其他,L2,20,20,20,9.0,5.0,4.0,11.0,0.0,0.45,ok,,20260918,20260918
20260918,000096.SZ,广聚能源,801963.SI,炼化及贸易,L2,20,20,20,9.0,3.0,6.0,11.0,0.0,0.45,ok,,20260918,20260918
20260918,300056.SZ,中创环保,801971.SI,环境治理,L2,20,20,20,9.0,4.0,5.0,11.0,0.0,0.45,ok,,20260918,20260918
20260918,601033.SH,永兴股份,801971.SI,环境治理,L2,20,20,20,9.0,5.0,4.0,11.0,0.0,0.45,ok,,20260918,20260918
20260918,301081.SZ,严牌股份,801972.SI,环保设备Ⅱ,L2,20,20,20,9.0,6.0,3.0,11.0,0.0,0.45,ok,,20260918,20260918
20260918,301108.SZ,洁雅股份,801981.SI,个护用品,L2,20,20,20,9.0,5.0,4.0,11.0,0.0,0.45,ok,,20260918,20260918
20260918,300492.SZ,华图山鼎,801994.SI,教育,L2,20,20,20,9.0,5.0,4.0,11.0,0.0,0.45,ok,,20260918,20260918
20260918,002096.SZ,易普力,801034.SI,化学制品,L2,20,20,18,8.0,4.0,4.0,10.0,2.0,0.4444444444444444,ok,,20260918,20260918
20260918,300920.SZ,润阳科技,801036.SI,塑料,L2,20,20,18,8.0,4.0,4.0,10.0,2.0,0.4444444444444444,ok,,20260918,20260918
20260918,000595.SZ,新能股份,801072.SI,通用设备,L2,20,20,18,8.0,4.0,4.0,10.0,2.0,0.4444444444444444,ok,,20260918,20260918
20260918,002884.SZ,凌霄泵业,801072.SI,通用设备,L2,20,20,18,8.0,2.0,6.0,10.0,2.0,0.4444444444444444,ok,,20260918,20260918
20260918,002526.SZ,山东矿机,801074.SI,专用设备,L2,20,20,18,8.0,2.0,6.0,10.0,2.0,0.4444444444444444,ok,,20260918,20260918
20260918,002690.SZ,美亚光电,801074.SI,专用设备,L2,20,20,18,8.0,3.0,5.0,10.0,2.0,0.4444444444444444,ok,,20260918,20260918
20260918,600232.SH,金鹰股份,801074.SI,专用设备,L2,20,20,18,8.0,3.0,5.0,10.0,2.0,0.4444444444444444,ok,,20260918,20260918
20260918,600579.SH,中化装备,801074.SI,专用设备,L2,20,20,18,8.0,2.0,6.0,10.0,2.0,0.4444444444444444,ok,,20260918,20260918
20260918,300098.SZ,高新兴,801102.SI,通信设备,L2,20,20,18,8.0,3.0,5.0,10.0,2.0,0.4444444444444444,ok,,20260918,20260918
20260918,003037.SZ,三和管桩,801711.SI,水泥,L2,20,20,18,8.0,5.0,3.0,10.0,2.0,0.4444444444444444,ok,,20260918,20260918
20260918,300374.SZ,中铁装配,801713.SI,装修建材,L2,20,20,18,8.0,4.0,4.0,10.0,2.0,0.4444444444444444,ok,,20260918,20260918
20260918,002052.SZ,同洲电子,801733.SI,其他电源设备Ⅱ,L2,20,20,18,8.0,3.0,5.0,10.0,2.0,0.4444444444444444,ok,,20260918,20260918
20260918,002632.SZ,道明光学,801036.SI,塑料,L2,20,20,19,8.0,4.0,4.0,11.0,1.0,0.42105263157894735,ok,,20260918,20260918
20260918,605008.SH,长鸿高科,801036.SI,塑料,L2,20,20,19,8.0,5.0,3.0,11.0,1.0,0.42105263157894735,ok,,20260918,20260918
20260918,688087.SH,英科再生,801036.SI,塑料,L2,20,20,19,8.0,2.0,6.0,11.0,1.0,0.42105263157894735,ok,,20260918,20260918
20260918,002342.SZ,巨力索具,801072.SI,通用设备,L2,20,20,19,8.0,4.0,4.0,11.0,1.0,0.42105263157894735,ok,,20260918,20260918
20260918,301311.SZ,昆船智能,801072.SI,通用设备,L2,20,20,19,8.0,3.0,5.0,11.0,1.0,0.42105263157894735,ok,,20260918,20260918
20260918,002204.SZ,大连重工,801074.SI,专用设备,L2,20,20,19,8.0,3.0,5.0,11.0,1.0,0.42105263157894735,ok,,20260918,20260918
20260918,002483.SZ,润邦股份,801074.SI,专用设备,L2,20,20,19,8.0,4.0,4.0,11.0,1.0,0.42105263157894735,ok,,20260918,20260918
20260918,002662.SZ,峰璟股份,801093.SI,汽车零部件,L2,20,20,19,8.0,4.0,4.0,11.0,1.0,0.42105263157894735,ok,,20260918,20260918
20260918,002715.SZ,登云股份,801093.SI,汽车零部件,L2,20,20,19,8.0,4.0,4.0,11.0,1.0,0.42105263157894735,ok,,20260918,20260918
20260918,300585.SZ,奥联电子,801093.SI,汽车零部件,L2,20,20,19,8.0,4.0,4.0,11.0,1.0,0.42105263157894735,ok,,20260918,20260918
20260918,601500.SH,通用股份,801093.SI,汽车零部件,L2,20,20,19,8.0,4.0,4.0,11.0,1.0,0.42105263157894735,ok,,20260918,20260918
20260918,603730.SH,岱美股份,801093.SI,汽车零部件,L2,20,20,19,8.0,5.0,3.0,11.0,1.0,0.42105263157894735,ok,,20260918,20260918
20260918,002017.SZ,东信和平,801102.SI,通信设备,L2,20,20,19,8.0,3.0,5.0,11.0,1.0,0.42105263157894735,ok,,20260918,20260918
20260918,920374.BJ,云里物里,801102.SI,通信设备,L2,20,20,19,8.0,4.0,4.0,11.0,1.0,0.42105263157894735,ok,,20260918,20260918
20260918,688793.SH,倍轻松,801113.SI,小家电,L2,20,20,19,8.0,2.0,6.0,11.0,1.0,0.42105263157894735,ok,,20260918,20260918
20260918,301062.SZ,上海艾录,801141.SI,包装印刷,L2,20,20,19,8.0,4.0,4.0,11.0,1.0,0.42105263157894735,ok,,20260918,20260918
20260918,002930.SZ,宏川智慧,801178.SI,物流,L2,20,20,19,8.0,6.0,2.0,11.0,1.0,0.42105263157894735,ok,,20260918,20260918
20260918,600586.SH,金晶科技,801712.SI,玻璃玻纤,L2,20,20,19,8.0,4.0,4.0,11.0,1.0,0.42105263157894735,ok,,20260918,20260918
20260918,600416.SH,湘电股份,801731.SI,电机Ⅱ,L2,20,20,19,8.0,5.0,3.0,11.0,1.0,0.42105263157894735,ok,,20260918,20260918
20260918,301388.SZ,欣灵电气,801738.SI,电网设备,L2,20,20,19,8.0,2.0,6.0,11.0,1.0,0.42105263157894735,ok,,20260918,20260918
20260918,300994.SZ,久祺股份,801881.SI,摩托车及其他,L2,20,20,19,8.0,4.0,4.0,11.0,1.0,0.42105263157894735,ok,,20260918,20260918
20260918,002476.SZ,新叶股份,801963.SI,炼化及贸易,L2,20,20,19,8.0,2.0,6.0,11.0,1.0,0.42105263157894735,ok,,20260918,20260918
20260918,601106.SH,中国一重,801074.SI,专用设备,L2,20,20,17,7.0,3.0,4.0,10.0,3.0,0.4117647058823529,ok,,20260918,20260918
20260918,002537.SZ,海联金汇,801093.SI,汽车零部件,L2,20,20,17,7.0,2.0,5.0,10.0,3.0,0.4117647058823529,ok,,20260918,20260918
20260918,600854.SH,春兰股份,801111.SI,白色家电,L2,20,20,17,7.0,5.0,2.0,10.0,3.0,0.4117647058823529,ok,,20260918,20260918
20260918,920304.BJ,迪尔化工,801033.SI,化学原料,L2,20,20,20,8.0,2.0,6.0,12.0,0.0,0.4,ok,,20260918,20260918
20260918,003002.SZ,壶化股份,801034.SI,化学制品,L2,20,20,20,8.0,4.0,4.0,12.0,0.0,0.4,ok,,20260918,20260918
20260918,603279.SH,景津装备,801072.SI,通用设备,L2,20,20,20,8.0,3.0,5.0,12.0,0.0,0.4,ok,,20260918,20260918
20260918,920679.BJ,前进科技,801072.SI,通用设备,L2,20,20,20,8.0,3.0,5.0,12.0,0.0,0.4,ok,,20260918,20260918
20260918,920833.BJ,美心翼申,801072.SI,通用设备,L2,20,20,20,8.0,4.0,4.0,12.0,0.0,0.4,ok,,20260918,20260918
20260918,601717.SH,中创智领,801074.SI,专用设备,L2,20,20,20,8.0,2.0,6.0,12.0,0.0,0.4,ok,,20260918,20260918
20260918,688209.SH,英集芯,801081.SI,半导体,L2,20,20,20,8.0,3.0,5.0,12.0,0.0,0.4,ok,,20260918,20260918
20260918,301535.SZ,浙江华远,801093.SI,汽车零部件,L2,20,20,20,8.0,3.0,5.0,12.0,0.0,0.4,ok,,20260918,20260918
20260918,920436.BJ,大地电气,801093.SI,汽车零部件,L2,20,20,20,8.0,3.0,5.0,12.0,0.0,0.4,ok,,20260918,20260918
20260918,002912.SZ,中新赛克,801101.SI,计算机设备,L2,20,20,20,8.0,3.0,5.0,12.0,0.0,0.4,ok,,20260918,20260918
20260918,603221.SH,爱丽家居,801142.SI,家居用品,L2,20,20,20,8.0,6.0,2.0,12.0,0.0,0.4,ok,,20260918,20260918
20260918,603389.SH,亚振家居,801142.SI,家居用品,L2,20,20,20,8.0,6.0,2.0,12.0,0.0,0.4,ok,,20260918,20260918
20260918,605177.SH,东亚药业,801151.SI,化学制药,L2,20,20,20,8.0,4.0,4.0,12.0,0.0,0.4,ok,,20260918,20260918
20260918,688301.SH,奕瑞科技,801153.SI,医疗器械,L2,20,20,20,8.0,3.0,5.0,12.0,0.0,0.4,ok,,20260918,20260918
20260918,605162.SH,新中港,801161.SI,电力,L2,20,20,20,8.0,5.0,3.0,12.0,0.0,0.4,ok,,20260918,20260918
20260918,002580.SZ,圣阳股份,801737.SI,电池,L2,20,20,20,8.0,3.0,5.0,12.0,0.0,0.4,ok,,20260918,20260918
20260918,688339.SH,亿华通,801737.SI,电池,L2,20,20,20,8.0,3.0,5.0,12.0,0.0,0.4,ok,,20260918,20260918
20260918,920237.BJ,力佳科技,801737.SI,电池,L2,20,20,20,8.0,1.0,7.0,12.0,0.0,0.4,ok,,20260918,20260918
20260918,002339.SZ,积成电子,801738.SI,电网设备,L2,20,20,20,8.0,2.0,6.0,12.0,0.0,0.4,ok,,20260918,20260918
20260918,000571.SZ,新大洲A,801951.SI,煤炭开采,L2,20,20,20,8.0,2.0,6.0,12.0,0.0,0.4,ok,,20260918,20260918
20260918,603903.SH,中持股份,801971.SI,环境治理,L2,20,20,20,8.0,3.0,5.0,12.0,0.0,0.4,ok,,20260918,20260918
20260918,605098.SH,行动教育,801994.SI,教育,L2,20,20,20,8.0,6.0,2.0,12.0,0.0,0.4,ok,,20260918,20260918
20260918,000007.SZ,全新好,801203.SI,一般零售,L2,20,20,18,7.0,5.0,2.0,11.0,2.0,0.3888888888888889,ok,,20260918,20260918
20260918,301046.SZ,能辉科技,801724.SI,专业工程,L2,20,20,18,7.0,5.0,2.0,11.0,2.0,0.3888888888888889,ok,,20260918,20260918
20260918,688659.SH,元琛科技,801034.SI,化学制品,L2,20,20,19,7.0,3.0,4.0,12.0,1.0,0.3684210526315789,ok,,20260918,20260918
20260918,920016.BJ,中草香料,801034.SI,化学制品,L2,20,20,19,7.0,3.0,4.0,12.0,1.0,0.3684210526315789,ok,,20260918,20260918
20260918,300050.SZ,世纪鼎利,801223.SI,通信服务,L2,20,20,19,7.0,3.0,4.0,12.0,1.0,0.3684210526315789,ok,,20260918,20260918
20260918,301557.SZ,常友科技,801736.SI,风电设备,L2,20,20,19,7.0,5.0,2.0,12.0,1.0,0.3684210526315789,ok,,20260918,20260918
20260918,688611.SH,杭州柯林,801738.SI,电网设备,L2,20,20,19,7.0,2.0,5.0,12.0,1.0,0.3684210526315789,ok,,20260918,20260918
20260918,002214.SZ,大立科技,801745.SI,军工电子Ⅱ,L2,20,20,19,7.0,6.0,1.0,12.0,1.0,0.3684210526315789,ok,,20260918,20260918
20260918,002973.SZ,侨银股份,801971.SI,环境治理,L2,20,20,19,7.0,5.0,2.0,12.0,1.0,0.3684210526315789,ok,,20260918,20260918
20260918,000521.SZ,长虹美菱,801111.SI,白色家电,L2,20,20,17,6.0,2.0,4.0,11.0,3.0,0.35294117647058826,ok,,20260918,20260918
20260918,920957.BJ,汉维科技,801034.SI,化学制品,L2,20,20,20,7.0,3.0,4.0,13.0,0.0,0.35,ok,,20260918,20260918
20260918,920225.BJ,利通科技,801037.SI,橡胶,L2,20,20,20,7.0,4.0,3.0,13.0,0.0,0.35,ok,,20260918,20260918
20260918,002824.SZ,和胜股份,801055.SI,工业金属,L2,20,20,20,7.0,4.0,3.0,13.0,0.0,0.35,ok,,20260918,20260918
20260918,603115.SH,海星股份,801055.SI,工业金属,L2,20,20,20,7.0,4.0,3.0,13.0,0.0,0.35,ok,,20260918,20260918
20260918,920689.BJ,克莱特,801072.SI,通用设备,L2,20,20,20,7.0,4.0,3.0,13.0,0.0,0.35,ok,,20260918,20260918
20260918,300095.SZ,华伍股份,801074.SI,专用设备,L2,20,20,20,7.0,5.0,2.0,13.0,0.0,0.35,ok,,20260918,20260918
20260918,300951.SZ,博硕科技,801085.SI,消费电子,L2,20,20,20,7.0,5.0,2.0,13.0,0.0,0.35,ok,,20260918,20260918
20260918,001387.SZ,雪祺电气,801111.SI,白色家电,L2,20,20,20,7.0,2.0,5.0,13.0,0.0,0.35,ok,,20260918,20260918
20260918,600336.SH,澳柯玛,801111.SI,白色家电,L2,20,20,20,7.0,3.0,4.0,13.0,0.0,0.35,ok,,20260918,20260918
20260918,605365.SH,立达信,801115.SI,照明设备Ⅱ,L2,20,20,20,7.0,3.0,4.0,13.0,0.0,0.35,ok,,20260918,20260918
20260918,301055.SZ,张小泉,801142.SI,家居用品,L2,20,20,20,7.0,5.0,2.0,13.0,0.0,0.35,ok,,20260918,20260918
20260918,300873.SZ,海晨股份,801178.SI,物流,L2,20,20,20,7.0,2.0,5.0,13.0,0.0,0.35,ok,,20260918,20260918
20260918,300649.SZ,杭州园林,801723.SI,基础建设,L2,20,20,20,7.0,5.0,2.0,13.0,0.0,0.35,ok,,20260918,20260918
20260918,300619.SZ,金银河,801737.SI,电池,L2,20,20,20,7.0,2.0,5.0,13.0,0.0,0.35,ok,,20260918,20260918
20260918,920152.BJ,昆工科技,801737.SI,电池,L2,20,20,20,7.0,1.0,6.0,13.0,0.0,0.35,ok,,20260918,20260918
20260918,300628.SZ,亿联网络,801102.SI,通信设备,L2,20,20,18,6.0,3.0,3.0,12.0,2.0,0.3333333333333333,ok,,20260918,20260918
20260918,603235.SH,天新药业,801034.SI,化学制品,L2,20,20,19,6.0,5.0,1.0,13.0,1.0,0.3157894736842105,ok,,20260918,20260918
20260918,600320.SH,振华重工,801074.SI,专用设备,L2,20,20,20,6.0,2.0,4.0,14.0,0.0,0.3,ok,,20260918,20260918
20260918,000985.SZ,大庆华科,801963.SI,炼化及贸易,L2,20,20,20,6.0,3.0,3.0,14.0,0.0,0.3,ok,,20260918,20260918
20260918,301179.SZ,泽宇智能,801738.SI,电网设备,L2,20,20,20,5.0,1.0,4.0,15.0,0.0,0.25,ok,,20260918,20260918
20260918,600265.SH,*ST景谷,801011.SI,林业Ⅱ,L2,20,0,0,,,,,,,st_excluded,ST stock excluded by default,20260918,
20260918,000911.SZ,*ST广糖,801012.SI,农产品加工,L2,20,0,0,,,,,,,st_excluded,ST stock excluded by default,20260918,20260918
20260918,920023.BJ,*ST田野,801012.SI,农产品加工,L2,20,0,0,,,,,,,st_excluded,ST stock excluded by default,20260918,20260918
20260918,300087.SZ,ST荃银,801016.SI,种植业,L2,20,0,0,,,,,,,st_excluded,ST stock excluded by default,20260918,20260918
20260918,600965.SH,*ST福成,801017.SI,养殖业,L2,20,0,0,,,,,,,st_excluded,ST stock excluded by default,20260918,20260918
20260918,000677.SZ,ST海龙,801032.SI,化学纤维,L2,20,0,0,,,,,,,st_excluded,ST stock excluded by default,20260918,20260918
20260918,600370.SH,*ST三房,801032.SI,化学纤维,L2,20,0,0,,,,,,,st_excluded,ST stock excluded by default,20260918,20260918
20260918,600889.SH,*ST京化,801032.SI,化学纤维,L2,20,0,0,,,,,,,st_excluded,ST stock excluded by default,20260918,20260918
20260918,002109.SZ,ST兴化,801033.SI,化学原料,L2,20,0,0,,,,,,,st_excluded,ST stock excluded by default,20260918,20260918
20260918,600423.SH,*ST柳化,801033.SI,化学原料,L2,20,0,0,,,,,,,st_excluded,ST stock excluded by default,20260918,20260918
20260918,002211.SZ,ST宏达,801034.SI,化学制品,L2,20,0,0,,,,,,,st_excluded,ST stock excluded by default,20260918,20260918
20260918,002360.SZ,ST同德,801034.SI,化学制品,L2,20,0,0,,,,,,,st_excluded,ST stock excluded by default,20260918,20260918
20260918,603822.SH,ST嘉澳,801034.SI,化学制品,L2,20,0,0,,,,,,,st_excluded,ST stock excluded by default,20260918,20260918
20260918,688089.SH,ST嘉必优,801034.SI,化学制品,L2,20,0,0,,,,,,,st_excluded,ST stock excluded by default,20260918,20260918
20260918,002538.SZ,ST司特,801038.SI,农化制品,L2,20,0,0,,,,,,,st_excluded,ST stock excluded by default,20260918,20260918
20260918,600581.SH,*ST八钢,801044.SI,普钢,L2,20,0,0,,,,,,,st_excluded,ST stock excluded by default,20260918,20260918
20260918,002501.SZ,*ST利源,801055.SI,工业金属,L2,20,0,0,,,,,,,st_excluded,ST stock excluded by default,20260918,20260918
20260918,002122.SZ,ST汇洲,801072.SI,通用设备,L2,20,0,0,,,,,,,st_excluded,ST stock excluded by default,20260918,20260918
20260918,002175.SZ,*ST东智,801072.SI,通用设备,L2,20,0,0,,,,,,,st_excluded,ST stock excluded by default,20260918,20260918
20260918,002514.SZ,*ST宝馨,801072.SI,通用设备,L2,20,0,0,,,,,,,st_excluded,ST stock excluded by default,20260918,20260918
20260918,002598.SZ,ST章鼓,801072.SI,通用设备,L2,20,0,0,,,,,,,st_excluded,ST stock excluded by default,20260918,20260918
20260918,300091.SZ,*ST金灵,801072.SI,通用设备,L2,20,0,0,,,,,,,st_excluded,ST stock excluded by default,20260918,20260918
20260918,300430.SZ,*ST益通,801072.SI,通用设备,L2,20,0,0,,,,,,,st_excluded,ST stock excluded by default,20260918,20260918
20260918,600243.SH,*ST海华,801072.SI,通用设备,L2,20,0,0,,,,,,,st_excluded,ST stock excluded by default,20260918,20260918
20260918,600889.SH,*ST京化,801072.SI,通用设备,L2,20,0,0,,,,,,,st_excluded,ST stock excluded by default,20260918,20260918
20260918,688622.SH,*ST禾信,801072.SI,通用设备,L2,20,0,0,,,,,,,st_excluded,ST stock excluded by default,20260918,20260918
20260918,002667.SZ,*ST威领,801074.SI,专用设备,L2,20,0,0,,,,,,,st_excluded,ST stock excluded by default,20260918,20260918
20260918,002689.SZ,ST远智,801074.SI,专用设备,L2,20,0,0,,,,,,,st_excluded,ST stock excluded by default,20260918,20260918
20260918,002691.SZ,*ST冀凯,801074.SI,专用设备,L2,20,0,0,,,,,,,st_excluded,ST stock excluded by default,20260918,20260918
20260918,002816.SZ,*ST和科,801074.SI,专用设备,L2,20,0,0,,,,,,,st_excluded,ST stock excluded by default,20260918,20260918
20260918,300472.SZ,ST新元,801074.SI,专用设备,L2,20,0,0,,,,,,,st_excluded,ST stock excluded by default,20260918,20260918
20260918,600169.SH,ST太重,801074.SI,专用设备,L2,20,0,0,,,,,,,st_excluded,ST stock excluded by default,20260918,20260918
20260918,600302.SH,ST标准,801074.SI,专用设备,L2,20,0,0,,,,,,,st_excluded,ST stock excluded by default,20260918,20260918
20260918,603789.SH,ST星农,801074.SI,专用设备,L2,20,0,0,,,,,,,st_excluded,ST stock excluded by default,20260918,20260918
20260918,688022.SH,ST瀚川,801074.SI,专用设备,L2,20,0,0,,,,,,,st_excluded,ST stock excluded by default,20260918,20260918
20260918,688121.SH,*ST卓然,801074.SI,专用设备,L2,20,0,0,,,,,,,st_excluded,ST stock excluded by default,20260918,20260918
20260918,300594.SZ,ST朗进,801076.SI,轨交设备Ⅱ,L2,20,0,0,,,,,,,st_excluded,ST stock excluded by default,20260918,20260918
20260918,688033.SH,*ST天宜,801076.SI,轨交设备Ⅱ,L2,20,0,0,,,,,,,st_excluded,ST stock excluded by default,20260918,20260918
20260918,300831.SZ,ST派瑞,801081.SI,半导体,L2,20,0,0,,,,,,,st_excluded,ST stock excluded by default,20260918,20260918
20260918,600745.SH,*ST闻泰,801081.SI,半导体,L2,20,0,0,,,,,,,st_excluded,ST stock excluded by default,20260918,20260918
20260918,688270.SH,ST臻镭,801081.SI,半导体,L2,20,0,0,,,,,,,st_excluded,ST stock excluded by default,20260918,20260918
20260918,300460.SZ,ST惠伦,801083.SI,元件,L2,20,0,0,,,,,,,st_excluded,ST stock excluded by default,20260918,20260918
20260918,002217.SZ,ST合力泰,801084.SI,光学光电子,L2,20,0,0,,,,,,,st_excluded,ST stock excluded by default,20260918,20260918
20260918,300076.SZ,*ST宁视,801084.SI,光学光电子,L2,20,0,0,,,,,,,st_excluded,ST stock excluded by default,20260918,20260918
20260918,300301.SZ,ST长方,801084.SI,光学光电子,L2,20,0,0,,,,,,,st_excluded,ST stock excluded by default,20260918,20260918
20260918,688496.SH,*ST清越,801084.SI,光学光电子,L2,20,0,0,,,,,,,st_excluded,ST stock excluded by default,20260918,20260918
20260918,002055.SZ,ST得润,801085.SI,消费电子,L2,20,0,0,,,,,,,st_excluded,ST stock excluded by default,20260918,20260918
20260918,603595.SH,ST东尼,801085.SI,消费电子,L2,20,0,0,,,,,,,st_excluded,ST stock excluded by default,20260918,20260918
20260918,000903.SZ,ST云动,801093.SI,汽车零部件,L2,20,0,0,,,,,,,st_excluded,ST stock excluded by default,20260918,20260918
20260918,002547.SZ,*ST春兴,801093.SI,汽车零部件,L2,20,0,0,,,,,,,st_excluded,ST stock excluded by default,20260918,20260918
20260918,002592.SZ,ST八菱,801093.SI,汽车零部件,L2,20,0,0,,,,,,,st_excluded,ST stock excluded by default,20260918,20260918
20260918,300237.SZ,ST美晨,801093.SI,汽车零部件,L2,20,0,0,,,,,,,st_excluded,ST stock excluded by default,20260918,20260918
20260918,603922.SH,ST金鸿顺,801093.SI,汽车零部件,L2,20,0,0,,,,,,,st_excluded,ST stock excluded by default,20260918,20260918
20260918,002512.SZ,ST达华,801101.SI,计算机设备,L2,20,0,0,,,,,,,st_excluded,ST stock excluded by default,20260918,20260918
20260918,002528.SZ,*ST英飞,801101.SI,计算机设备,L2,20,0,0,,,,,,,st_excluded,ST stock excluded by default,20260918,20260918
20260918,300462.SZ,ST华铭,801101.SI,计算机设备,L2,20,0,0,,,,,,,st_excluded,ST stock excluded by default,20260918,20260918
20260918,301117.SZ,ST佳缘,801101.SI,计算机设备,L2,20,0,0,,,,,,,st_excluded,ST stock excluded by default,20260918,20260918
20260918,920090.BJ,*ST同辉,801101.SI,计算机设备,L2,20,0,0,,,,,,,st_excluded,ST stock excluded by default,20260918,20260918
20260918,300205.SZ,*ST天喻,801102.SI,通信设备,L2,20,0,0,,,,,,,st_excluded,ST stock excluded by default,20260918,20260918
20260918,300555.SZ,ST路通,801102.SI,通信设备,L2,20,0,0,,,,,,,st_excluded,ST stock excluded by default,20260918,20260918
20260918,600734.SH,*ST实达,801102.SI,通信设备,L2,20,0,0,,,,,,,st_excluded,ST stock excluded by default,20260918,20260918
20260918,300020.SZ,ST银江,801103.SI,IT服务Ⅱ,L2,20,0,0,,,,,,,st_excluded,ST stock excluded by default,20260918,20260918
20260918,300044.SZ,*ST赛为,801103.SI,IT服务Ⅱ,L2,20,0,0,,,,,,,st_excluded,ST stock excluded by default,20260918,20260918
20260918,300096.SZ,ST易联众,801103.SI,IT服务Ⅱ,L2,20,0,0,,,,,,,st_excluded,ST stock excluded by default,20260918,20260918
20260918,300167.SZ,ST迪威迅,801103.SI,IT服务Ⅱ,L2,20,0,0,,,,,,,st_excluded,ST stock excluded by default,20260918,20260918
20260918,300212.SZ,*ST易录,801103.SI,IT服务Ⅱ,L2,20,0,0,,,,,,,st_excluded,ST stock excluded by default,20260918,20260918
20260918,300245.SZ,ST天玑,801103.SI,IT服务Ⅱ,L2,20,0,0,,,,,,,st_excluded,ST stock excluded by default,20260918,20260918
20260918,300290.SZ,ST荣科,801103.SI,IT服务Ⅱ,L2,20,0,0,,,,,,,st_excluded,ST stock excluded by default,20260918,20260918
20260918,300419.SZ,ST浩丰,801103.SI,IT服务Ⅱ,L2,20,0,0,,,,,,,st_excluded,ST stock excluded by default,20260918,20260918
20260918,600476.SH,*ST湘邮,801103.SI,IT服务Ⅱ,L2,20,0,0,,,,,,,st_excluded,ST stock excluded by default,20260918,20260918
20260918,603869.SH,ST智知,801103.SI,IT服务Ⅱ,L2,20,0,0,,,,,,,st_excluded,ST stock excluded by default,20260918,20260918
20260918,688066.SH,*ST航图,801103.SI,IT服务Ⅱ,L2,20,0,0,,,,,,,st_excluded,ST stock excluded by default,20260918,20260918
20260918,300352.SZ,ST信源,801104.SI,软件开发,L2,20,0,0,,,,,,,st_excluded,ST stock excluded by default,20260918,20260918
20260918,300366.SZ,ST创意,801104.SI,软件开发,L2,20,0,0,,,,,,,st_excluded,ST stock excluded by default,20260918,20260918
20260918,603189.SH,*ST网达,801104.SI,软件开发,L2,20,0,0,,,,,,,st_excluded,ST stock excluded by default,20260918,20260918
20260918,688201.SH,ST信安,801104.SI,软件开发,L2,20,0,0,,,,,,,st_excluded,ST stock excluded by default,20260918,20260918
20260918,000016.SZ,*ST康佳A,801111.SI,白色家电,L2,20,0,0,,,,,,,st_excluded,ST stock excluded by default,20260918,20260918
20260918,605336.SH,*ST帅电,801114.SI,厨卫电器,L2,20,0,0,,,,,,,st_excluded,ST stock excluded by default,20260918,20260918
20260918,000639.SZ,ST西王,801124.SI,食品加工,L2,20,0,0,,,,,,,st_excluded,ST stock excluded by default,20260918,20260918
20260918,002726.SZ,ST龙大,801124.SI,食品加工,L2,20,0,0,,,,,,,st_excluded,ST stock excluded by default,20260918,20260918
20260918,600381.SH,*ST春天,801124.SI,食品加工,L2,20,0,0,,,,,,,st_excluded,ST stock excluded by default,20260918,20260918
20260918,600530.SH,ST交昂,801124.SI,食品加工,L2,20,0,0,,,,,,,st_excluded,ST stock excluded by default,20260918,20260918
20260918,000752.SZ,*ST西发,801126.SI,非白酒,L2,20,0,0,,,,,,,st_excluded,ST stock excluded by default,20260918,20260918
20260918,600084.SH,*ST尼雅,801126.SI,非白酒,L2,20,0,0,,,,,,,st_excluded,ST stock excluded by default,20260918,20260918
20260918,600238.SH,ST椰岛,801126.SI,非白酒,L2,20,0,0,,,,,,,st_excluded,ST stock excluded by default,20260918,20260918
20260918,600543.SH,*ST莫高,801126.SI,非白酒,L2,20,0,0,,,,,,,st_excluded,ST stock excluded by default,20260918,20260918
20260918,002719.SZ,ST麦趣,801128.SI,休闲食品,L2,20,0,0,,,,,,,st_excluded,ST stock excluded by default,20260918,20260918
20260918,603517.SH,ST绝味,801128.SI,休闲食品,L2,20,0,0,,,,,,,st_excluded,ST stock excluded by default,20260918,20260918
20260918,002650.SZ,ST加加,801129.SI,调味发酵品Ⅱ,L2,20,0,0,,,,,,,st_excluded,ST stock excluded by default,20260918,20260918
20260918,002193.SZ,ST如意,801132.SI,服装家纺,L2,20,0,0,,,,,,,st_excluded,ST stock excluded by default,20260918,20260918
20260918,002569.SZ,*ST步森,801132.SI,服装家纺,L2,20,0,0,,,,,,,st_excluded,ST stock excluded by default,20260918,20260918
20260918,002634.SZ,*ST棒杰,801132.SI,服装家纺,L2,20,0,0,,,,,,,st_excluded,ST stock excluded by default,20260918,20260918
20260918,600107.SH,*ST尔雅,801132.SI,服装家纺,L2,20,0,0,,,,,,,st_excluded,ST stock excluded by default,20260918,20260918
20260918,601718.SH,ST际华,801132.SI,服装家纺,L2,20,0,0,,,,,,,st_excluded,ST stock excluded by default,20260918,20260918
20260918,603557.SH,*ST起步,801132.SI,服装家纺,L2,20,0,0,,,,,,,st_excluded,ST stock excluded by default,20260918,20260918
20260918,002731.SZ,*ST萃华,801133.SI,饰品,L2,20,0,0,,,,,,,st_excluded,ST stock excluded by default,20260918,20260918
20260918,600439.SH,ST瑞贝卡,801133.SI,饰品,L2,20,0,0,,,,,,,st_excluded,ST stock excluded by default,20260918,20260918
20260918,600735.SH,ST新华锦,801133.SI,饰品,L2,20,0,0,,,,,,,st_excluded,ST stock excluded by default,20260918,20260918
20260918,603429.SH,*ST集友,801141.SI,包装印刷,L2,20,0,0,,,,,,,st_excluded,ST stock excluded by default,20260918,20260918
20260918,600337.SH,ST美克,801142.SI,家居用品,L2,20,0,0,,,,,,,st_excluded,ST stock excluded by default,20260918,20260918
20260918,603008.SH,ST喜临门,801142.SI,家居用品,L2,20,0,0,,,,,,,st_excluded,ST stock excluded by default,20260918,20260918
20260918,603021.SH,*ST华鹏,801142.SI,家居用品,L2,20,0,0,,,,,,,st_excluded,ST stock excluded by default,20260918,20260918
20260918,603272.SH,*ST联翔,801142.SI,家居用品,L2,20,0,0,,,,,,,st_excluded,ST stock excluded by default,20260918,20260918
20260918,603838.SH,*ST四通,801142.SI,家居用品,L2,20,0,0,,,,,,,st_excluded,ST stock excluded by default,20260918,20260918
20260918,000488.SZ,ST晨鸣,801143.SI,造纸,L2,20,0,0,,,,,,,st_excluded,ST stock excluded by default,20260918,20260918
20260918,002102.SZ,ST能特,801151.SI,化学制药,L2,20,0,0,,,,,,,st_excluded,ST stock excluded by default,20260918,20260918
20260918,002872.SZ,ST天圣,801151.SI,化学制药,L2,20,0,0,,,,,,,st_excluded,ST stock excluded by default,20260918,20260918
20260918,600079.SH,ST人福,801151.SI,化学制药,L2,20,0,0,,,,,,,st_excluded,ST stock excluded by default,20260918,20260918
20260918,600624.SH,ST复华,801151.SI,化学制药,L2,20,0,0,,,,,,,st_excluded,ST stock excluded by default,20260918,20260918
20260918,688076.SH,ST诺泰,801151.SI,化学制药,L2,20,0,0,,,,,,,st_excluded,ST stock excluded by default,20260918,20260918
20260918,688189.SH,ST南新,801151.SI,化学制药,L2,20,0,0,,,,,,,st_excluded,ST stock excluded by default,20260918,20260918
20260918,002581.SZ,*ST未名,801152.SI,生物制品,L2,20,0,0,,,,,,,st_excluded,ST stock excluded by default,20260918,20260918
20260918,920575.BJ,*ST康乐,801152.SI,生物制品,L2,20,0,0,,,,,,,st_excluded,ST stock excluded by default,20260918,20260918
20260918,002932.SZ,*ST明德,801153.SI,医疗器械,L2,20,0,0,,,,,,,st_excluded,ST stock excluded by default,20260918,20260918
20260918,300326.SZ,ST凯利,801153.SI,医疗器械,L2,20,0,0,,,,,,,st_excluded,ST stock excluded by default,20260918,20260918
20260918,300396.SZ,ST迪瑞,801153.SI,医疗器械,L2,20,0,0,,,,,,,st_excluded,ST stock excluded by default,20260918,20260918
20260918,300430.SZ,*ST益通,801153.SI,医疗器械,L2,20,0,0,,,,,,,st_excluded,ST stock excluded by default,20260918,20260918
20260918,603718.SH,*ST海利,801153.SI,医疗器械,L2,20,0,0,,,,,,,st_excluded,ST stock excluded by default,20260918,20260918
20260918,000078.SZ,ST海王,801154.SI,医药商业,L2,20,0,0,,,,,,,st_excluded,ST stock excluded by default,20260918,20260918
20260918,002082.SZ,ST万邦,801155.SI,中药Ⅱ,L2,20,0,0,,,,,,,st_excluded,ST stock excluded by default,20260918,20260918
20260918,002198.SZ,ST嘉应,801155.SI,中药Ⅱ,L2,20,0,0,,,,,,,st_excluded,ST stock excluded by default,20260918,20260918
20260918,002424.SZ,ST百灵,801155.SI,中药Ⅱ,L2,20,0,0,,,,,,,st_excluded,ST stock excluded by default,20260918,20260918
20260918,300147.SZ,*ST香雪,801155.SI,中药Ⅱ,L2,20,0,0,,,,,,,st_excluded,ST stock excluded by default,20260918,20260918
20260918,600080.SH,ST金花,801155.SI,中药Ⅱ,L2,20,0,0,,,,,,,st_excluded,ST stock excluded by default,20260918,20260918
20260918,605199.SH,ST葫芦娃,801155.SI,中药Ⅱ,L2,20,0,0,,,,,,,st_excluded,ST stock excluded by default,20260918,20260918
20260918,600568.SH,ST中珠,801156.SI,医疗服务,L2,20,0,0,,,,,,,st_excluded,ST stock excluded by default,20260918,20260918
20260918,000669.SZ,ST金鸿,801163.SI,燃气Ⅱ,L2,20,0,0,,,,,,,st_excluded,ST stock excluded by default,20260918,20260918
20260918,002485.SZ,ST雪发,801178.SI,物流,L2,20,0,0,,,,,,,st_excluded,ST stock excluded by default,20260918,20260918
20260918,600119.SH,*ST长投,801178.SI,物流,L2,20,0,0,,,,,,,st_excluded,ST stock excluded by default,20260918,20260918
20260918,600180.SH,*ST瑞茂,801178.SI,物流,L2,20,0,0,,,,,,,st_excluded,ST stock excluded by default,20260918,20260918
20260918,600753.SH,ST海钦,801178.SI,物流,L2,20,0,0,,,,,,,st_excluded,ST stock excluded by default,20260918,20260918
20260918,000609.SZ,*ST中迪,801181.SI,房地产开发,L2,20,0,0,,,,,,,st_excluded,ST stock excluded by default,20260918,20260918
20260918,000838.SZ,*ST发展,801181.SI,房地产开发,L2,20,0,0,,,,,,,st_excluded,ST stock excluded by default,20260918,20260918
20260918,000909.SZ,*ST数源,801181.SI,房地产开发,L2,20,0,0,,,,,,,st_excluded,ST stock excluded by default,20260918,20260918
20260918,002305.SZ,*ST南置,801181.SI,房地产开发,L2,20,0,0,,,,,,,st_excluded,ST stock excluded by default,20260918,20260918
20260918,600082.SH,ST海泰,801181.SI,房地产开发,L2,20,0,0,,,,,,,st_excluded,ST stock excluded by default,20260918,20260918
20260918,600239.SH,ST云城,801181.SI,房地产开发,L2,20,0,0,,,,,,,st_excluded,ST stock excluded by default,20260918,20260918
20260918,600340.SH,*ST华幸,801181.SI,房地产开发,L2,20,0,0,,,,,,,st_excluded,ST stock excluded by default,20260918,20260918
20260918,000056.SZ,*ST皇庭,801183.SI,房地产服务,L2,20,0,0,,,,,,,st_excluded,ST stock excluded by default,20260918,20260918
20260918,600136.SH,ST明诚,801183.SI,房地产服务,L2,20,0,0,,,,,,,st_excluded,ST stock excluded by default,20260918,20260918
20260918,600053.SH,*ST九鼎,801191.SI,多元金融,L2,20,0,0,,,,,,,st_excluded,ST stock excluded by default,20260918,20260918
20260918,601010.SH,ST文峰,801203.SI,一般零售,L2,20,0,0,,,,,,,st_excluded,ST stock excluded by default,20260918,20260918
20260918,002024.SZ,ST易购,801206.SI,互联网电商,L2,20,0,0,,,,,,,st_excluded,ST stock excluded by default,20260918,20260918
20260918,600365.SH,ST通葡,801206.SI,互联网电商,L2,20,0,0,,,,,,,st_excluded,ST stock excluded by default,20260918,20260918
20260918,002306.SZ,ST云网,801219.SI,酒店餐饮,L2,20,0,0,,,,,,,st_excluded,ST stock excluded by default,20260918,20260918
20260918,300081.SZ,ST恒信,801223.SI,通信服务,L2,20,0,0,,,,,,,st_excluded,ST stock excluded by default,20260918,20260918
20260918,300211.SZ,*ST亿通,801223.SI,通信服务,L2,20,0,0,,,,,,,st_excluded,ST stock excluded by default,20260918,20260918
20260918,301139.SZ,*ST元道,801223.SI,通信服务,L2,20,0,0,,,,,,,st_excluded,ST stock excluded by default,20260918,20260918
20260918,600289.SH,ST信通,801223.SI,通信服务,L2,20,0,0,,,,,,,st_excluded,ST stock excluded by default,20260918,20260918
20260918,000632.SZ,ST三木,801231.SI,综合Ⅱ,L2,20,0,0,,,,,,,st_excluded,ST stock excluded by default,20260918,20260918
20260918,600678.SH,ST金顶,801711.SI,水泥,L2,20,0,0,,,,,,,st_excluded,ST stock excluded by default,20260918,20260918
20260918,002694.SZ,*ST顾地,801713.SI,装修建材,L2,20,0,0,,,,,,,st_excluded,ST stock excluded by default,20260918,20260918
20260918,300198.SZ,*ST纳川,801713.SI,装修建材,L2,20,0,0,,,,,,,st_excluded,ST stock excluded by default,20260918,20260918
20260918,603378.SH,*ST亚士,801713.SI,装修建材,L2,20,0,0,,,,,,,st_excluded,ST stock excluded by default,20260918,20260918
20260918,600491.SH,ST龙元,801721.SI,房屋建设Ⅱ,L2,20,0,0,,,,,,,st_excluded,ST stock excluded by default,20260918,20260918
20260918,002620.SZ,*ST瑞和,801722.SI,装修装饰Ⅱ,L2,20,0,0,,,,,,,st_excluded,ST stock excluded by default,20260918,20260918
20260918,002789.SZ,*ST建艺,801722.SI,装修装饰Ⅱ,L2,20,0,0,,,,,,,st_excluded,ST stock excluded by default,20260918,20260918
20260918,002822.SZ,ST中装,801722.SI,装修装饰Ⅱ,L2,20,0,0,,,,,,,st_excluded,ST stock excluded by default,20260918,20260918
20260918,002856.SZ,*ST美芝,801722.SI,装修装饰Ⅱ,L2,20,0,0,,,,,,,st_excluded,ST stock excluded by default,20260918,20260918
20260918,603828.SH,*ST利达,801722.SI,装修装饰Ⅱ,L2,20,0,0,,,,,,,st_excluded,ST stock excluded by default,20260918,20260918
20260918,000010.SZ,*ST美丽,801723.SI,基础建设,L2,20,0,0,,,,,,,st_excluded,ST stock excluded by default,20260918,20260918
20260918,002431.SZ,ST棕榈,801723.SI,基础建设,L2,20,0,0,,,,,,,st_excluded,ST stock excluded by default,20260918,20260918
20260918,002717.SZ,*ST岭南,801723.SI,基础建设,L2,20,0,0,,,,,,,st_excluded,ST stock excluded by default,20260918,20260918
20260918,603359.SH,*ST东珠,801723.SI,基础建设,L2,20,0,0,,,,,,,st_excluded,ST stock excluded by default,20260918,20260918
20260918,603843.SH,*ST正平,801723.SI,基础建设,L2,20,0,0,,,,,,,st_excluded,ST stock excluded by default,20260918,20260918
20260918,002323.SZ,*ST雅博,801724.SI,专业工程,L2,20,0,0,,,,,,,st_excluded,ST stock excluded by default,20260918,20260918
20260918,002542.SZ,*ST中岩,801724.SI,专业工程,L2,20,0,0,,,,,,,st_excluded,ST stock excluded by default,20260918,20260918
20260918,002743.SZ,ST富煌,801724.SI,专业工程,L2,20,0,0,,,,,,,st_excluded,ST stock excluded by default,20260918,20260918
20260918,603959.SH,ST百利,801724.SI,专业工程,L2,20,0,0,,,,,,,st_excluded,ST stock excluded by default,20260918,20260918
20260918,002883.SZ,*ST中设,801726.SI,工程咨询服务Ⅱ,L2,20,0,0,,,,,,,st_excluded,ST stock excluded by default,20260918,20260918
20260918,002227.SZ,*ST特迅,801733.SI,其他电源设备Ⅱ,L2,20,0,0,,,,,,,st_excluded,ST stock excluded by default,20260918,20260918
20260918,002630.SZ,*ST华西,801733.SI,其他电源设备Ⅱ,L2,20,0,0,,,,,,,st_excluded,ST stock excluded by default,20260918,20260918
20260918,000821.SZ,ST京机,801735.SI,光伏设备,L2,20,0,0,,,,,,,st_excluded,ST stock excluded by default,20260918,20260918
20260918,300716.SZ,*ST泉为,801735.SI,光伏设备,L2,20,0,0,,,,,,,st_excluded,ST stock excluded by default,20260918,20260918
20260918,301030.SZ,*ST仕净,801735.SI,光伏设备,L2,20,0,0,,,,,,,st_excluded,ST stock excluded by default,20260918,20260918
20260918,600537.SH,*ST亿晶,801735.SI,光伏设备,L2,20,0,0,,,,,,,st_excluded,ST stock excluded by default,20260918,20260918
20260918,603398.SH,*ST沐邦,801735.SI,光伏设备,L2,20,0,0,,,,,,,st_excluded,ST stock excluded by default,20260918,20260918
20260918,002759.SZ,ST天际,801737.SI,电池,L2,20,0,0,,,,,,,st_excluded,ST stock excluded by default,20260918,20260918
20260918,300068.SZ,ST南都,801737.SI,电池,L2,20,0,0,,,,,,,st_excluded,ST stock excluded by default,20260918,20260918
20260918,300173.SZ,ST福能,801737.SI,电池,L2,20,0,0,,,,,,,st_excluded,ST stock excluded by default,20260918,20260918
20260918,300477.SZ,ST合纵,801737.SI,电池,L2,20,0,0,,,,,,,st_excluded,ST stock excluded by default,20260918,20260918
20260918,688184.SH,ST帕瓦,801737.SI,电池,L2,20,0,0,,,,,,,st_excluded,ST stock excluded by default,20260918,20260918
20260918,002168.SZ,ST惠程,801738.SI,电网设备,L2,20,0,0,,,,,,,st_excluded,ST stock excluded by default,20260918,20260918
20260918,300527.SZ,ST应急,801743.SI,地面兵装Ⅱ,L2,20,0,0,,,,,,,st_excluded,ST stock excluded by default,20260918,20260918
20260918,002977.SZ,*ST天箭,801745.SI,军工电子Ⅱ,L2,20,0,0,,,,,,,st_excluded,ST stock excluded by default,20260918,20260918
20260918,300123.SZ,ST亚光,801745.SI,军工电子Ⅱ,L2,20,0,0,,,,,,,st_excluded,ST stock excluded by default,20260918,20260918
20260918,688053.SH,ST思科瑞,801745.SI,军工电子Ⅱ,L2,20,0,0,,,,,,,st_excluded,ST stock excluded by default,20260918,20260918
20260918,603729.SH,ST龙韵,801765.SI,广告营销,L2,20,0,0,,,,,,,st_excluded,ST stock excluded by default,20260918,20260918
20260918,603825.SH,ST华扬,801765.SI,广告营销,L2,20,0,0,,,,,,,st_excluded,ST stock excluded by default,20260918,20260918
20260918,300027.SZ,ST华谊,801766.SI,影视院线,L2,20,0,0,,,,,,,st_excluded,ST stock excluded by default,20260918,20260918
20260918,300295.SZ,*ST三六,801767.SI,数字媒体,L2,20,0,0,,,,,,,st_excluded,ST stock excluded by default,20260918,20260918
20260918,000793.SZ,ST华闻,801769.SI,出版,L2,20,0,0,,,,,,,st_excluded,ST stock excluded by default,20260918,20260918
20260918,600818.SH,ST中路,801881.SI,摩托车及其他,L2,20,0,0,,,,,,,st_excluded,ST stock excluded by default,20260918,20260918
20260918,600759.SH,ST洲际,801961.SI,油气开采Ⅱ,L2,20,0,0,,,,,,,st_excluded,ST stock excluded by default,20260918,
20260918,002207.SZ,*ST准油,801962.SI,油服工程,L2,20,0,0,,,,,,,st_excluded,ST stock excluded by default,20260918,20260918
20260918,000698.SZ,ST沈化,801963.SI,炼化及贸易,L2,20,0,0,,,,,,,st_excluded,ST stock excluded by default,20260918,20260918
20260918,000826.SZ,*ST启环,801971.SI,环境治理,L2,20,0,0,,,,,,,st_excluded,ST stock excluded by default,20260918,20260918
20260918,300152.SZ,*ST动力,801971.SI,环境治理,L2,20,0,0,,,,,,,st_excluded,ST stock excluded by default,20260918,20260918
20260918,300385.SZ,ST雪浪,801971.SI,环境治理,L2,20,0,0,,,,,,,st_excluded,ST stock excluded by default,20260918,20260918
20260918,600187.SH,*ST国中,801971.SI,环境治理,L2,20,0,0,,,,,,,st_excluded,ST stock excluded by default,20260918,20260918
20260918,301030.SZ,*ST仕净,801972.SI,环保设备Ⅱ,L2,20,0,0,,,,,,,st_excluded,ST stock excluded by default,20260918,20260918
20260918,000615.SZ,*ST美谷,801983.SI,医疗美容,L2,20,0,0,,,,,,,st_excluded,ST stock excluded by default,20260918,
20260918,000610.SZ,*ST西旅,801993.SI,旅游及景区,L2,20,0,0,,,,,,,st_excluded,ST stock excluded by default,20260918,20260918
20260918,300010.SZ,ST豆神,801994.SI,教育,L2,20,0,0,,,,,,,st_excluded,ST stock excluded by default,20260918,20260918
20260918,300338.SZ,*ST开元,801994.SI,教育,L2,20,0,0,,,,,,,st_excluded,ST stock excluded by default,20260918,20260918
20260918,600730.SH,*ST高科,801994.SI,教育,L2,20,0,0,,,,,,,st_excluded,ST stock excluded by default,20260918,20260918
20260918,603377.SH,ST东时,801994.SI,教育,L2,20,0,0,,,,,,,st_excluded,ST stock excluded by default,20260918,20260918
